path,class_name,class_id
D:\Final Sem Project\KidneyStoneAI\datasets\raw\classification\ct-kidney\Normal\Normal- (124).jpg,Normal,0
D:\Final Sem Project\KidneyStoneAI\datasets\raw\classification\ct-kidney\Normal\Normal- (4473).jpg,Normal,0
D:\Final Sem Project\KidneyStoneAI\datasets\raw\classification\ct-kidney\Normal\Normal- (3685).jpg,Normal,0
D:\Final Sem Project\KidneyStoneAI\datasets\raw\classification\ct-kidney\Stone\Stone- (1128).jpg,Stone,1
D:\Final Sem Project\KidneyStoneAI\datasets\raw\classification\ct-kidney\Stone\Stone- (743).jpg,Stone,1
D:\Final Sem Project\KidneyStoneAI\datasets\raw\classification\ct-kidney\Normal\Normal- (4353).jpg,Normal,0
D:\Final Sem Project\KidneyStoneAI\datasets\raw\classification\ct-kidney\Normal\Normal- (3901).jpg,Normal,0
D:\Final Sem Project\KidneyStoneAI\datasets\raw\classification\ct-kidney\Normal\Normal- (3128).jpg,Normal,0
D:\Final Sem Project\KidneyStoneAI\datasets\raw\classification\ct-kidney\Normal\Normal- (774).jpg,Normal,0
D:\Final Sem Project\KidneyStoneAI\datasets\raw\classification\ct-kidney\Normal\Normal- (3479).jpg,Normal,0
D:\Final Sem Project\KidneyStoneAI\datasets\raw\classification\ct-kidney\Stone\Stone- (543).jpg,Stone,1
D:\Final Sem Project\KidneyStoneAI\datasets\raw\classification\ct-kidney\Normal\Normal- (835).jpg,Normal,0
D:\Final Sem Project\KidneyStoneAI\datasets\raw\classification\ct-kidney\Normal\Normal- (335).jpg,Normal,0
D:\Final Sem Project\KidneyStoneAI\datasets\raw\classification\ct-kidney\Stone\Stone- (1094).jpg,Stone,1
D:\Final Sem Project\KidneyStoneAI\datasets\raw\classification\ct-kidney\Normal\Normal- (299).jpg,Normal,0
D:\Final Sem Project\KidneyStoneAI\datasets\raw\classification\ct-kidney\Normal\Normal- (1153).jpg,Normal,0
D:\Final Sem Project\KidneyStoneAI\datasets\raw\classification\ct-kidney\Normal\Normal- (3423).jpg,Normal,0
D:\Final Sem Project\KidneyStoneAI\datasets\raw\classification\ct-kidney\Normal\Normal- (4491).jpg,Normal,0
D:\Final Sem Project\KidneyStoneAI\datasets\raw\classification\ct-kidney\Normal\Normal- (1371).jpg,Normal,0
D:\Final Sem Project\KidneyStoneAI\datasets\raw\classification\ct-kidney\Stone\Stone- (201).jpg,Stone,1
D:\Final Sem Project\KidneyStoneAI\datasets\raw\classification\ct-kidney\Stone\Stone- (426).jpg,Stone,1
D:\Final Sem Project\KidneyStoneAI\datasets\raw\classification\ct-kidney\Normal\Normal- (4674).jpg,Normal,0
D:\Final Sem Project\KidneyStoneAI\datasets\raw\classification\ct-kidney\Normal\Normal- (2044).jpg,Normal,0
D:\Final Sem Project\KidneyStoneAI\datasets\raw\classification\ct-kidney\Normal\Normal- (1538).jpg,Normal,0
D:\Final Sem Project\KidneyStoneAI\datasets\raw\classification\ct-kidney\Stone\Stone- (1098).jpg,Stone,1
D:\Final Sem Project\KidneyStoneAI\datasets\raw\classification\ct-kidney\Normal\Normal- (2091).jpg,Normal,0
D:\Final Sem Project\KidneyStoneAI\datasets\raw\classification\ct-kidney\Normal\Normal- (4604).jpg,Normal,0
D:\Final Sem Project\KidneyStoneAI\datasets\raw\classification\ct-kidney\Normal\Normal- (838).jpg,Normal,0
D:\Final Sem Project\KidneyStoneAI\datasets\raw\classification\ct-kidney\Normal\Normal- (672).jpg,Normal,0
D:\Final Sem Project\KidneyStoneAI\datasets\raw\classification\ct-kidney\Stone\Stone- (892).jpg,Stone,1
D:\Final Sem Project\KidneyStoneAI\datasets\raw\classification\ct-kidney\Normal\Normal- (3898).jpg,Normal,0
D:\Final Sem Project\KidneyStoneAI\datasets\raw\classification\ct-kidney\Normal\Normal- (2032).jpg,Normal,0
D:\Final Sem Project\KidneyStoneAI\datasets\raw\classification\ct-kidney\Normal\Normal- (4437).jpg,Normal,0
D:\Final Sem Project\KidneyStoneAI\datasets\raw\classification\ct-kidney\Normal\Normal- (3003).jpg,Normal,0
D:\Final Sem Project\KidneyStoneAI\datasets\raw\classification\ct-kidney\Normal\Normal- (3501).jpg,Normal,0
D:\Final Sem Project\KidneyStoneAI\datasets\raw\classification\ct-kidney\Normal\Normal- (199).jpg,Normal,0
D:\Final Sem Project\KidneyStoneAI\datasets\raw\classification\ct-kidney\Stone\Stone- (891).jpg,Stone,1
D:\Final Sem Project\KidneyStoneAI\datasets\raw\classification\ct-kidney\Normal\Normal- (174).jpg,Normal,0
D:\Final Sem Project\KidneyStoneAI\datasets\raw\classification\ct-kidney\Normal\Normal- (1368).jpg,Normal,0
D:\Final Sem Project\KidneyStoneAI\datasets\raw\classification\ct-kidney\Normal\Normal- (1843).jpg,Normal,0
D:\Final Sem Project\KidneyStoneAI\datasets\raw\classification\ct-kidney\Normal\Normal- (3744).jpg,Normal,0
D:\Final Sem Project\KidneyStoneAI\datasets\raw\classification\ct-kidney\Normal\Normal- (2722).jpg,Normal,0
D:\Final Sem Project\KidneyStoneAI\datasets\raw\classification\ct-kidney\Stone\Stone- (1211).jpg,Stone,1
D:\Final Sem Project\KidneyStoneAI\datasets\raw\classification\ct-kidney\Stone\Stone- (905).jpg,Stone,1
D:\Final Sem Project\KidneyStoneAI\datasets\raw\classification\ct-kidney\Normal\Normal- (1381).jpg,Normal,0
D:\Final Sem Project\KidneyStoneAI\datasets\raw\classification\ct-kidney\Normal\Normal- (2522).jpg,Normal,0
D:\Final Sem Project\KidneyStoneAI\datasets\raw\classification\ct-kidney\Stone\Stone- (451).jpg,Stone,1
D:\Final Sem Project\KidneyStoneAI\datasets\raw\classification\ct-kidney\Normal\Normal- (2435).jpg,Normal,0
D:\Final Sem Project\KidneyStoneAI\datasets\raw\classification\ct-kidney\Normal\Normal- (3364).jpg,Normal,0
D:\Final Sem Project\KidneyStoneAI\datasets\raw\classification\ct-kidney\Normal\Normal- (4827).jpg,Normal,0
D:\Final Sem Project\KidneyStoneAI\datasets\raw\classification\ct-kidney\Normal\Normal- (897).jpg,Normal,0
D:\Final Sem Project\KidneyStoneAI\datasets\raw\classification\ct-kidney\Normal\Normal- (4978).jpg,Normal,0
D:\Final Sem Project\KidneyStoneAI\datasets\raw\classification\ct-kidney\Normal\Normal- (1498).jpg,Normal,0
D:\Final Sem Project\KidneyStoneAI\datasets\raw\classification\ct-kidney\Stone\Stone- (185).jpg,Stone,1
D:\Final Sem Project\KidneyStoneAI\datasets\raw\classification\ct-kidney\Normal\Normal- (2654).jpg,Normal,0
D:\Final Sem Project\KidneyStoneAI\datasets\raw\classification\ct-kidney\Normal\Normal- (2835).jpg,Normal,0
D:\Final Sem Project\KidneyStoneAI\datasets\raw\classification\ct-kidney\Normal\Normal- (2446).jpg,Normal,0
D:\Final Sem Project\KidneyStoneAI\datasets\raw\classification\ct-kidney\Normal\Normal- (524).jpg,Normal,0
D:\Final Sem Project\KidneyStoneAI\datasets\raw\classification\ct-kidney\Normal\Normal- (4151).jpg,Normal,0
D:\Final Sem Project\KidneyStoneAI\datasets\raw\classification\ct-kidney\Normal\Normal- (2824).jpg,Normal,0
D:\Final Sem Project\KidneyStoneAI\datasets\raw\classification\ct-kidney\Stone\Stone- (1355).jpg,Stone,1
D:\Final Sem Project\KidneyStoneAI\datasets\raw\classification\ct-kidney\Normal\Normal- (46).jpg,Normal,0
D:\Final Sem Project\KidneyStoneAI\datasets\raw\classification\ct-kidney\Normal\Normal- (1460).jpg,Normal,0
D:\Final Sem Project\KidneyStoneAI\datasets\raw\classification\ct-kidney\Normal\Normal- (2287).jpg,Normal,0
D:\Final Sem Project\KidneyStoneAI\datasets\raw\classification\ct-kidney\Normal\Normal- (1266).jpg,Normal,0
D:\Final Sem Project\KidneyStoneAI\datasets\raw\classification\ct-kidney\Normal\Normal- (3532).jpg,Normal,0
D:\Final Sem Project\KidneyStoneAI\datasets\raw\classification\ct-kidney\Normal\Normal- (507).jpg,Normal,0
D:\Final Sem Project\KidneyStoneAI\datasets\raw\classification\ct-kidney\Normal\Normal- (1278).jpg,Normal,0
D:\Final Sem Project\KidneyStoneAI\datasets\raw\classification\ct-kidney\Stone\Stone- (427).jpg,Stone,1
D:\Final Sem Project\KidneyStoneAI\datasets\raw\classification\ct-kidney\Normal\Normal- (2212).jpg,Normal,0
D:\Final Sem Project\KidneyStoneAI\datasets\raw\classification\ct-kidney\Stone\Stone- (930).jpg,Stone,1
D:\Final Sem Project\KidneyStoneAI\datasets\raw\classification\ct-kidney\Normal\Normal- (2301).jpg,Normal,0
D:\Final Sem Project\KidneyStoneAI\datasets\raw\classification\ct-kidney\Normal\Normal- (2981).jpg,Normal,0
D:\Final Sem Project\KidneyStoneAI\datasets\raw\classification\ct-kidney\Normal\Normal- (290).jpg,Normal,0
D:\Final Sem Project\KidneyStoneAI\datasets\raw\classification\ct-kidney\Stone\Stone- (846).jpg,Stone,1
D:\Final Sem Project\KidneyStoneAI\datasets\raw\classification\ct-kidney\Stone\Stone- (785).jpg,Stone,1
D:\Final Sem Project\KidneyStoneAI\datasets\raw\classification\ct-kidney\Normal\Normal- (426).jpg,Normal,0
D:\Final Sem Project\KidneyStoneAI\datasets\raw\classification\ct-kidney\Stone\Stone- (287).jpg,Stone,1
D:\Final Sem Project\KidneyStoneAI\datasets\raw\classification\ct-kidney\Normal\Normal- (1290).jpg,Normal,0
D:\Final Sem Project\KidneyStoneAI\datasets\raw\classification\ct-kidney\Stone\Stone- (307).jpg,Stone,1
D:\Final Sem Project\KidneyStoneAI\datasets\raw\classification\ct-kidney\Normal\Normal- (432).jpg,Normal,0
D:\Final Sem Project\KidneyStoneAI\datasets\raw\classification\ct-kidney\Stone\Stone- (780).jpg,Stone,1
D:\Final Sem Project\KidneyStoneAI\datasets\raw\classification\ct-kidney\Stone\Stone- (717).jpg,Stone,1
D:\Final Sem Project\KidneyStoneAI\datasets\raw\classification\ct-kidney\Stone\Stone- (324).jpg,Stone,1
D:\Final Sem Project\KidneyStoneAI\datasets\raw\classification\ct-kidney\Normal\Normal- (1774).jpg,Normal,0
D:\Final Sem Project\KidneyStoneAI\datasets\raw\classification\ct-kidney\Normal\Normal- (2929).jpg,Normal,0
D:\Final Sem Project\KidneyStoneAI\datasets\raw\classification\ct-kidney\Stone\Stone- (406).jpg,Stone,1
D:\Final Sem Project\KidneyStoneAI\datasets\raw\classification\ct-kidney\Normal\Normal- (2006).jpg,Normal,0
D:\Final Sem Project\KidneyStoneAI\datasets\raw\classification\ct-kidney\Normal\Normal- (2471).jpg,Normal,0
D:\Final Sem Project\KidneyStoneAI\datasets\raw\classification\ct-kidney\Normal\Normal- (4304).jpg,Normal,0
D:\Final Sem Project\KidneyStoneAI\datasets\raw\classification\ct-kidney\Normal\Normal- (4330).jpg,Normal,0
D:\Final Sem Project\KidneyStoneAI\datasets\raw\classification\ct-kidney\Normal\Normal- (1570).jpg,Normal,0
D:\Final Sem Project\KidneyStoneAI\datasets\raw\classification\ct-kidney\Stone\Stone- (514).jpg,Stone,1
D:\Final Sem Project\KidneyStoneAI\datasets\raw\classification\ct-kidney\Normal\Normal- (4185).jpg,Normal,0
D:\Final Sem Project\KidneyStoneAI\datasets\raw\classification\ct-kidney\Normal\Normal- (4584).jpg,Normal,0
D:\Final Sem Project\KidneyStoneAI\datasets\raw\classification\ct-kidney\Stone\Stone- (288).jpg,Stone,1
D:\Final Sem Project\KidneyStoneAI\datasets\raw\classification\ct-kidney\Normal\Normal- (1365).jpg,Normal,0
D:\Final Sem Project\KidneyStoneAI\datasets\raw\classification\ct-kidney\Normal\Normal- (394).jpg,Normal,0
D:\Final Sem Project\KidneyStoneAI\datasets\raw\classification\ct-kidney\Stone\Stone- (1181).jpg,Stone,1
D:\Final Sem Project\KidneyStoneAI\datasets\raw\classification\ct-kidney\Stone\Stone- (1002).jpg,Stone,1
D:\Final Sem Project\KidneyStoneAI\datasets\raw\classification\ct-kidney\Normal\Normal- (804).jpg,Normal,0
D:\Final Sem Project\KidneyStoneAI\datasets\raw\classification\ct-kidney\Normal\Normal- (433).jpg,Normal,0
D:\Final Sem Project\KidneyStoneAI\datasets\raw\classification\ct-kidney\Normal\Normal- (1499).jpg,Normal,0
D:\Final Sem Project\KidneyStoneAI\datasets\raw\classification\ct-kidney\Normal\Normal- (2031).jpg,Normal,0
D:\Final Sem Project\KidneyStoneAI\datasets\raw\classification\ct-kidney\Stone\Stone- (1048).jpg,Stone,1
D:\Final Sem Project\KidneyStoneAI\datasets\raw\classification\ct-kidney\Normal\Normal- (4879).jpg,Normal,0
D:\Final Sem Project\KidneyStoneAI\datasets\raw\classification\ct-kidney\Normal\Normal- (2545).jpg,Normal,0
D:\Final Sem Project\KidneyStoneAI\datasets\raw\classification\ct-kidney\Normal\Normal- (2312).jpg,Normal,0
D:\Final Sem Project\KidneyStoneAI\datasets\raw\classification\ct-kidney\Normal\Normal- (2999).jpg,Normal,0
D:\Final Sem Project\KidneyStoneAI\datasets\raw\classification\ct-kidney\Normal\Normal- (1303).jpg,Normal,0
D:\Final Sem Project\KidneyStoneAI\datasets\raw\classification\ct-kidney\Normal\Normal- (4031).jpg,Normal,0
D:\Final Sem Project\KidneyStoneAI\datasets\raw\classification\ct-kidney\Normal\Normal- (310).jpg,Normal,0
D:\Final Sem Project\KidneyStoneAI\datasets\raw\classification\ct-kidney\Normal\Normal- (2987).jpg,Normal,0
D:\Final Sem Project\KidneyStoneAI\datasets\raw\classification\ct-kidney\Normal\Normal- (2533).jpg,Normal,0
D:\Final Sem Project\KidneyStoneAI\datasets\raw\classification\ct-kidney\Normal\Normal- (2692).jpg,Normal,0
D:\Final Sem Project\KidneyStoneAI\datasets\raw\classification\ct-kidney\Normal\Normal- (3848).jpg,Normal,0
D:\Final Sem Project\KidneyStoneAI\datasets\raw\classification\ct-kidney\Normal\Normal- (369).jpg,Normal,0
D:\Final Sem Project\KidneyStoneAI\datasets\raw\classification\ct-kidney\Normal\Normal- (681).jpg,Normal,0
D:\Final Sem Project\KidneyStoneAI\datasets\raw\classification\ct-kidney\Stone\Stone- (437).jpg,Stone,1
D:\Final Sem Project\KidneyStoneAI\datasets\raw\classification\ct-kidney\Stone\Stone- (1044).jpg,Stone,1
D:\Final Sem Project\KidneyStoneAI\datasets\raw\classification\ct-kidney\Normal\Normal- (123).jpg,Normal,0
D:\Final Sem Project\KidneyStoneAI\datasets\raw\classification\ct-kidney\Normal\Normal- (3689).jpg,Normal,0
D:\Final Sem Project\KidneyStoneAI\datasets\raw\classification\ct-kidney\Normal\Normal- (2509).jpg,Normal,0
D:\Final Sem Project\KidneyStoneAI\datasets\raw\classification\ct-kidney\Normal\Normal- (2979).jpg,Normal,0
D:\Final Sem Project\KidneyStoneAI\datasets\raw\classification\ct-kidney\Normal\Normal- (4541).jpg,Normal,0
D:\Final Sem Project\KidneyStoneAI\datasets\raw\classification\ct-kidney\Normal\Normal- (3407).jpg,Normal,0
D:\Final Sem Project\KidneyStoneAI\datasets\raw\classification\ct-kidney\Normal\Normal- (3792).jpg,Normal,0
D:\Final Sem Project\KidneyStoneAI\datasets\raw\classification\ct-kidney\Normal\Normal- (4993).jpg,Normal,0
D:\Final Sem Project\KidneyStoneAI\datasets\raw\classification\ct-kidney\Stone\Stone- (1215).jpg,Stone,1
D:\Final Sem Project\KidneyStoneAI\datasets\raw\classification\ct-kidney\Normal\Normal- (79).jpg,Normal,0
D:\Final Sem Project\KidneyStoneAI\datasets\raw\classification\ct-kidney\Stone\Stone- (205).jpg,Stone,1
D:\Final Sem Project\KidneyStoneAI\datasets\raw\classification\ct-kidney\Normal\Normal- (235).jpg,Normal,0
D:\Final Sem Project\KidneyStoneAI\datasets\raw\classification\ct-kidney\Normal\Normal- (1121).jpg,Normal,0
D:\Final Sem Project\KidneyStoneAI\datasets\raw\classification\ct-kidney\Normal\Normal- (317).jpg,Normal,0
D:\Final Sem Project\KidneyStoneAI\datasets\raw\classification\ct-kidney\Normal\Normal- (624).jpg,Normal,0
D:\Final Sem Project\KidneyStoneAI\datasets\raw\classification\ct-kidney\Normal\Normal- (516).jpg,Normal,0
D:\Final Sem Project\KidneyStoneAI\datasets\raw\classification\ct-kidney\Normal\Normal- (4747).jpg,Normal,0
D:\Final Sem Project\KidneyStoneAI\datasets\raw\classification\ct-kidney\Normal\Normal- (3441).jpg,Normal,0
D:\Final Sem Project\KidneyStoneAI\datasets\raw\classification\ct-kidney\Normal\Normal- (465).jpg,Normal,0
D:\Final Sem Project\KidneyStoneAI\datasets\raw\classification\ct-kidney\Normal\Normal- (1088).jpg,Normal,0
D:\Final Sem Project\KidneyStoneAI\datasets\raw\classification\ct-kidney\Normal\Normal- (2886).jpg,Normal,0
D:\Final Sem Project\KidneyStoneAI\datasets\raw\classification\ct-kidney\Normal\Normal- (2210).jpg,Normal,0
D:\Final Sem Project\KidneyStoneAI\datasets\raw\classification\ct-kidney\Normal\Normal- (4140).jpg,Normal,0
D:\Final Sem Project\KidneyStoneAI\datasets\raw\classification\ct-kidney\Normal\Normal- (2709).jpg,Normal,0
D:\Final Sem Project\KidneyStoneAI\datasets\raw\classification\ct-kidney\Normal\Normal- (2685).jpg,Normal,0
D:\Final Sem Project\KidneyStoneAI\datasets\raw\classification\ct-kidney\Stone\Stone- (641).jpg,Stone,1
D:\Final Sem Project\KidneyStoneAI\datasets\raw\classification\ct-kidney\Normal\Normal- (3795).jpg,Normal,0
D:\Final Sem Project\KidneyStoneAI\datasets\raw\classification\ct-kidney\Normal\Normal- (4700).jpg,Normal,0
D:\Final Sem Project\KidneyStoneAI\datasets\raw\classification\ct-kidney\Normal\Normal- (4055).jpg,Normal,0
D:\Final Sem Project\KidneyStoneAI\datasets\raw\classification\ct-kidney\Normal\Normal- (4446).jpg,Normal,0
D:\Final Sem Project\KidneyStoneAI\datasets\raw\classification\ct-kidney\Normal\Normal- (2776).jpg,Normal,0
D:\Final Sem Project\KidneyStoneAI\datasets\raw\classification\ct-kidney\Normal\Normal- (3828).jpg,Normal,0
D:\Final Sem Project\KidneyStoneAI\datasets\raw\classification\ct-kidney\Normal\Normal- (4127).jpg,Normal,0
D:\Final Sem Project\KidneyStoneAI\datasets\raw\classification\ct-kidney\Stone\Stone- (570).jpg,Stone,1
D:\Final Sem Project\KidneyStoneAI\datasets\raw\classification\ct-kidney\Stone\Stone- (1114).jpg,Stone,1
D:\Final Sem Project\KidneyStoneAI\datasets\raw\classification\ct-kidney\Normal\Normal- (1835).jpg,Normal,0
D:\Final Sem Project\KidneyStoneAI\datasets\raw\classification\ct-kidney\Normal\Normal- (3065).jpg,Normal,0
D:\Final Sem Project\KidneyStoneAI\datasets\raw\classification\ct-kidney\Stone\Stone- (1214).jpg,Stone,1
D:\Final Sem Project\KidneyStoneAI\datasets\raw\classification\ct-kidney\Normal\Normal- (4540).jpg,Normal,0
D:\Final Sem Project\KidneyStoneAI\datasets\raw\classification\ct-kidney\Stone\Stone- (1365).jpg,Stone,1
D:\Final Sem Project\KidneyStoneAI\datasets\raw\classification\ct-kidney\Normal\Normal- (1038).jpg,Normal,0
D:\Final Sem Project\KidneyStoneAI\datasets\raw\classification\ct-kidney\Normal\Normal- (1450).jpg,Normal,0
D:\Final Sem Project\KidneyStoneAI\datasets\raw\classification\ct-kidney\Normal\Normal- (3266).jpg,Normal,0
D:\Final Sem Project\KidneyStoneAI\datasets\raw\classification\ct-kidney\Stone\Stone- (975).jpg,Stone,1
D:\Final Sem Project\KidneyStoneAI\datasets\raw\classification\ct-kidney\Stone\Stone- (1317).jpg,Stone,1
D:\Final Sem Project\KidneyStoneAI\datasets\raw\classification\ct-kidney\Normal\Normal- (1378).jpg,Normal,0
D:\Final Sem Project\KidneyStoneAI\datasets\raw\classification\ct-kidney\Normal\Normal- (3642).jpg,Normal,0
D:\Final Sem Project\KidneyStoneAI\datasets\raw\classification\ct-kidney\Normal\Normal- (17).jpg,Normal,0
D:\Final Sem Project\KidneyStoneAI\datasets\raw\classification\ct-kidney\Normal\Normal- (2627).jpg,Normal,0
D:\Final Sem Project\KidneyStoneAI\datasets\raw\classification\ct-kidney\Normal\Normal- (3641).jpg,Normal,0
D:\Final Sem Project\KidneyStoneAI\datasets\raw\classification\ct-kidney\Normal\Normal- (5056).jpg,Normal,0
D:\Final Sem Project\KidneyStoneAI\datasets\raw\classification\ct-kidney\Normal\Normal- (1003).jpg,Normal,0
D:\Final Sem Project\KidneyStoneAI\datasets\raw\classification\ct-kidney\Stone\Stone- (1097).jpg,Stone,1
D:\Final Sem Project\KidneyStoneAI\datasets\raw\classification\ct-kidney\Normal\Normal- (916).jpg,Normal,0
D:\Final Sem Project\KidneyStoneAI\datasets\raw\classification\ct-kidney\Normal\Normal- (2186).jpg,Normal,0
D:\Final Sem Project\KidneyStoneAI\datasets\raw\classification\ct-kidney\Stone\Stone- (917).jpg,Stone,1
D:\Final Sem Project\KidneyStoneAI\datasets\raw\classification\ct-kidney\Normal\Normal- (77).jpg,Normal,0
D:\Final Sem Project\KidneyStoneAI\datasets\raw\classification\ct-kidney\Normal\Normal- (3687).jpg,Normal,0
D:\Final Sem Project\KidneyStoneAI\datasets\raw\classification\ct-kidney\Normal\Normal- (3564).jpg,Normal,0
D:\Final Sem Project\KidneyStoneAI\datasets\raw\classification\ct-kidney\Normal\Normal- (1056).jpg,Normal,0
D:\Final Sem Project\KidneyStoneAI\datasets\raw\classification\ct-kidney\Stone\Stone- (974).jpg,Stone,1
D:\Final Sem Project\KidneyStoneAI\datasets\raw\classification\ct-kidney\Normal\Normal- (1546).jpg,Normal,0
D:\Final Sem Project\KidneyStoneAI\datasets\raw\classification\ct-kidney\Stone\Stone- (1329).jpg,Stone,1
D:\Final Sem Project\KidneyStoneAI\datasets\raw\classification\ct-kidney\Stone\Stone- (1358).jpg,Stone,1
D:\Final Sem Project\KidneyStoneAI\datasets\raw\classification\ct-kidney\Normal\Normal- (4114).jpg,Normal,0
D:\Final Sem Project\KidneyStoneAI\datasets\raw\classification\ct-kidney\Normal\Normal- (3102).jpg,Normal,0
D:\Final Sem Project\KidneyStoneAI\datasets\raw\classification\ct-kidney\Normal\Normal- (671).jpg,Normal,0
D:\Final Sem Project\KidneyStoneAI\datasets\raw\classification\ct-kidney\Normal\Normal- (1023).jpg,Normal,0
D:\Final Sem Project\KidneyStoneAI\datasets\raw\classification\ct-kidney\Normal\Normal- (711).jpg,Normal,0
D:\Final Sem Project\KidneyStoneAI\datasets\raw\classification\ct-kidney\Normal\Normal- (2823).jpg,Normal,0
D:\Final Sem Project\KidneyStoneAI\datasets\raw\classification\ct-kidney\Normal\Normal- (1047).jpg,Normal,0
D:\Final Sem Project\KidneyStoneAI\datasets\raw\classification\ct-kidney\Normal\Normal- (3973).jpg,Normal,0
D:\Final Sem Project\KidneyStoneAI\datasets\raw\classification\ct-kidney\Stone\Stone- (1132).jpg,Stone,1
D:\Final Sem Project\KidneyStoneAI\datasets\raw\classification\ct-kidney\Stone\Stone- (1158).jpg,Stone,1
D:\Final Sem Project\KidneyStoneAI\datasets\raw\classification\ct-kidney\Normal\Normal- (3667).jpg,Normal,0
D:\Final Sem Project\KidneyStoneAI\datasets\raw\classification\ct-kidney\Normal\Normal- (3047).jpg,Normal,0
D:\Final Sem Project\KidneyStoneAI\datasets\raw\classification\ct-kidney\Normal\Normal- (2973).jpg,Normal,0
D:\Final Sem Project\KidneyStoneAI\datasets\raw\classification\ct-kidney\Normal\Normal- (813).jpg,Normal,0
D:\Final Sem Project\KidneyStoneAI\datasets\raw\classification\ct-kidney\Normal\Normal- (1414).jpg,Normal,0
D:\Final Sem Project\KidneyStoneAI\datasets\raw\classification\ct-kidney\Normal\Normal- (2687).jpg,Normal,0
D:\Final Sem Project\KidneyStoneAI\datasets\raw\classification\ct-kidney\Normal\Normal- (5007).jpg,Normal,0
D:\Final Sem Project\KidneyStoneAI\datasets\raw\classification\ct-kidney\Normal\Normal- (1043).jpg,Normal,0
D:\Final Sem Project\KidneyStoneAI\datasets\raw\classification\ct-kidney\Stone\Stone- (628).jpg,Stone,1
D:\Final Sem Project\KidneyStoneAI\datasets\raw\classification\ct-kidney\Stone\Stone- (879).jpg,Stone,1
D:\Final Sem Project\KidneyStoneAI\datasets\raw\classification\ct-kidney\Normal\Normal- (2338).jpg,Normal,0
D:\Final Sem Project\KidneyStoneAI\datasets\raw\classification\ct-kidney\Stone\Stone- (943).jpg,Stone,1
D:\Final Sem Project\KidneyStoneAI\datasets\raw\classification\ct-kidney\Stone\Stone- (442).jpg,Stone,1
D:\Final Sem Project\KidneyStoneAI\datasets\raw\classification\ct-kidney\Normal\Normal- (2269).jpg,Normal,0
D:\Final Sem Project\KidneyStoneAI\datasets\raw\classification\ct-kidney\Stone\Stone- (417).jpg,Stone,1
D:\Final Sem Project\KidneyStoneAI\datasets\raw\classification\ct-kidney\Normal\Normal- (2905).jpg,Normal,0
D:\Final Sem Project\KidneyStoneAI\datasets\raw\classification\ct-kidney\Normal\Normal- (2003).jpg,Normal,0
D:\Final Sem Project\KidneyStoneAI\datasets\raw\classification\ct-kidney\Normal\Normal- (2292).jpg,Normal,0
D:\Final Sem Project\KidneyStoneAI\datasets\raw\classification\ct-kidney\Normal\Normal- (4629).jpg,Normal,0
D:\Final Sem Project\KidneyStoneAI\datasets\raw\classification\ct-kidney\Stone\Stone- (814).jpg,Stone,1
D:\Final Sem Project\KidneyStoneAI\datasets\raw\classification\ct-kidney\Normal\Normal- (4995).jpg,Normal,0
D:\Final Sem Project\KidneyStoneAI\datasets\raw\classification\ct-kidney\Normal\Normal- (3782).jpg,Normal,0
D:\Final Sem Project\KidneyStoneAI\datasets\raw\classification\ct-kidney\Normal\Normal- (539).jpg,Normal,0
D:\Final Sem Project\KidneyStoneAI\datasets\raw\classification\ct-kidney\Normal\Normal- (3077).jpg,Normal,0
D:\Final Sem Project\KidneyStoneAI\datasets\raw\classification\ct-kidney\Normal\Normal- (4690).jpg,Normal,0
D:\Final Sem Project\KidneyStoneAI\datasets\raw\classification\ct-kidney\Normal\Normal- (691).jpg,Normal,0
D:\Final Sem Project\KidneyStoneAI\datasets\raw\classification\ct-kidney\Normal\Normal- (892).jpg,Normal,0
D:\Final Sem Project\KidneyStoneAI\datasets\raw\classification\ct-kidney\Normal\Normal- (4748).jpg,Normal,0
D:\Final Sem Project\KidneyStoneAI\datasets\raw\classification\ct-kidney\Normal\Normal- (3670).jpg,Normal,0
D:\Final Sem Project\KidneyStoneAI\datasets\raw\classification\ct-kidney\Normal\Normal- (213).jpg,Normal,0
D:\Final Sem Project\KidneyStoneAI\datasets\raw\classification\ct-kidney\Normal\Normal- (2349).jpg,Normal,0
D:\Final Sem Project\KidneyStoneAI\datasets\raw\classification\ct-kidney\Normal\Normal- (1828).jpg,Normal,0
D:\Final Sem Project\KidneyStoneAI\datasets\raw\classification\ct-kidney\Stone\Stone- (751).jpg,Stone,1
D:\Final Sem Project\KidneyStoneAI\datasets\raw\classification\ct-kidney\Normal\Normal- (1065).jpg,Normal,0
D:\Final Sem Project\KidneyStoneAI\datasets\raw\classification\ct-kidney\Stone\Stone- (122).jpg,Stone,1
D:\Final Sem Project\KidneyStoneAI\datasets\raw\classification\ct-kidney\Stone\Stone- (1220).jpg,Stone,1
D:\Final Sem Project\KidneyStoneAI\datasets\raw\classification\ct-kidney\Stone\Stone- (535).jpg,Stone,1
D:\Final Sem Project\KidneyStoneAI\datasets\raw\classification\ct-kidney\Normal\Normal- (4636).jpg,Normal,0
D:\Final Sem Project\KidneyStoneAI\datasets\raw\classification\ct-kidney\Normal\Normal- (5034).jpg,Normal,0
D:\Final Sem Project\KidneyStoneAI\datasets\raw\classification\ct-kidney\Normal\Normal- (4099).jpg,Normal,0
D:\Final Sem Project\KidneyStoneAI\datasets\raw\classification\ct-kidney\Normal\Normal- (1022).jpg,Normal,0
D:\Final Sem Project\KidneyStoneAI\datasets\raw\classification\ct-kidney\Normal\Normal- (2680).jpg,Normal,0
D:\Final Sem Project\KidneyStoneAI\datasets\raw\classification\ct-kidney\Stone\Stone- (20).jpg,Stone,1
D:\Final Sem Project\KidneyStoneAI\datasets\raw\classification\ct-kidney\Normal\Normal- (2759).jpg,Normal,0
D:\Final Sem Project\KidneyStoneAI\datasets\raw\classification\ct-kidney\Normal\Normal- (522).jpg,Normal,0
D:\Final Sem Project\KidneyStoneAI\datasets\raw\classification\ct-kidney\Normal\Normal- (4328).jpg,Normal,0
D:\Final Sem Project\KidneyStoneAI\datasets\raw\classification\ct-kidney\Normal\Normal- (4366).jpg,Normal,0
D:\Final Sem Project\KidneyStoneAI\datasets\raw\classification\ct-kidney\Normal\Normal- (1478).jpg,Normal,0
D:\Final Sem Project\KidneyStoneAI\datasets\raw\classification\ct-kidney\Normal\Normal- (657).jpg,Normal,0
D:\Final Sem Project\KidneyStoneAI\datasets\raw\classification\ct-kidney\Stone\Stone- (697).jpg,Stone,1
D:\Final Sem Project\KidneyStoneAI\datasets\raw\classification\ct-kidney\Normal\Normal- (2266).jpg,Normal,0
D:\Final Sem Project\KidneyStoneAI\datasets\raw\classification\ct-kidney\Stone\Stone- (281).jpg,Stone,1
D:\Final Sem Project\KidneyStoneAI\datasets\raw\classification\ct-kidney\Normal\Normal- (3962).jpg,Normal,0
D:\Final Sem Project\KidneyStoneAI\datasets\raw\classification\ct-kidney\Stone\Stone- (178).jpg,Stone,1
D:\Final Sem Project\KidneyStoneAI\datasets\raw\classification\ct-kidney\Stone\Stone- (387).jpg,Stone,1
D:\Final Sem Project\KidneyStoneAI\datasets\raw\classification\ct-kidney\Normal\Normal- (2779).jpg,Normal,0
D:\Final Sem Project\KidneyStoneAI\datasets\raw\classification\ct-kidney\Normal\Normal- (629).jpg,Normal,0
D:\Final Sem Project\KidneyStoneAI\datasets\raw\classification\ct-kidney\Normal\Normal- (429).jpg,Normal,0
D:\Final Sem Project\KidneyStoneAI\datasets\raw\classification\ct-kidney\Normal\Normal- (322).jpg,Normal,0
D:\Final Sem Project\KidneyStoneAI\datasets\raw\classification\ct-kidney\Normal\Normal- (3355).jpg,Normal,0
D:\Final Sem Project\KidneyStoneAI\datasets\raw\classification\ct-kidney\Normal\Normal- (1771).jpg,Normal,0
D:\Final Sem Project\KidneyStoneAI\datasets\raw\classification\ct-kidney\Stone\Stone- (726).jpg,Stone,1
D:\Final Sem Project\KidneyStoneAI\datasets\raw\classification\ct-kidney\Normal\Normal- (2257).jpg,Normal,0
D:\Final Sem Project\KidneyStoneAI\datasets\raw\classification\ct-kidney\Normal\Normal- (2587).jpg,Normal,0
D:\Final Sem Project\KidneyStoneAI\datasets\raw\classification\ct-kidney\Normal\Normal- (5037).jpg,Normal,0
D:\Final Sem Project\KidneyStoneAI\datasets\raw\classification\ct-kidney\Normal\Normal- (4461).jpg,Normal,0
D:\Final Sem Project\KidneyStoneAI\datasets\raw\classification\ct-kidney\Stone\Stone- (164).jpg,Stone,1
D:\Final Sem Project\KidneyStoneAI\datasets\raw\classification\ct-kidney\Normal\Normal- (566).jpg,Normal,0
D:\Final Sem Project\KidneyStoneAI\datasets\raw\classification\ct-kidney\Normal\Normal- (3815).jpg,Normal,0
D:\Final Sem Project\KidneyStoneAI\datasets\raw\classification\ct-kidney\Stone\Stone- (549).jpg,Stone,1
D:\Final Sem Project\KidneyStoneAI\datasets\raw\classification\ct-kidney\Normal\Normal- (1923).jpg,Normal,0
D:\Final Sem Project\KidneyStoneAI\datasets\raw\classification\ct-kidney\Stone\Stone- (1110).jpg,Stone,1
D:\Final Sem Project\KidneyStoneAI\datasets\raw\classification\ct-kidney\Stone\Stone- (805).jpg,Stone,1
D:\Final Sem Project\KidneyStoneAI\datasets\raw\classification\ct-kidney\Stone\Stone- (349).jpg,Stone,1
D:\Final Sem Project\KidneyStoneAI\datasets\raw\classification\ct-kidney\Normal\Normal- (1953).jpg,Normal,0
D:\Final Sem Project\KidneyStoneAI\datasets\raw\classification\ct-kidney\Stone\Stone- (278).jpg,Stone,1
D:\Final Sem Project\KidneyStoneAI\datasets\raw\classification\ct-kidney\Stone\Stone- (553).jpg,Stone,1
D:\Final Sem Project\KidneyStoneAI\datasets\raw\classification\ct-kidney\Normal\Normal- (3605).jpg,Normal,0
D:\Final Sem Project\KidneyStoneAI\datasets\raw\classification\ct-kidney\Stone\Stone- (71).jpg,Stone,1
D:\Final Sem Project\KidneyStoneAI\datasets\raw\classification\ct-kidney\Stone\Stone- (345).jpg,Stone,1
D:\Final Sem Project\KidneyStoneAI\datasets\raw\classification\ct-kidney\Normal\Normal- (3938).jpg,Normal,0
D:\Final Sem Project\KidneyStoneAI\datasets\raw\classification\ct-kidney\Normal\Normal- (1405).jpg,Normal,0
D:\Final Sem Project\KidneyStoneAI\datasets\raw\classification\ct-kidney\Normal\Normal- (2770).jpg,Normal,0
D:\Final Sem Project\KidneyStoneAI\datasets\raw\classification\ct-kidney\Normal\Normal- (137).jpg,Normal,0
D:\Final Sem Project\KidneyStoneAI\datasets\raw\classification\ct-kidney\Normal\Normal- (2165).jpg,Normal,0
D:\Final Sem Project\KidneyStoneAI\datasets\raw\classification\ct-kidney\Normal\Normal- (3397).jpg,Normal,0
D:\Final Sem Project\KidneyStoneAI\datasets\raw\classification\ct-kidney\Normal\Normal- (2226).jpg,Normal,0
D:\Final Sem Project\KidneyStoneAI\datasets\raw\classification\ct-kidney\Normal\Normal- (4427).jpg,Normal,0
D:\Final Sem Project\KidneyStoneAI\datasets\raw\classification\ct-kidney\Stone\Stone- (336).jpg,Stone,1
D:\Final Sem Project\KidneyStoneAI\datasets\raw\classification\ct-kidney\Normal\Normal- (3985).jpg,Normal,0
D:\Final Sem Project\KidneyStoneAI\datasets\raw\classification\ct-kidney\Stone\Stone- (579).jpg,Stone,1
D:\Final Sem Project\KidneyStoneAI\datasets\raw\classification\ct-kidney\Normal\Normal- (2763).jpg,Normal,0
D:\Final Sem Project\KidneyStoneAI\datasets\raw\classification\ct-kidney\Normal\Normal- (3104).jpg,Normal,0
D:\Final Sem Project\KidneyStoneAI\datasets\raw\classification\ct-kidney\Normal\Normal- (4626).jpg,Normal,0
D:\Final Sem Project\KidneyStoneAI\datasets\raw\classification\ct-kidney\Normal\Normal- (3499).jpg,Normal,0
D:\Final Sem Project\KidneyStoneAI\datasets\raw\classification\ct-kidney\Normal\Normal- (2139).jpg,Normal,0
D:\Final Sem Project\KidneyStoneAI\datasets\raw\classification\ct-kidney\Normal\Normal- (3268).jpg,Normal,0
D:\Final Sem Project\KidneyStoneAI\datasets\raw\classification\ct-kidney\Normal\Normal- (2335).jpg,Normal,0
D:\Final Sem Project\KidneyStoneAI\datasets\raw\classification\ct-kidney\Stone\Stone- (292).jpg,Stone,1
D:\Final Sem Project\KidneyStoneAI\datasets\raw\classification\ct-kidney\Normal\Normal- (4252).jpg,Normal,0
D:\Final Sem Project\KidneyStoneAI\datasets\raw\classification\ct-kidney\Normal\Normal- (1415).jpg,Normal,0
D:\Final Sem Project\KidneyStoneAI\datasets\raw\classification\ct-kidney\Normal\Normal- (638).jpg,Normal,0
D:\Final Sem Project\KidneyStoneAI\datasets\raw\classification\ct-kidney\Normal\Normal- (1178).jpg,Normal,0
D:\Final Sem Project\KidneyStoneAI\datasets\raw\classification\ct-kidney\Normal\Normal- (1642).jpg,Normal,0
D:\Final Sem Project\KidneyStoneAI\datasets\raw\classification\ct-kidney\Normal\Normal- (154).jpg,Normal,0
D:\Final Sem Project\KidneyStoneAI\datasets\raw\classification\ct-kidney\Normal\Normal- (42).jpg,Normal,0
D:\Final Sem Project\KidneyStoneAI\datasets\raw\classification\ct-kidney\Normal\Normal- (3154).jpg,Normal,0
D:\Final Sem Project\KidneyStoneAI\datasets\raw\classification\ct-kidney\Stone\Stone- (745).jpg,Stone,1
D:\Final Sem Project\KidneyStoneAI\datasets\raw\classification\ct-kidney\Normal\Normal- (2927).jpg,Normal,0
D:\Final Sem Project\KidneyStoneAI\datasets\raw\classification\ct-kidney\Normal\Normal- (4272).jpg,Normal,0
D:\Final Sem Project\KidneyStoneAI\datasets\raw\classification\ct-kidney\Stone\Stone- (388).jpg,Stone,1
D:\Final Sem Project\KidneyStoneAI\datasets\raw\classification\ct-kidney\Normal\Normal- (734).jpg,Normal,0
D:\Final Sem Project\KidneyStoneAI\datasets\raw\classification\ct-kidney\Normal\Normal- (252).jpg,Normal,0
D:\Final Sem Project\KidneyStoneAI\datasets\raw\classification\ct-kidney\Stone\Stone- (36).jpg,Stone,1
D:\Final Sem Project\KidneyStoneAI\datasets\raw\classification\ct-kidney\Normal\Normal- (4352).jpg,Normal,0
D:\Final Sem Project\KidneyStoneAI\datasets\raw\classification\ct-kidney\Stone\Stone- (1207).jpg,Stone,1
D:\Final Sem Project\KidneyStoneAI\datasets\raw\classification\ct-kidney\Normal\Normal- (4034).jpg,Normal,0
D:\Final Sem Project\KidneyStoneAI\datasets\raw\classification\ct-kidney\Stone\Stone- (524).jpg,Stone,1
D:\Final Sem Project\KidneyStoneAI\datasets\raw\classification\ct-kidney\Normal\Normal- (447).jpg,Normal,0
D:\Final Sem Project\KidneyStoneAI\datasets\raw\classification\ct-kidney\Normal\Normal- (2967).jpg,Normal,0
D:\Final Sem Project\KidneyStoneAI\datasets\raw\classification\ct-kidney\Stone\Stone- (235).jpg,Stone,1
D:\Final Sem Project\KidneyStoneAI\datasets\raw\classification\ct-kidney\Normal\Normal- (407).jpg,Normal,0
D:\Final Sem Project\KidneyStoneAI\datasets\raw\classification\ct-kidney\Normal\Normal- (171).jpg,Normal,0
D:\Final Sem Project\KidneyStoneAI\datasets\raw\classification\ct-kidney\Normal\Normal- (4695).jpg,Normal,0
D:\Final Sem Project\KidneyStoneAI\datasets\raw\classification\ct-kidney\Normal\Normal- (1296).jpg,Normal,0
D:\Final Sem Project\KidneyStoneAI\datasets\raw\classification\ct-kidney\Normal\Normal- (2464).jpg,Normal,0
D:\Final Sem Project\KidneyStoneAI\datasets\raw\classification\ct-kidney\Stone\Stone- (1030).jpg,Stone,1
D:\Final Sem Project\KidneyStoneAI\datasets\raw\classification\ct-kidney\Normal\Normal- (4559).jpg,Normal,0
D:\Final Sem Project\KidneyStoneAI\datasets\raw\classification\ct-kidney\Stone\Stone- (294).jpg,Stone,1
D:\Final Sem Project\KidneyStoneAI\datasets\raw\classification\ct-kidney\Normal\Normal- (355).jpg,Normal,0
D:\Final Sem Project\KidneyStoneAI\datasets\raw\classification\ct-kidney\Normal\Normal- (2697).jpg,Normal,0
D:\Final Sem Project\KidneyStoneAI\datasets\raw\classification\ct-kidney\Normal\Normal- (3051).jpg,Normal,0
D:\Final Sem Project\KidneyStoneAI\datasets\raw\classification\ct-kidney\Normal\Normal- (2853).jpg,Normal,0
D:\Final Sem Project\KidneyStoneAI\datasets\raw\classification\ct-kidney\Stone\Stone- (483).jpg,Stone,1
D:\Final Sem Project\KidneyStoneAI\datasets\raw\classification\ct-kidney\Normal\Normal- (2074).jpg,Normal,0
D:\Final Sem Project\KidneyStoneAI\datasets\raw\classification\ct-kidney\Normal\Normal- (4659).jpg,Normal,0
D:\Final Sem Project\KidneyStoneAI\datasets\raw\classification\ct-kidney\Normal\Normal- (3388).jpg,Normal,0
D:\Final Sem Project\KidneyStoneAI\datasets\raw\classification\ct-kidney\Stone\Stone- (330).jpg,Stone,1
D:\Final Sem Project\KidneyStoneAI\datasets\raw\classification\ct-kidney\Normal\Normal- (3220).jpg,Normal,0
D:\Final Sem Project\KidneyStoneAI\datasets\raw\classification\ct-kidney\Normal\Normal- (3694).jpg,Normal,0
D:\Final Sem Project\KidneyStoneAI\datasets\raw\classification\ct-kidney\Normal\Normal- (4778).jpg,Normal,0
D:\Final Sem Project\KidneyStoneAI\datasets\raw\classification\ct-kidney\Stone\Stone- (817).jpg,Stone,1
D:\Final Sem Project\KidneyStoneAI\datasets\raw\classification\ct-kidney\Normal\Normal- (14).jpg,Normal,0
D:\Final Sem Project\KidneyStoneAI\datasets\raw\classification\ct-kidney\Normal\Normal- (2901).jpg,Normal,0
D:\Final Sem Project\KidneyStoneAI\datasets\raw\classification\ct-kidney\Normal\Normal- (3657).jpg,Normal,0
D:\Final Sem Project\KidneyStoneAI\datasets\raw\classification\ct-kidney\Stone\Stone- (699).jpg,Stone,1
D:\Final Sem Project\KidneyStoneAI\datasets\raw\classification\ct-kidney\Normal\Normal- (865).jpg,Normal,0
D:\Final Sem Project\KidneyStoneAI\datasets\raw\classification\ct-kidney\Stone\Stone- (1057).jpg,Stone,1
D:\Final Sem Project\KidneyStoneAI\datasets\raw\classification\ct-kidney\Normal\Normal- (2534).jpg,Normal,0
D:\Final Sem Project\KidneyStoneAI\datasets\raw\classification\ct-kidney\Normal\Normal- (4777).jpg,Normal,0
D:\Final Sem Project\KidneyStoneAI\datasets\raw\classification\ct-kidney\Normal\Normal- (430).jpg,Normal,0
D:\Final Sem Project\KidneyStoneAI\datasets\raw\classification\ct-kidney\Normal\Normal- (2842).jpg,Normal,0
D:\Final Sem Project\KidneyStoneAI\datasets\raw\classification\ct-kidney\Normal\Normal- (3706).jpg,Normal,0
D:\Final Sem Project\KidneyStoneAI\datasets\raw\classification\ct-kidney\Normal\Normal- (2248).jpg,Normal,0
D:\Final Sem Project\KidneyStoneAI\datasets\raw\classification\ct-kidney\Stone\Stone- (193).jpg,Stone,1
D:\Final Sem Project\KidneyStoneAI\datasets\raw\classification\ct-kidney\Stone\Stone- (246).jpg,Stone,1
D:\Final Sem Project\KidneyStoneAI\datasets\raw\classification\ct-kidney\Stone\Stone- (92).jpg,Stone,1
D:\Final Sem Project\KidneyStoneAI\datasets\raw\classification\ct-kidney\Normal\Normal- (2231).jpg,Normal,0
D:\Final Sem Project\KidneyStoneAI\datasets\raw\classification\ct-kidney\Normal\Normal- (1514).jpg,Normal,0
D:\Final Sem Project\KidneyStoneAI\datasets\raw\classification\ct-kidney\Stone\Stone- (58).jpg,Stone,1
D:\Final Sem Project\KidneyStoneAI\datasets\raw\classification\ct-kidney\Stone\Stone- (198).jpg,Stone,1
D:\Final Sem Project\KidneyStoneAI\datasets\raw\classification\ct-kidney\Normal\Normal- (3200).jpg,Normal,0
D:\Final Sem Project\KidneyStoneAI\datasets\raw\classification\ct-kidney\Normal\Normal- (3254).jpg,Normal,0
D:\Final Sem Project\KidneyStoneAI\datasets\raw\classification\ct-kidney\Normal\Normal- (4724).jpg,Normal,0
D:\Final Sem Project\KidneyStoneAI\datasets\raw\classification\ct-kidney\Stone\Stone- (380).jpg,Stone,1
D:\Final Sem Project\KidneyStoneAI\datasets\raw\classification\ct-kidney\Normal\Normal- (4387).jpg,Normal,0
D:\Final Sem Project\KidneyStoneAI\datasets\raw\classification\ct-kidney\Stone\Stone- (853).jpg,Stone,1
D:\Final Sem Project\KidneyStoneAI\datasets\raw\classification\ct-kidney\Normal\Normal- (2103).jpg,Normal,0
D:\Final Sem Project\KidneyStoneAI\datasets\raw\classification\ct-kidney\Normal\Normal- (1504).jpg,Normal,0
D:\Final Sem Project\KidneyStoneAI\datasets\raw\classification\ct-kidney\Normal\Normal- (2827).jpg,Normal,0
D:\Final Sem Project\KidneyStoneAI\datasets\raw\classification\ct-kidney\Normal\Normal- (2276).jpg,Normal,0
D:\Final Sem Project\KidneyStoneAI\datasets\raw\classification\ct-kidney\Normal\Normal- (5071).jpg,Normal,0
D:\Final Sem Project\KidneyStoneAI\datasets\raw\classification\ct-kidney\Normal\Normal- (26).jpg,Normal,0
D:\Final Sem Project\KidneyStoneAI\datasets\raw\classification\ct-kidney\Normal\Normal- (3293).jpg,Normal,0
D:\Final Sem Project\KidneyStoneAI\datasets\raw\classification\ct-kidney\Stone\Stone- (1275).jpg,Stone,1
D:\Final Sem Project\KidneyStoneAI\datasets\raw\classification\ct-kidney\Normal\Normal- (1164).jpg,Normal,0
D:\Final Sem Project\KidneyStoneAI\datasets\raw\classification\ct-kidney\Normal\Normal- (4036).jpg,Normal,0
D:\Final Sem Project\KidneyStoneAI\datasets\raw\classification\ct-kidney\Normal\Normal- (3960).jpg,Normal,0
D:\Final Sem Project\KidneyStoneAI\datasets\raw\classification\ct-kidney\Normal\Normal- (3768).jpg,Normal,0
D:\Final Sem Project\KidneyStoneAI\datasets\raw\classification\ct-kidney\Normal\Normal- (153).jpg,Normal,0
D:\Final Sem Project\KidneyStoneAI\datasets\raw\classification\ct-kidney\Stone\Stone- (1336).jpg,Stone,1
D:\Final Sem Project\KidneyStoneAI\datasets\raw\classification\ct-kidney\Normal\Normal- (1658).jpg,Normal,0
D:\Final Sem Project\KidneyStoneAI\datasets\raw\classification\ct-kidney\Normal\Normal- (3583).jpg,Normal,0
D:\Final Sem Project\KidneyStoneAI\datasets\raw\classification\ct-kidney\Normal\Normal- (397).jpg,Normal,0
D:\Final Sem Project\KidneyStoneAI\datasets\raw\classification\ct-kidney\Stone\Stone- (1362).jpg,Stone,1
D:\Final Sem Project\KidneyStoneAI\datasets\raw\classification\ct-kidney\Normal\Normal- (2164).jpg,Normal,0
D:\Final Sem Project\KidneyStoneAI\datasets\raw\classification\ct-kidney\Normal\Normal- (1170).jpg,Normal,0
D:\Final Sem Project\KidneyStoneAI\datasets\raw\classification\ct-kidney\Stone\Stone- (619).jpg,Stone,1
D:\Final Sem Project\KidneyStoneAI\datasets\raw\classification\ct-kidney\Normal\Normal- (2313).jpg,Normal,0
D:\Final Sem Project\KidneyStoneAI\datasets\raw\classification\ct-kidney\Normal\Normal- (4039).jpg,Normal,0
D:\Final Sem Project\KidneyStoneAI\datasets\raw\classification\ct-kidney\Normal\Normal- (4059).jpg,Normal,0
D:\Final Sem Project\KidneyStoneAI\datasets\raw\classification\ct-kidney\Normal\Normal- (3086).jpg,Normal,0
D:\Final Sem Project\KidneyStoneAI\datasets\raw\classification\ct-kidney\Normal\Normal- (1086).jpg,Normal,0
D:\Final Sem Project\KidneyStoneAI\datasets\raw\classification\ct-kidney\Normal\Normal- (4391).jpg,Normal,0
D:\Final Sem Project\KidneyStoneAI\datasets\raw\classification\ct-kidney\Normal\Normal- (4037).jpg,Normal,0
D:\Final Sem Project\KidneyStoneAI\datasets\raw\classification\ct-kidney\Normal\Normal- (2918).jpg,Normal,0
D:\Final Sem Project\KidneyStoneAI\datasets\raw\classification\ct-kidney\Normal\Normal- (3825).jpg,Normal,0
D:\Final Sem Project\KidneyStoneAI\datasets\raw\classification\ct-kidney\Normal\Normal- (4918).jpg,Normal,0
D:\Final Sem Project\KidneyStoneAI\datasets\raw\classification\ct-kidney\Normal\Normal- (3842).jpg,Normal,0
D:\Final Sem Project\KidneyStoneAI\datasets\raw\classification\ct-kidney\Normal\Normal- (2122).jpg,Normal,0
D:\Final Sem Project\KidneyStoneAI\datasets\raw\classification\ct-kidney\Normal\Normal- (4705).jpg,Normal,0
D:\Final Sem Project\KidneyStoneAI\datasets\raw\classification\ct-kidney\Normal\Normal- (4848).jpg,Normal,0
D:\Final Sem Project\KidneyStoneAI\datasets\raw\classification\ct-kidney\Stone\Stone- (742).jpg,Stone,1
D:\Final Sem Project\KidneyStoneAI\datasets\raw\classification\ct-kidney\Normal\Normal- (2758).jpg,Normal,0
D:\Final Sem Project\KidneyStoneAI\datasets\raw\classification\ct-kidney\Normal\Normal- (3911).jpg,Normal,0
D:\Final Sem Project\KidneyStoneAI\datasets\raw\classification\ct-kidney\Normal\Normal- (1205).jpg,Normal,0
D:\Final Sem Project\KidneyStoneAI\datasets\raw\classification\ct-kidney\Normal\Normal- (815).jpg,Normal,0
D:\Final Sem Project\KidneyStoneAI\datasets\raw\classification\ct-kidney\Normal\Normal- (382).jpg,Normal,0
D:\Final Sem Project\KidneyStoneAI\datasets\raw\classification\ct-kidney\Stone\Stone- (29).jpg,Stone,1
D:\Final Sem Project\KidneyStoneAI\datasets\raw\classification\ct-kidney\Normal\Normal- (2423).jpg,Normal,0
D:\Final Sem Project\KidneyStoneAI\datasets\raw\classification\ct-kidney\Normal\Normal- (4440).jpg,Normal,0
D:\Final Sem Project\KidneyStoneAI\datasets\raw\classification\ct-kidney\Normal\Normal- (3259).jpg,Normal,0
D:\Final Sem Project\KidneyStoneAI\datasets\raw\classification\ct-kidney\Normal\Normal- (3330).jpg,Normal,0
D:\Final Sem Project\KidneyStoneAI\datasets\raw\classification\ct-kidney\Normal\Normal- (748).jpg,Normal,0
D:\Final Sem Project\KidneyStoneAI\datasets\raw\classification\ct-kidney\Normal\Normal- (1375).jpg,Normal,0
D:\Final Sem Project\KidneyStoneAI\datasets\raw\classification\ct-kidney\Normal\Normal- (4250).jpg,Normal,0
D:\Final Sem Project\KidneyStoneAI\datasets\raw\classification\ct-kidney\Normal\Normal- (1221).jpg,Normal,0
D:\Final Sem Project\KidneyStoneAI\datasets\raw\classification\ct-kidney\Normal\Normal- (2586).jpg,Normal,0
D:\Final Sem Project\KidneyStoneAI\datasets\raw\classification\ct-kidney\Normal\Normal- (4889).jpg,Normal,0
D:\Final Sem Project\KidneyStoneAI\datasets\raw\classification\ct-kidney\Stone\Stone- (212).jpg,Stone,1
D:\Final Sem Project\KidneyStoneAI\datasets\raw\classification\ct-kidney\Normal\Normal- (1286).jpg,Normal,0
D:\Final Sem Project\KidneyStoneAI\datasets\raw\classification\ct-kidney\Normal\Normal- (268).jpg,Normal,0
D:\Final Sem Project\KidneyStoneAI\datasets\raw\classification\ct-kidney\Normal\Normal- (704).jpg,Normal,0
D:\Final Sem Project\KidneyStoneAI\datasets\raw\classification\ct-kidney\Normal\Normal- (2607).jpg,Normal,0
D:\Final Sem Project\KidneyStoneAI\datasets\raw\classification\ct-kidney\Normal\Normal- (4651).jpg,Normal,0
D:\Final Sem Project\KidneyStoneAI\datasets\raw\classification\ct-kidney\Normal\Normal- (3059).jpg,Normal,0
D:\Final Sem Project\KidneyStoneAI\datasets\raw\classification\ct-kidney\Normal\Normal- (3448).jpg,Normal,0
D:\Final Sem Project\KidneyStoneAI\datasets\raw\classification\ct-kidney\Normal\Normal- (4520).jpg,Normal,0
D:\Final Sem Project\KidneyStoneAI\datasets\raw\classification\ct-kidney\Normal\Normal- (4098).jpg,Normal,0
D:\Final Sem Project\KidneyStoneAI\datasets\raw\classification\ct-kidney\Normal\Normal- (417).jpg,Normal,0
D:\Final Sem Project\KidneyStoneAI\datasets\raw\classification\ct-kidney\Normal\Normal- (1437).jpg,Normal,0
D:\Final Sem Project\KidneyStoneAI\datasets\raw\classification\ct-kidney\Normal\Normal- (4405).jpg,Normal,0
D:\Final Sem Project\KidneyStoneAI\datasets\raw\classification\ct-kidney\Normal\Normal- (3121).jpg,Normal,0
D:\Final Sem Project\KidneyStoneAI\datasets\raw\classification\ct-kidney\Normal\Normal- (4231).jpg,Normal,0
D:\Final Sem Project\KidneyStoneAI\datasets\raw\classification\ct-kidney\Normal\Normal- (4222).jpg,Normal,0
D:\Final Sem Project\KidneyStoneAI\datasets\raw\classification\ct-kidney\Normal\Normal- (4986).jpg,Normal,0
D:\Final Sem Project\KidneyStoneAI\datasets\raw\classification\ct-kidney\Normal\Normal- (4913).jpg,Normal,0
D:\Final Sem Project\KidneyStoneAI\datasets\raw\classification\ct-kidney\Normal\Normal- (2422).jpg,Normal,0
D:\Final Sem Project\KidneyStoneAI\datasets\raw\classification\ct-kidney\Normal\Normal- (559).jpg,Normal,0
D:\Final Sem Project\KidneyStoneAI\datasets\raw\classification\ct-kidney\Stone\Stone- (594).jpg,Stone,1
D:\Final Sem Project\KidneyStoneAI\datasets\raw\classification\ct-kidney\Normal\Normal- (958).jpg,Normal,0
D:\Final Sem Project\KidneyStoneAI\datasets\raw\classification\ct-kidney\Normal\Normal- (1186).jpg,Normal,0
D:\Final Sem Project\KidneyStoneAI\datasets\raw\classification\ct-kidney\Normal\Normal- (109).jpg,Normal,0
D:\Final Sem Project\KidneyStoneAI\datasets\raw\classification\ct-kidney\Normal\Normal- (4614).jpg,Normal,0
D:\Final Sem Project\KidneyStoneAI\datasets\raw\classification\ct-kidney\Normal\Normal- (343).jpg,Normal,0
D:\Final Sem Project\KidneyStoneAI\datasets\raw\classification\ct-kidney\Normal\Normal- (3988).jpg,Normal,0
D:\Final Sem Project\KidneyStoneAI\datasets\raw\classification\ct-kidney\Normal\Normal- (4669).jpg,Normal,0
D:\Final Sem Project\KidneyStoneAI\datasets\raw\classification\ct-kidney\Normal\Normal- (3969).jpg,Normal,0
D:\Final Sem Project\KidneyStoneAI\datasets\raw\classification\ct-kidney\Normal\Normal- (3839).jpg,Normal,0
D:\Final Sem Project\KidneyStoneAI\datasets\raw\classification\ct-kidney\Normal\Normal- (384).jpg,Normal,0
D:\Final Sem Project\KidneyStoneAI\datasets\raw\classification\ct-kidney\Normal\Normal- (88).jpg,Normal,0
D:\Final Sem Project\KidneyStoneAI\datasets\raw\classification\ct-kidney\Normal\Normal- (3742).jpg,Normal,0
D:\Final Sem Project\KidneyStoneAI\datasets\raw\classification\ct-kidney\Normal\Normal- (4049).jpg,Normal,0
D:\Final Sem Project\KidneyStoneAI\datasets\raw\classification\ct-kidney\Normal\Normal- (1488).jpg,Normal,0
D:\Final Sem Project\KidneyStoneAI\datasets\raw\classification\ct-kidney\Stone\Stone- (819).jpg,Stone,1
D:\Final Sem Project\KidneyStoneAI\datasets\raw\classification\ct-kidney\Normal\Normal- (248).jpg,Normal,0
D:\Final Sem Project\KidneyStoneAI\datasets\raw\classification\ct-kidney\Normal\Normal- (3435).jpg,Normal,0
D:\Final Sem Project\KidneyStoneAI\datasets\raw\classification\ct-kidney\Normal\Normal- (4643).jpg,Normal,0
D:\Final Sem Project\KidneyStoneAI\datasets\raw\classification\ct-kidney\Normal\Normal- (880).jpg,Normal,0
D:\Final Sem Project\KidneyStoneAI\datasets\raw\classification\ct-kidney\Normal\Normal- (811).jpg,Normal,0
D:\Final Sem Project\KidneyStoneAI\datasets\raw\classification\ct-kidney\Normal\Normal- (1269).jpg,Normal,0
D:\Final Sem Project\KidneyStoneAI\datasets\raw\classification\ct-kidney\Normal\Normal- (2499).jpg,Normal,0
D:\Final Sem Project\KidneyStoneAI\datasets\raw\classification\ct-kidney\Normal\Normal- (3261).jpg,Normal,0
D:\Final Sem Project\KidneyStoneAI\datasets\raw\classification\ct-kidney\Normal\Normal- (412).jpg,Normal,0
D:\Final Sem Project\KidneyStoneAI\datasets\raw\classification\ct-kidney\Normal\Normal- (2583).jpg,Normal,0
D:\Final Sem Project\KidneyStoneAI\datasets\raw\classification\ct-kidney\Normal\Normal- (4999).jpg,Normal,0
D:\Final Sem Project\KidneyStoneAI\datasets\raw\classification\ct-kidney\Normal\Normal- (3090).jpg,Normal,0
D:\Final Sem Project\KidneyStoneAI\datasets\raw\classification\ct-kidney\Stone\Stone- (171).jpg,Stone,1
D:\Final Sem Project\KidneyStoneAI\datasets\raw\classification\ct-kidney\Normal\Normal- (1208).jpg,Normal,0
D:\Final Sem Project\KidneyStoneAI\datasets\raw\classification\ct-kidney\Stone\Stone- (1144).jpg,Stone,1
D:\Final Sem Project\KidneyStoneAI\datasets\raw\classification\ct-kidney\Normal\Normal- (1400).jpg,Normal,0
D:\Final Sem Project\KidneyStoneAI\datasets\raw\classification\ct-kidney\Stone\Stone- (1270).jpg,Stone,1
D:\Final Sem Project\KidneyStoneAI\datasets\raw\classification\ct-kidney\Normal\Normal- (1322).jpg,Normal,0
D:\Final Sem Project\KidneyStoneAI\datasets\raw\classification\ct-kidney\Stone\Stone- (290).jpg,Stone,1
D:\Final Sem Project\KidneyStoneAI\datasets\raw\classification\ct-kidney\Normal\Normal- (4381).jpg,Normal,0
D:\Final Sem Project\KidneyStoneAI\datasets\raw\classification\ct-kidney\Normal\Normal- (2399).jpg,Normal,0
D:\Final Sem Project\KidneyStoneAI\datasets\raw\classification\ct-kidney\Normal\Normal- (718).jpg,Normal,0
D:\Final Sem Project\KidneyStoneAI\datasets\raw\classification\ct-kidney\Normal\Normal- (2321).jpg,Normal,0
D:\Final Sem Project\KidneyStoneAI\datasets\raw\classification\ct-kidney\Normal\Normal- (2153).jpg,Normal,0
D:\Final Sem Project\KidneyStoneAI\datasets\raw\classification\ct-kidney\Stone\Stone- (1137).jpg,Stone,1
D:\Final Sem Project\KidneyStoneAI\datasets\raw\classification\ct-kidney\Stone\Stone- (313).jpg,Stone,1
D:\Final Sem Project\KidneyStoneAI\datasets\raw\classification\ct-kidney\Stone\Stone- (1146).jpg,Stone,1
D:\Final Sem Project\KidneyStoneAI\datasets\raw\classification\ct-kidney\Normal\Normal- (3935).jpg,Normal,0
D:\Final Sem Project\KidneyStoneAI\datasets\raw\classification\ct-kidney\Normal\Normal- (2667).jpg,Normal,0
D:\Final Sem Project\KidneyStoneAI\datasets\raw\classification\ct-kidney\Normal\Normal- (200).jpg,Normal,0
D:\Final Sem Project\KidneyStoneAI\datasets\raw\classification\ct-kidney\Stone\Stone- (1014).jpg,Stone,1
D:\Final Sem Project\KidneyStoneAI\datasets\raw\classification\ct-kidney\Normal\Normal- (3888).jpg,Normal,0
D:\Final Sem Project\KidneyStoneAI\datasets\raw\classification\ct-kidney\Normal\Normal- (3633).jpg,Normal,0
D:\Final Sem Project\KidneyStoneAI\datasets\raw\classification\ct-kidney\Normal\Normal- (2766).jpg,Normal,0
D:\Final Sem Project\KidneyStoneAI\datasets\raw\classification\ct-kidney\Stone\Stone- (392).jpg,Stone,1
D:\Final Sem Project\KidneyStoneAI\datasets\raw\classification\ct-kidney\Normal\Normal- (4183).jpg,Normal,0
D:\Final Sem Project\KidneyStoneAI\datasets\raw\classification\ct-kidney\Normal\Normal- (4050).jpg,Normal,0
D:\Final Sem Project\KidneyStoneAI\datasets\raw\classification\ct-kidney\Normal\Normal- (408).jpg,Normal,0
D:\Final Sem Project\KidneyStoneAI\datasets\raw\classification\ct-kidney\Normal\Normal- (1756).jpg,Normal,0
D:\Final Sem Project\KidneyStoneAI\datasets\raw\classification\ct-kidney\Normal\Normal- (2520).jpg,Normal,0
D:\Final Sem Project\KidneyStoneAI\datasets\raw\classification\ct-kidney\Normal\Normal- (3548).jpg,Normal,0
D:\Final Sem Project\KidneyStoneAI\datasets\raw\classification\ct-kidney\Normal\Normal- (2412).jpg,Normal,0
D:\Final Sem Project\KidneyStoneAI\datasets\raw\classification\ct-kidney\Normal\Normal- (1252).jpg,Normal,0
D:\Final Sem Project\KidneyStoneAI\datasets\raw\classification\ct-kidney\Normal\Normal- (1622).jpg,Normal,0
D:\Final Sem Project\KidneyStoneAI\datasets\raw\classification\ct-kidney\Normal\Normal- (3165).jpg,Normal,0
D:\Final Sem Project\KidneyStoneAI\datasets\raw\classification\ct-kidney\Normal\Normal- (2800).jpg,Normal,0
D:\Final Sem Project\KidneyStoneAI\datasets\raw\classification\ct-kidney\Normal\Normal- (5014).jpg,Normal,0
D:\Final Sem Project\KidneyStoneAI\datasets\raw\classification\ct-kidney\Normal\Normal- (4779).jpg,Normal,0
D:\Final Sem Project\KidneyStoneAI\datasets\raw\classification\ct-kidney\Normal\Normal- (2765).jpg,Normal,0
D:\Final Sem Project\KidneyStoneAI\datasets\raw\classification\ct-kidney\Normal\Normal- (1093).jpg,Normal,0
D:\Final Sem Project\KidneyStoneAI\datasets\raw\classification\ct-kidney\Normal\Normal- (121).jpg,Normal,0
D:\Final Sem Project\KidneyStoneAI\datasets\raw\classification\ct-kidney\Normal\Normal- (4979).jpg,Normal,0
D:\Final Sem Project\KidneyStoneAI\datasets\raw\classification\ct-kidney\Normal\Normal- (3080).jpg,Normal,0
D:\Final Sem Project\KidneyStoneAI\datasets\raw\classification\ct-kidney\Stone\Stone- (22).jpg,Stone,1
D:\Final Sem Project\KidneyStoneAI\datasets\raw\classification\ct-kidney\Normal\Normal- (2449).jpg,Normal,0
D:\Final Sem Project\KidneyStoneAI\datasets\raw\classification\ct-kidney\Stone\Stone- (466).jpg,Stone,1
D:\Final Sem Project\KidneyStoneAI\datasets\raw\classification\ct-kidney\Normal\Normal- (138).jpg,Normal,0
D:\Final Sem Project\KidneyStoneAI\datasets\raw\classification\ct-kidney\Normal\Normal- (4945).jpg,Normal,0
D:\Final Sem Project\KidneyStoneAI\datasets\raw\classification\ct-kidney\Stone\Stone- (836).jpg,Stone,1
D:\Final Sem Project\KidneyStoneAI\datasets\raw\classification\ct-kidney\Normal\Normal- (2013).jpg,Normal,0
D:\Final Sem Project\KidneyStoneAI\datasets\raw\classification\ct-kidney\Normal\Normal- (738).jpg,Normal,0
D:\Final Sem Project\KidneyStoneAI\datasets\raw\classification\ct-kidney\Normal\Normal- (2832).jpg,Normal,0
D:\Final Sem Project\KidneyStoneAI\datasets\raw\classification\ct-kidney\Stone\Stone- (1150).jpg,Stone,1
D:\Final Sem Project\KidneyStoneAI\datasets\raw\classification\ct-kidney\Stone\Stone- (354).jpg,Stone,1
D:\Final Sem Project\KidneyStoneAI\datasets\raw\classification\ct-kidney\Normal\Normal- (3705).jpg,Normal,0
D:\Final Sem Project\KidneyStoneAI\datasets\raw\classification\ct-kidney\Normal\Normal- (1132).jpg,Normal,0
D:\Final Sem Project\KidneyStoneAI\datasets\raw\classification\ct-kidney\Normal\Normal- (3777).jpg,Normal,0
D:\Final Sem Project\KidneyStoneAI\datasets\raw\classification\ct-kidney\Normal\Normal- (4711).jpg,Normal,0
D:\Final Sem Project\KidneyStoneAI\datasets\raw\classification\ct-kidney\Normal\Normal- (399).jpg,Normal,0
D:\Final Sem Project\KidneyStoneAI\datasets\raw\classification\ct-kidney\Normal\Normal- (3172).jpg,Normal,0
D:\Final Sem Project\KidneyStoneAI\datasets\raw\classification\ct-kidney\Stone\Stone- (240).jpg,Stone,1
D:\Final Sem Project\KidneyStoneAI\datasets\raw\classification\ct-kidney\Stone\Stone- (666).jpg,Stone,1
D:\Final Sem Project\KidneyStoneAI\datasets\raw\classification\ct-kidney\Stone\Stone- (310).jpg,Stone,1
D:\Final Sem Project\KidneyStoneAI\datasets\raw\classification\ct-kidney\Normal\Normal- (724).jpg,Normal,0
D:\Final Sem Project\KidneyStoneAI\datasets\raw\classification\ct-kidney\Normal\Normal- (2885).jpg,Normal,0
D:\Final Sem Project\KidneyStoneAI\datasets\raw\classification\ct-kidney\Stone\Stone- (890).jpg,Stone,1
D:\Final Sem Project\KidneyStoneAI\datasets\raw\classification\ct-kidney\Normal\Normal- (3057).jpg,Normal,0
D:\Final Sem Project\KidneyStoneAI\datasets\raw\classification\ct-kidney\Normal\Normal- (3378).jpg,Normal,0
D:\Final Sem Project\KidneyStoneAI\datasets\raw\classification\ct-kidney\Normal\Normal- (2347).jpg,Normal,0
D:\Final Sem Project\KidneyStoneAI\datasets\raw\classification\ct-kidney\Normal\Normal- (4962).jpg,Normal,0
D:\Final Sem Project\KidneyStoneAI\datasets\raw\classification\ct-kidney\Normal\Normal- (4238).jpg,Normal,0
D:\Final Sem Project\KidneyStoneAI\datasets\raw\classification\ct-kidney\Normal\Normal- (968).jpg,Normal,0
D:\Final Sem Project\KidneyStoneAI\datasets\raw\classification\ct-kidney\Stone\Stone- (72).jpg,Stone,1
D:\Final Sem Project\KidneyStoneAI\datasets\raw\classification\ct-kidney\Normal\Normal- (3116).jpg,Normal,0
D:\Final Sem Project\KidneyStoneAI\datasets\raw\classification\ct-kidney\Stone\Stone- (312).jpg,Stone,1
D:\Final Sem Project\KidneyStoneAI\datasets\raw\classification\ct-kidney\Normal\Normal- (3067).jpg,Normal,0
D:\Final Sem Project\KidneyStoneAI\datasets\raw\classification\ct-kidney\Normal\Normal- (4525).jpg,Normal,0
D:\Final Sem Project\KidneyStoneAI\datasets\raw\classification\ct-kidney\Normal\Normal- (3632).jpg,Normal,0
D:\Final Sem Project\KidneyStoneAI\datasets\raw\classification\ct-kidney\Normal\Normal- (3139).jpg,Normal,0
D:\Final Sem Project\KidneyStoneAI\datasets\raw\classification\ct-kidney\Normal\Normal- (4607).jpg,Normal,0
D:\Final Sem Project\KidneyStoneAI\datasets\raw\classification\ct-kidney\Normal\Normal- (2739).jpg,Normal,0
D:\Final Sem Project\KidneyStoneAI\datasets\raw\classification\ct-kidney\Normal\Normal- (498).jpg,Normal,0
D:\Final Sem Project\KidneyStoneAI\datasets\raw\classification\ct-kidney\Normal\Normal- (2812).jpg,Normal,0
D:\Final Sem Project\KidneyStoneAI\datasets\raw\classification\ct-kidney\Normal\Normal- (247).jpg,Normal,0
D:\Final Sem Project\KidneyStoneAI\datasets\raw\classification\ct-kidney\Normal\Normal- (1635).jpg,Normal,0
D:\Final Sem Project\KidneyStoneAI\datasets\raw\classification\ct-kidney\Normal\Normal- (3233).jpg,Normal,0
D:\Final Sem Project\KidneyStoneAI\datasets\raw\classification\ct-kidney\Normal\Normal- (3192).jpg,Normal,0
D:\Final Sem Project\KidneyStoneAI\datasets\raw\classification\ct-kidney\Normal\Normal- (3351).jpg,Normal,0
D:\Final Sem Project\KidneyStoneAI\datasets\raw\classification\ct-kidney\Normal\Normal- (1799).jpg,Normal,0
D:\Final Sem Project\KidneyStoneAI\datasets\raw\classification\ct-kidney\Normal\Normal- (354).jpg,Normal,0
D:\Final Sem Project\KidneyStoneAI\datasets\raw\classification\ct-kidney\Normal\Normal- (4793).jpg,Normal,0
D:\Final Sem Project\KidneyStoneAI\datasets\raw\classification\ct-kidney\Normal\Normal- (81).jpg,Normal,0
D:\Final Sem Project\KidneyStoneAI\datasets\raw\classification\ct-kidney\Normal\Normal- (4832).jpg,Normal,0
D:\Final Sem Project\KidneyStoneAI\datasets\raw\classification\ct-kidney\Normal\Normal- (62).jpg,Normal,0
D:\Final Sem Project\KidneyStoneAI\datasets\raw\classification\ct-kidney\Stone\Stone- (522).jpg,Stone,1
D:\Final Sem Project\KidneyStoneAI\datasets\raw\classification\ct-kidney\Normal\Normal- (2434).jpg,Normal,0
D:\Final Sem Project\KidneyStoneAI\datasets\raw\classification\ct-kidney\Stone\Stone- (1226).jpg,Stone,1
D:\Final Sem Project\KidneyStoneAI\datasets\raw\classification\ct-kidney\Normal\Normal- (4787).jpg,Normal,0
D:\Final Sem Project\KidneyStoneAI\datasets\raw\classification\ct-kidney\Normal\Normal- (3857).jpg,Normal,0
D:\Final Sem Project\KidneyStoneAI\datasets\raw\classification\ct-kidney\Normal\Normal- (2556).jpg,Normal,0
D:\Final Sem Project\KidneyStoneAI\datasets\raw\classification\ct-kidney\Normal\Normal- (3665).jpg,Normal,0
D:\Final Sem Project\KidneyStoneAI\datasets\raw\classification\ct-kidney\Stone\Stone- (613).jpg,Stone,1
D:\Final Sem Project\KidneyStoneAI\datasets\raw\classification\ct-kidney\Normal\Normal- (3161).jpg,Normal,0
D:\Final Sem Project\KidneyStoneAI\datasets\raw\classification\ct-kidney\Normal\Normal- (555).jpg,Normal,0
D:\Final Sem Project\KidneyStoneAI\datasets\raw\classification\ct-kidney\Stone\Stone- (8).jpg,Stone,1
D:\Final Sem Project\KidneyStoneAI\datasets\raw\classification\ct-kidney\Normal\Normal- (3736).jpg,Normal,0
D:\Final Sem Project\KidneyStoneAI\datasets\raw\classification\ct-kidney\Normal\Normal- (636).jpg,Normal,0
D:\Final Sem Project\KidneyStoneAI\datasets\raw\classification\ct-kidney\Normal\Normal- (311).jpg,Normal,0
D:\Final Sem Project\KidneyStoneAI\datasets\raw\classification\ct-kidney\Normal\Normal- (2141).jpg,Normal,0
D:\Final Sem Project\KidneyStoneAI\datasets\raw\classification\ct-kidney\Normal\Normal- (3636).jpg,Normal,0
D:\Final Sem Project\KidneyStoneAI\datasets\raw\classification\ct-kidney\Normal\Normal- (3286).jpg,Normal,0
D:\Final Sem Project\KidneyStoneAI\datasets\raw\classification\ct-kidney\Stone\Stone- (564).jpg,Stone,1
D:\Final Sem Project\KidneyStoneAI\datasets\raw\classification\ct-kidney\Normal\Normal- (3106).jpg,Normal,0
D:\Final Sem Project\KidneyStoneAI\datasets\raw\classification\ct-kidney\Normal\Normal- (1903).jpg,Normal,0
D:\Final Sem Project\KidneyStoneAI\datasets\raw\classification\ct-kidney\Stone\Stone- (116).jpg,Stone,1
D:\Final Sem Project\KidneyStoneAI\datasets\raw\classification\ct-kidney\Normal\Normal- (3851).jpg,Normal,0
D:\Final Sem Project\KidneyStoneAI\datasets\raw\classification\ct-kidney\Normal\Normal- (4354).jpg,Normal,0
D:\Final Sem Project\KidneyStoneAI\datasets\raw\classification\ct-kidney\Normal\Normal- (1575).jpg,Normal,0
D:\Final Sem Project\KidneyStoneAI\datasets\raw\classification\ct-kidney\Normal\Normal- (2694).jpg,Normal,0
D:\Final Sem Project\KidneyStoneAI\datasets\raw\classification\ct-kidney\Normal\Normal- (4577).jpg,Normal,0
D:\Final Sem Project\KidneyStoneAI\datasets\raw\classification\ct-kidney\Normal\Normal- (3209).jpg,Normal,0
D:\Final Sem Project\KidneyStoneAI\datasets\raw\classification\ct-kidney\Normal\Normal- (3108).jpg,Normal,0
D:\Final Sem Project\KidneyStoneAI\datasets\raw\classification\ct-kidney\Normal\Normal- (1096).jpg,Normal,0
D:\Final Sem Project\KidneyStoneAI\datasets\raw\classification\ct-kidney\Normal\Normal- (2128).jpg,Normal,0
D:\Final Sem Project\KidneyStoneAI\datasets\raw\classification\ct-kidney\Normal\Normal- (2431).jpg,Normal,0
D:\Final Sem Project\KidneyStoneAI\datasets\raw\classification\ct-kidney\Normal\Normal- (4017).jpg,Normal,0
D:\Final Sem Project\KidneyStoneAI\datasets\raw\classification\ct-kidney\Normal\Normal- (2342).jpg,Normal,0
D:\Final Sem Project\KidneyStoneAI\datasets\raw\classification\ct-kidney\Normal\Normal- (1744).jpg,Normal,0
D:\Final Sem Project\KidneyStoneAI\datasets\raw\classification\ct-kidney\Stone\Stone- (617).jpg,Stone,1
D:\Final Sem Project\KidneyStoneAI\datasets\raw\classification\ct-kidney\Normal\Normal- (3933).jpg,Normal,0
D:\Final Sem Project\KidneyStoneAI\datasets\raw\classification\ct-kidney\Normal\Normal- (103).jpg,Normal,0
D:\Final Sem Project\KidneyStoneAI\datasets\raw\classification\ct-kidney\Normal\Normal- (2077).jpg,Normal,0
D:\Final Sem Project\KidneyStoneAI\datasets\raw\classification\ct-kidney\Normal\Normal- (575).jpg,Normal,0
D:\Final Sem Project\KidneyStoneAI\datasets\raw\classification\ct-kidney\Normal\Normal- (2926).jpg,Normal,0
D:\Final Sem Project\KidneyStoneAI\datasets\raw\classification\ct-kidney\Normal\Normal- (2506).jpg,Normal,0
D:\Final Sem Project\KidneyStoneAI\datasets\raw\classification\ct-kidney\Normal\Normal- (702).jpg,Normal,0
D:\Final Sem Project\KidneyStoneAI\datasets\raw\classification\ct-kidney\Normal\Normal- (2096).jpg,Normal,0
D:\Final Sem Project\KidneyStoneAI\datasets\raw\classification\ct-kidney\Stone\Stone- (821).jpg,Stone,1
D:\Final Sem Project\KidneyStoneAI\datasets\raw\classification\ct-kidney\Normal\Normal- (2930).jpg,Normal,0
D:\Final Sem Project\KidneyStoneAI\datasets\raw\classification\ct-kidney\Normal\Normal- (769).jpg,Normal,0
D:\Final Sem Project\KidneyStoneAI\datasets\raw\classification\ct-kidney\Normal\Normal- (3304).jpg,Normal,0
D:\Final Sem Project\KidneyStoneAI\datasets\raw\classification\ct-kidney\Normal\Normal- (2614).jpg,Normal,0
D:\Final Sem Project\KidneyStoneAI\datasets\raw\classification\ct-kidney\Normal\Normal- (4594).jpg,Normal,0
D:\Final Sem Project\KidneyStoneAI\datasets\raw\classification\ct-kidney\Stone\Stone- (1136).jpg,Stone,1
D:\Final Sem Project\KidneyStoneAI\datasets\raw\classification\ct-kidney\Normal\Normal- (211).jpg,Normal,0
D:\Final Sem Project\KidneyStoneAI\datasets\raw\classification\ct-kidney\Stone\Stone- (1296).jpg,Stone,1
D:\Final Sem Project\KidneyStoneAI\datasets\raw\classification\ct-kidney\Normal\Normal- (1996).jpg,Normal,0
D:\Final Sem Project\KidneyStoneAI\datasets\raw\classification\ct-kidney\Normal\Normal- (4058).jpg,Normal,0
D:\Final Sem Project\KidneyStoneAI\datasets\raw\classification\ct-kidney\Stone\Stone- (343).jpg,Stone,1
D:\Final Sem Project\KidneyStoneAI\datasets\raw\classification\ct-kidney\Normal\Normal- (4282).jpg,Normal,0
D:\Final Sem Project\KidneyStoneAI\datasets\raw\classification\ct-kidney\Normal\Normal- (2559).jpg,Normal,0
D:\Final Sem Project\KidneyStoneAI\datasets\raw\classification\ct-kidney\Normal\Normal- (1333).jpg,Normal,0
D:\Final Sem Project\KidneyStoneAI\datasets\raw\classification\ct-kidney\Normal\Normal- (4558).jpg,Normal,0
D:\Final Sem Project\KidneyStoneAI\datasets\raw\classification\ct-kidney\Normal\Normal- (3817).jpg,Normal,0
D:\Final Sem Project\KidneyStoneAI\datasets\raw\classification\ct-kidney\Stone\Stone- (1319).jpg,Stone,1
D:\Final Sem Project\KidneyStoneAI\datasets\raw\classification\ct-kidney\Normal\Normal- (3910).jpg,Normal,0
D:\Final Sem Project\KidneyStoneAI\datasets\raw\classification\ct-kidney\Normal\Normal- (4212).jpg,Normal,0
D:\Final Sem Project\KidneyStoneAI\datasets\raw\classification\ct-kidney\Normal\Normal- (2403).jpg,Normal,0
D:\Final Sem Project\KidneyStoneAI\datasets\raw\classification\ct-kidney\Stone\Stone- (365).jpg,Stone,1
D:\Final Sem Project\KidneyStoneAI\datasets\raw\classification\ct-kidney\Normal\Normal- (1871).jpg,Normal,0
D:\Final Sem Project\KidneyStoneAI\datasets\raw\classification\ct-kidney\Normal\Normal- (4322).jpg,Normal,0
D:\Final Sem Project\KidneyStoneAI\datasets\raw\classification\ct-kidney\Normal\Normal- (1476).jpg,Normal,0
D:\Final Sem Project\KidneyStoneAI\datasets\raw\classification\ct-kidney\Normal\Normal- (2781).jpg,Normal,0
D:\Final Sem Project\KidneyStoneAI\datasets\raw\classification\ct-kidney\Normal\Normal- (3789).jpg,Normal,0
D:\Final Sem Project\KidneyStoneAI\datasets\raw\classification\ct-kidney\Stone\Stone- (123).jpg,Stone,1
D:\Final Sem Project\KidneyStoneAI\datasets\raw\classification\ct-kidney\Normal\Normal- (4851).jpg,Normal,0
D:\Final Sem Project\KidneyStoneAI\datasets\raw\classification\ct-kidney\Normal\Normal- (4130).jpg,Normal,0
D:\Final Sem Project\KidneyStoneAI\datasets\raw\classification\ct-kidney\Normal\Normal- (1785).jpg,Normal,0
D:\Final Sem Project\KidneyStoneAI\datasets\raw\classification\ct-kidney\Normal\Normal- (4324).jpg,Normal,0
D:\Final Sem Project\KidneyStoneAI\datasets\raw\classification\ct-kidney\Normal\Normal- (4654).jpg,Normal,0
D:\Final Sem Project\KidneyStoneAI\datasets\raw\classification\ct-kidney\Normal\Normal- (2590).jpg,Normal,0
D:\Final Sem Project\KidneyStoneAI\datasets\raw\classification\ct-kidney\Normal\Normal- (4864).jpg,Normal,0
D:\Final Sem Project\KidneyStoneAI\datasets\raw\classification\ct-kidney\Normal\Normal- (1219).jpg,Normal,0
D:\Final Sem Project\KidneyStoneAI\datasets\raw\classification\ct-kidney\Normal\Normal- (2610).jpg,Normal,0
D:\Final Sem Project\KidneyStoneAI\datasets\raw\classification\ct-kidney\Normal\Normal- (1293).jpg,Normal,0
D:\Final Sem Project\KidneyStoneAI\datasets\raw\classification\ct-kidney\Normal\Normal- (1107).jpg,Normal,0
D:\Final Sem Project\KidneyStoneAI\datasets\raw\classification\ct-kidney\Normal\Normal- (1025).jpg,Normal,0
D:\Final Sem Project\KidneyStoneAI\datasets\raw\classification\ct-kidney\Normal\Normal- (4429).jpg,Normal,0
D:\Final Sem Project\KidneyStoneAI\datasets\raw\classification\ct-kidney\Normal\Normal- (3880).jpg,Normal,0
D:\Final Sem Project\KidneyStoneAI\datasets\raw\classification\ct-kidney\Normal\Normal- (737).jpg,Normal,0
D:\Final Sem Project\KidneyStoneAI\datasets\raw\classification\ct-kidney\Normal\Normal- (4926).jpg,Normal,0
D:\Final Sem Project\KidneyStoneAI\datasets\raw\classification\ct-kidney\Normal\Normal- (687).jpg,Normal,0
D:\Final Sem Project\KidneyStoneAI\datasets\raw\classification\ct-kidney\Normal\Normal- (1099).jpg,Normal,0
D:\Final Sem Project\KidneyStoneAI\datasets\raw\classification\ct-kidney\Stone\Stone- (761).jpg,Stone,1
D:\Final Sem Project\KidneyStoneAI\datasets\raw\classification\ct-kidney\Normal\Normal- (4880).jpg,Normal,0
D:\Final Sem Project\KidneyStoneAI\datasets\raw\classification\ct-kidney\Stone\Stone- (1117).jpg,Stone,1
D:\Final Sem Project\KidneyStoneAI\datasets\raw\classification\ct-kidney\Normal\Normal- (1098).jpg,Normal,0
D:\Final Sem Project\KidneyStoneAI\datasets\raw\classification\ct-kidney\Normal\Normal- (1653).jpg,Normal,0
D:\Final Sem Project\KidneyStoneAI\datasets\raw\classification\ct-kidney\Normal\Normal- (4878).jpg,Normal,0
D:\Final Sem Project\KidneyStoneAI\datasets\raw\classification\ct-kidney\Normal\Normal- (4745).jpg,Normal,0
D:\Final Sem Project\KidneyStoneAI\datasets\raw\classification\ct-kidney\Normal\Normal- (940).jpg,Normal,0
D:\Final Sem Project\KidneyStoneAI\datasets\raw\classification\ct-kidney\Normal\Normal- (3550).jpg,Normal,0
D:\Final Sem Project\KidneyStoneAI\datasets\raw\classification\ct-kidney\Normal\Normal- (2365).jpg,Normal,0
D:\Final Sem Project\KidneyStoneAI\datasets\raw\classification\ct-kidney\Normal\Normal- (1423).jpg,Normal,0
D:\Final Sem Project\KidneyStoneAI\datasets\raw\classification\ct-kidney\Normal\Normal- (4620).jpg,Normal,0
D:\Final Sem Project\KidneyStoneAI\datasets\raw\classification\ct-kidney\Normal\Normal- (1090).jpg,Normal,0
D:\Final Sem Project\KidneyStoneAI\datasets\raw\classification\ct-kidney\Stone\Stone- (966).jpg,Stone,1
D:\Final Sem Project\KidneyStoneAI\datasets\raw\classification\ct-kidney\Stone\Stone- (144).jpg,Stone,1
D:\Final Sem Project\KidneyStoneAI\datasets\raw\classification\ct-kidney\Normal\Normal- (4763).jpg,Normal,0
D:\Final Sem Project\KidneyStoneAI\datasets\raw\classification\ct-kidney\Normal\Normal- (4611).jpg,Normal,0
D:\Final Sem Project\KidneyStoneAI\datasets\raw\classification\ct-kidney\Stone\Stone- (1184).jpg,Stone,1
D:\Final Sem Project\KidneyStoneAI\datasets\raw\classification\ct-kidney\Stone\Stone- (1224).jpg,Stone,1
D:\Final Sem Project\KidneyStoneAI\datasets\raw\classification\ct-kidney\Normal\Normal- (858).jpg,Normal,0
D:\Final Sem Project\KidneyStoneAI\datasets\raw\classification\ct-kidney\Normal\Normal- (1557).jpg,Normal,0
D:\Final Sem Project\KidneyStoneAI\datasets\raw\classification\ct-kidney\Normal\Normal- (3894).jpg,Normal,0
D:\Final Sem Project\KidneyStoneAI\datasets\raw\classification\ct-kidney\Normal\Normal- (4702).jpg,Normal,0
D:\Final Sem Project\KidneyStoneAI\datasets\raw\classification\ct-kidney\Normal\Normal- (859).jpg,Normal,0
D:\Final Sem Project\KidneyStoneAI\datasets\raw\classification\ct-kidney\Normal\Normal- (2020).jpg,Normal,0
D:\Final Sem Project\KidneyStoneAI\datasets\raw\classification\ct-kidney\Stone\Stone- (120).jpg,Stone,1
D:\Final Sem Project\KidneyStoneAI\datasets\raw\classification\ct-kidney\Normal\Normal- (4825).jpg,Normal,0
D:\Final Sem Project\KidneyStoneAI\datasets\raw\classification\ct-kidney\Normal\Normal- (1811).jpg,Normal,0
D:\Final Sem Project\KidneyStoneAI\datasets\raw\classification\ct-kidney\Normal\Normal- (5005).jpg,Normal,0
D:\Final Sem Project\KidneyStoneAI\datasets\raw\classification\ct-kidney\Stone\Stone- (1063).jpg,Stone,1
D:\Final Sem Project\KidneyStoneAI\datasets\raw\classification\ct-kidney\Normal\Normal- (3565).jpg,Normal,0
D:\Final Sem Project\KidneyStoneAI\datasets\raw\classification\ct-kidney\Normal\Normal- (2192).jpg,Normal,0
D:\Final Sem Project\KidneyStoneAI\datasets\raw\classification\ct-kidney\Stone\Stone- (1145).jpg,Stone,1
D:\Final Sem Project\KidneyStoneAI\datasets\raw\classification\ct-kidney\Normal\Normal- (129).jpg,Normal,0
D:\Final Sem Project\KidneyStoneAI\datasets\raw\classification\ct-kidney\Normal\Normal- (4027).jpg,Normal,0
D:\Final Sem Project\KidneyStoneAI\datasets\raw\classification\ct-kidney\Normal\Normal- (1189).jpg,Normal,0
D:\Final Sem Project\KidneyStoneAI\datasets\raw\classification\ct-kidney\Normal\Normal- (442).jpg,Normal,0
D:\Final Sem Project\KidneyStoneAI\datasets\raw\classification\ct-kidney\Normal\Normal- (5069).jpg,Normal,0
D:\Final Sem Project\KidneyStoneAI\datasets\raw\classification\ct-kidney\Normal\Normal- (3232).jpg,Normal,0
D:\Final Sem Project\KidneyStoneAI\datasets\raw\classification\ct-kidney\Stone\Stone- (912).jpg,Stone,1
D:\Final Sem Project\KidneyStoneAI\datasets\raw\classification\ct-kidney\Normal\Normal- (4197).jpg,Normal,0
D:\Final Sem Project\KidneyStoneAI\datasets\raw\classification\ct-kidney\Stone\Stone- (1274).jpg,Stone,1
D:\Final Sem Project\KidneyStoneAI\datasets\raw\classification\ct-kidney\Normal\Normal- (2524).jpg,Normal,0
D:\Final Sem Project\KidneyStoneAI\datasets\raw\classification\ct-kidney\Stone\Stone- (1299).jpg,Stone,1
D:\Final Sem Project\KidneyStoneAI\datasets\raw\classification\ct-kidney\Normal\Normal- (2303).jpg,Normal,0
D:\Final Sem Project\KidneyStoneAI\datasets\raw\classification\ct-kidney\Normal\Normal- (334).jpg,Normal,0
D:\Final Sem Project\KidneyStoneAI\datasets\raw\classification\ct-kidney\Normal\Normal- (4167).jpg,Normal,0
D:\Final Sem Project\KidneyStoneAI\datasets\raw\classification\ct-kidney\Stone\Stone- (1341).jpg,Stone,1
D:\Final Sem Project\KidneyStoneAI\datasets\raw\classification\ct-kidney\Stone\Stone- (1086).jpg,Stone,1
D:\Final Sem Project\KidneyStoneAI\datasets\raw\classification\ct-kidney\Normal\Normal- (1589).jpg,Normal,0
D:\Final Sem Project\KidneyStoneAI\datasets\raw\classification\ct-kidney\Normal\Normal- (3029).jpg,Normal,0
D:\Final Sem Project\KidneyStoneAI\datasets\raw\classification\ct-kidney\Normal\Normal- (1111).jpg,Normal,0
D:\Final Sem Project\KidneyStoneAI\datasets\raw\classification\ct-kidney\Normal\Normal- (1847).jpg,Normal,0
D:\Final Sem Project\KidneyStoneAI\datasets\raw\classification\ct-kidney\Normal\Normal- (4314).jpg,Normal,0
D:\Final Sem Project\KidneyStoneAI\datasets\raw\classification\ct-kidney\Normal\Normal- (3662).jpg,Normal,0
D:\Final Sem Project\KidneyStoneAI\datasets\raw\classification\ct-kidney\Normal\Normal- (2601).jpg,Normal,0
D:\Final Sem Project\KidneyStoneAI\datasets\raw\classification\ct-kidney\Normal\Normal- (2075).jpg,Normal,0
D:\Final Sem Project\KidneyStoneAI\datasets\raw\classification\ct-kidney\Normal\Normal- (4281).jpg,Normal,0
D:\Final Sem Project\KidneyStoneAI\datasets\raw\classification\ct-kidney\Normal\Normal- (4329).jpg,Normal,0
D:\Final Sem Project\KidneyStoneAI\datasets\raw\classification\ct-kidney\Normal\Normal- (3042).jpg,Normal,0
D:\Final Sem Project\KidneyStoneAI\datasets\raw\classification\ct-kidney\Normal\Normal- (1558).jpg,Normal,0
D:\Final Sem Project\KidneyStoneAI\datasets\raw\classification\ct-kidney\Normal\Normal- (4335).jpg,Normal,0
D:\Final Sem Project\KidneyStoneAI\datasets\raw\classification\ct-kidney\Normal\Normal- (4320).jpg,Normal,0
D:\Final Sem Project\KidneyStoneAI\datasets\raw\classification\ct-kidney\Stone\Stone- (863).jpg,Stone,1
D:\Final Sem Project\KidneyStoneAI\datasets\raw\classification\ct-kidney\Normal\Normal- (4286).jpg,Normal,0
D:\Final Sem Project\KidneyStoneAI\datasets\raw\classification\ct-kidney\Normal\Normal- (2049).jpg,Normal,0
D:\Final Sem Project\KidneyStoneAI\datasets\raw\classification\ct-kidney\Stone\Stone- (487).jpg,Stone,1
D:\Final Sem Project\KidneyStoneAI\datasets\raw\classification\ct-kidney\Normal\Normal- (3512).jpg,Normal,0
D:\Final Sem Project\KidneyStoneAI\datasets\raw\classification\ct-kidney\Normal\Normal- (61).jpg,Normal,0
D:\Final Sem Project\KidneyStoneAI\datasets\raw\classification\ct-kidney\Stone\Stone- (1080).jpg,Stone,1
D:\Final Sem Project\KidneyStoneAI\datasets\raw\classification\ct-kidney\Normal\Normal- (2959).jpg,Normal,0
D:\Final Sem Project\KidneyStoneAI\datasets\raw\classification\ct-kidney\Normal\Normal- (756).jpg,Normal,0
D:\Final Sem Project\KidneyStoneAI\datasets\raw\classification\ct-kidney\Normal\Normal- (2415).jpg,Normal,0
D:\Final Sem Project\KidneyStoneAI\datasets\raw\classification\ct-kidney\Normal\Normal- (5059).jpg,Normal,0
D:\Final Sem Project\KidneyStoneAI\datasets\raw\classification\ct-kidney\Normal\Normal- (4672).jpg,Normal,0
D:\Final Sem Project\KidneyStoneAI\datasets\raw\classification\ct-kidney\Stone\Stone- (585).jpg,Stone,1
D:\Final Sem Project\KidneyStoneAI\datasets\raw\classification\ct-kidney\Normal\Normal- (1979).jpg,Normal,0
D:\Final Sem Project\KidneyStoneAI\datasets\raw\classification\ct-kidney\Normal\Normal- (1237).jpg,Normal,0
D:\Final Sem Project\KidneyStoneAI\datasets\raw\classification\ct-kidney\Stone\Stone- (374).jpg,Stone,1
D:\Final Sem Project\KidneyStoneAI\datasets\raw\classification\ct-kidney\Normal\Normal- (1955).jpg,Normal,0
D:\Final Sem Project\KidneyStoneAI\datasets\raw\classification\ct-kidney\Normal\Normal- (2664).jpg,Normal,0
D:\Final Sem Project\KidneyStoneAI\datasets\raw\classification\ct-kidney\Stone\Stone- (643).jpg,Stone,1
D:\Final Sem Project\KidneyStoneAI\datasets\raw\classification\ct-kidney\Normal\Normal- (605).jpg,Normal,0
D:\Final Sem Project\KidneyStoneAI\datasets\raw\classification\ct-kidney\Stone\Stone- (1131).jpg,Stone,1
D:\Final Sem Project\KidneyStoneAI\datasets\raw\classification\ct-kidney\Normal\Normal- (3990).jpg,Normal,0
D:\Final Sem Project\KidneyStoneAI\datasets\raw\classification\ct-kidney\Normal\Normal- (971).jpg,Normal,0
D:\Final Sem Project\KidneyStoneAI\datasets\raw\classification\ct-kidney\Normal\Normal- (2580).jpg,Normal,0
D:\Final Sem Project\KidneyStoneAI\datasets\raw\classification\ct-kidney\Stone\Stone- (1338).jpg,Stone,1
D:\Final Sem Project\KidneyStoneAI\datasets\raw\classification\ct-kidney\Normal\Normal- (439).jpg,Normal,0
D:\Final Sem Project\KidneyStoneAI\datasets\raw\classification\ct-kidney\Normal\Normal- (990).jpg,Normal,0
D:\Final Sem Project\KidneyStoneAI\datasets\raw\classification\ct-kidney\Normal\Normal- (481).jpg,Normal,0
D:\Final Sem Project\KidneyStoneAI\datasets\raw\classification\ct-kidney\Normal\Normal- (2596).jpg,Normal,0
D:\Final Sem Project\KidneyStoneAI\datasets\raw\classification\ct-kidney\Normal\Normal- (1485).jpg,Normal,0
D:\Final Sem Project\KidneyStoneAI\datasets\raw\classification\ct-kidney\Stone\Stone- (683).jpg,Stone,1
D:\Final Sem Project\KidneyStoneAI\datasets\raw\classification\ct-kidney\Normal\Normal- (2952).jpg,Normal,0
D:\Final Sem Project\KidneyStoneAI\datasets\raw\classification\ct-kidney\Normal\Normal- (4896).jpg,Normal,0
D:\Final Sem Project\KidneyStoneAI\datasets\raw\classification\ct-kidney\Normal\Normal- (3684).jpg,Normal,0
D:\Final Sem Project\KidneyStoneAI\datasets\raw\classification\ct-kidney\Normal\Normal- (3781).jpg,Normal,0
D:\Final Sem Project\KidneyStoneAI\datasets\raw\classification\ct-kidney\Normal\Normal- (2157).jpg,Normal,0
D:\Final Sem Project\KidneyStoneAI\datasets\raw\classification\ct-kidney\Normal\Normal- (1582).jpg,Normal,0
D:\Final Sem Project\KidneyStoneAI\datasets\raw\classification\ct-kidney\Normal\Normal- (367).jpg,Normal,0
D:\Final Sem Project\KidneyStoneAI\datasets\raw\classification\ct-kidney\Normal\Normal- (5065).jpg,Normal,0
D:\Final Sem Project\KidneyStoneAI\datasets\raw\classification\ct-kidney\Stone\Stone- (654).jpg,Stone,1
D:\Final Sem Project\KidneyStoneAI\datasets\raw\classification\ct-kidney\Normal\Normal- (3370).jpg,Normal,0
D:\Final Sem Project\KidneyStoneAI\datasets\raw\classification\ct-kidney\Stone\Stone- (544).jpg,Stone,1
D:\Final Sem Project\KidneyStoneAI\datasets\raw\classification\ct-kidney\Normal\Normal- (2988).jpg,Normal,0
D:\Final Sem Project\KidneyStoneAI\datasets\raw\classification\ct-kidney\Normal\Normal- (2043).jpg,Normal,0
D:\Final Sem Project\KidneyStoneAI\datasets\raw\classification\ct-kidney\Normal\Normal- (3494).jpg,Normal,0
D:\Final Sem Project\KidneyStoneAI\datasets\raw\classification\ct-kidney\Normal\Normal- (1791).jpg,Normal,0
D:\Final Sem Project\KidneyStoneAI\datasets\raw\classification\ct-kidney\Stone\Stone- (1026).jpg,Stone,1
D:\Final Sem Project\KidneyStoneAI\datasets\raw\classification\ct-kidney\Normal\Normal- (3716).jpg,Normal,0
D:\Final Sem Project\KidneyStoneAI\datasets\raw\classification\ct-kidney\Normal\Normal- (763).jpg,Normal,0
D:\Final Sem Project\KidneyStoneAI\datasets\raw\classification\ct-kidney\Normal\Normal- (2994).jpg,Normal,0
D:\Final Sem Project\KidneyStoneAI\datasets\raw\classification\ct-kidney\Normal\Normal- (3581).jpg,Normal,0
D:\Final Sem Project\KidneyStoneAI\datasets\raw\classification\ct-kidney\Normal\Normal- (2620).jpg,Normal,0
D:\Final Sem Project\KidneyStoneAI\datasets\raw\classification\ct-kidney\Normal\Normal- (2679).jpg,Normal,0
D:\Final Sem Project\KidneyStoneAI\datasets\raw\classification\ct-kidney\Normal\Normal- (2169).jpg,Normal,0
D:\Final Sem Project\KidneyStoneAI\datasets\raw\classification\ct-kidney\Normal\Normal- (1031).jpg,Normal,0
D:\Final Sem Project\KidneyStoneAI\datasets\raw\classification\ct-kidney\Normal\Normal- (713).jpg,Normal,0
D:\Final Sem Project\KidneyStoneAI\datasets\raw\classification\ct-kidney\Normal\Normal- (1236).jpg,Normal,0
D:\Final Sem Project\KidneyStoneAI\datasets\raw\classification\ct-kidney\Stone\Stone- (864).jpg,Stone,1
D:\Final Sem Project\KidneyStoneAI\datasets\raw\classification\ct-kidney\Normal\Normal- (64).jpg,Normal,0
D:\Final Sem Project\KidneyStoneAI\datasets\raw\classification\ct-kidney\Stone\Stone- (1151).jpg,Stone,1
D:\Final Sem Project\KidneyStoneAI\datasets\raw\classification\ct-kidney\Stone\Stone- (578).jpg,Stone,1
D:\Final Sem Project\KidneyStoneAI\datasets\raw\classification\ct-kidney\Normal\Normal- (3314).jpg,Normal,0
D:\Final Sem Project\KidneyStoneAI\datasets\raw\classification\ct-kidney\Normal\Normal- (4469).jpg,Normal,0
D:\Final Sem Project\KidneyStoneAI\datasets\raw\classification\ct-kidney\Normal\Normal- (3604).jpg,Normal,0
D:\Final Sem Project\KidneyStoneAI\datasets\raw\classification\ct-kidney\Normal\Normal- (3390).jpg,Normal,0
D:\Final Sem Project\KidneyStoneAI\datasets\raw\classification\ct-kidney\Normal\Normal- (1070).jpg,Normal,0
D:\Final Sem Project\KidneyStoneAI\datasets\raw\classification\ct-kidney\Normal\Normal- (1150).jpg,Normal,0
D:\Final Sem Project\KidneyStoneAI\datasets\raw\classification\ct-kidney\Stone\Stone- (940).jpg,Stone,1
D:\Final Sem Project\KidneyStoneAI\datasets\raw\classification\ct-kidney\Stone\Stone- (1212).jpg,Stone,1
D:\Final Sem Project\KidneyStoneAI\datasets\raw\classification\ct-kidney\Stone\Stone- (902).jpg,Stone,1
D:\Final Sem Project\KidneyStoneAI\datasets\raw\classification\ct-kidney\Normal\Normal- (421).jpg,Normal,0
D:\Final Sem Project\KidneyStoneAI\datasets\raw\classification\ct-kidney\Stone\Stone- (1156).jpg,Stone,1
D:\Final Sem Project\KidneyStoneAI\datasets\raw\classification\ct-kidney\Normal\Normal- (107).jpg,Normal,0
D:\Final Sem Project\KidneyStoneAI\datasets\raw\classification\ct-kidney\Normal\Normal- (2456).jpg,Normal,0
D:\Final Sem Project\KidneyStoneAI\datasets\raw\classification\ct-kidney\Normal\Normal- (135).jpg,Normal,0
D:\Final Sem Project\KidneyStoneAI\datasets\raw\classification\ct-kidney\Normal\Normal- (976).jpg,Normal,0
D:\Final Sem Project\KidneyStoneAI\datasets\raw\classification\ct-kidney\Normal\Normal- (3471).jpg,Normal,0
D:\Final Sem Project\KidneyStoneAI\datasets\raw\classification\ct-kidney\Stone\Stone- (1069).jpg,Stone,1
D:\Final Sem Project\KidneyStoneAI\datasets\raw\classification\ct-kidney\Normal\Normal- (1663).jpg,Normal,0
D:\Final Sem Project\KidneyStoneAI\datasets\raw\classification\ct-kidney\Stone\Stone- (27).jpg,Stone,1
D:\Final Sem Project\KidneyStoneAI\datasets\raw\classification\ct-kidney\Stone\Stone- (59).jpg,Stone,1
D:\Final Sem Project\KidneyStoneAI\datasets\raw\classification\ct-kidney\Normal\Normal- (2479).jpg,Normal,0
D:\Final Sem Project\KidneyStoneAI\datasets\raw\classification\ct-kidney\Normal\Normal- (4065).jpg,Normal,0
D:\Final Sem Project\KidneyStoneAI\datasets\raw\classification\ct-kidney\Normal\Normal- (4884).jpg,Normal,0
D:\Final Sem Project\KidneyStoneAI\datasets\raw\classification\ct-kidney\Normal\Normal- (2902).jpg,Normal,0
D:\Final Sem Project\KidneyStoneAI\datasets\raw\classification\ct-kidney\Normal\Normal- (3674).jpg,Normal,0
D:\Final Sem Project\KidneyStoneAI\datasets\raw\classification\ct-kidney\Normal\Normal- (3037).jpg,Normal,0
D:\Final Sem Project\KidneyStoneAI\datasets\raw\classification\ct-kidney\Stone\Stone- (237).jpg,Stone,1
D:\Final Sem Project\KidneyStoneAI\datasets\raw\classification\ct-kidney\Normal\Normal- (3974).jpg,Normal,0
D:\Final Sem Project\KidneyStoneAI\datasets\raw\classification\ct-kidney\Normal\Normal- (3070).jpg,Normal,0
D:\Final Sem Project\KidneyStoneAI\datasets\raw\classification\ct-kidney\Normal\Normal- (2551).jpg,Normal,0
D:\Final Sem Project\KidneyStoneAI\datasets\raw\classification\ct-kidney\Normal\Normal- (2993).jpg,Normal,0
D:\Final Sem Project\KidneyStoneAI\datasets\raw\classification\ct-kidney\Normal\Normal- (3653).jpg,Normal,0
D:\Final Sem Project\KidneyStoneAI\datasets\raw\classification\ct-kidney\Normal\Normal- (5030).jpg,Normal,0
D:\Final Sem Project\KidneyStoneAI\datasets\raw\classification\ct-kidney\Normal\Normal- (5049).jpg,Normal,0
D:\Final Sem Project\KidneyStoneAI\datasets\raw\classification\ct-kidney\Normal\Normal- (3263).jpg,Normal,0
D:\Final Sem Project\KidneyStoneAI\datasets\raw\classification\ct-kidney\Normal\Normal- (1087).jpg,Normal,0
D:\Final Sem Project\KidneyStoneAI\datasets\raw\classification\ct-kidney\Normal\Normal- (1011).jpg,Normal,0
D:\Final Sem Project\KidneyStoneAI\datasets\raw\classification\ct-kidney\Normal\Normal- (5013).jpg,Normal,0
D:\Final Sem Project\KidneyStoneAI\datasets\raw\classification\ct-kidney\Normal\Normal- (1637).jpg,Normal,0
D:\Final Sem Project\KidneyStoneAI\datasets\raw\classification\ct-kidney\Normal\Normal- (2407).jpg,Normal,0
D:\Final Sem Project\KidneyStoneAI\datasets\raw\classification\ct-kidney\Normal\Normal- (743).jpg,Normal,0
D:\Final Sem Project\KidneyStoneAI\datasets\raw\classification\ct-kidney\Normal\Normal- (4143).jpg,Normal,0
D:\Final Sem Project\KidneyStoneAI\datasets\raw\classification\ct-kidney\Stone\Stone- (1067).jpg,Stone,1
D:\Final Sem Project\KidneyStoneAI\datasets\raw\classification\ct-kidney\Normal\Normal- (69).jpg,Normal,0
D:\Final Sem Project\KidneyStoneAI\datasets\raw\classification\ct-kidney\Normal\Normal- (4087).jpg,Normal,0
D:\Final Sem Project\KidneyStoneAI\datasets\raw\classification\ct-kidney\Normal\Normal- (1554).jpg,Normal,0
D:\Final Sem Project\KidneyStoneAI\datasets\raw\classification\ct-kidney\Normal\Normal- (2259).jpg,Normal,0
D:\Final Sem Project\KidneyStoneAI\datasets\raw\classification\ct-kidney\Normal\Normal- (1496).jpg,Normal,0
D:\Final Sem Project\KidneyStoneAI\datasets\raw\classification\ct-kidney\Normal\Normal- (2954).jpg,Normal,0
D:\Final Sem Project\KidneyStoneAI\datasets\raw\classification\ct-kidney\Normal\Normal- (654).jpg,Normal,0
D:\Final Sem Project\KidneyStoneAI\datasets\raw\classification\ct-kidney\Normal\Normal- (2872).jpg,Normal,0
D:\Final Sem Project\KidneyStoneAI\datasets\raw\classification\ct-kidney\Normal\Normal- (3253).jpg,Normal,0
D:\Final Sem Project\KidneyStoneAI\datasets\raw\classification\ct-kidney\Normal\Normal- (2386).jpg,Normal,0
D:\Final Sem Project\KidneyStoneAI\datasets\raw\classification\ct-kidney\Stone\Stone- (443).jpg,Stone,1
D:\Final Sem Project\KidneyStoneAI\datasets\raw\classification\ct-kidney\Normal\Normal- (1152).jpg,Normal,0
D:\Final Sem Project\KidneyStoneAI\datasets\raw\classification\ct-kidney\Normal\Normal- (3946).jpg,Normal,0
D:\Final Sem Project\KidneyStoneAI\datasets\raw\classification\ct-kidney\Stone\Stone- (1251).jpg,Stone,1
D:\Final Sem Project\KidneyStoneAI\datasets\raw\classification\ct-kidney\Normal\Normal- (168).jpg,Normal,0
D:\Final Sem Project\KidneyStoneAI\datasets\raw\classification\ct-kidney\Normal\Normal- (1762).jpg,Normal,0
D:\Final Sem Project\KidneyStoneAI\datasets\raw\classification\ct-kidney\Normal\Normal- (2086).jpg,Normal,0
D:\Final Sem Project\KidneyStoneAI\datasets\raw\classification\ct-kidney\Normal\Normal- (2036).jpg,Normal,0
D:\Final Sem Project\KidneyStoneAI\datasets\raw\classification\ct-kidney\Normal\Normal- (2847).jpg,Normal,0
D:\Final Sem Project\KidneyStoneAI\datasets\raw\classification\ct-kidney\Normal\Normal- (387).jpg,Normal,0
D:\Final Sem Project\KidneyStoneAI\datasets\raw\classification\ct-kidney\Normal\Normal- (365).jpg,Normal,0
D:\Final Sem Project\KidneyStoneAI\datasets\raw\classification\ct-kidney\Normal\Normal- (3150).jpg,Normal,0
D:\Final Sem Project\KidneyStoneAI\datasets\raw\classification\ct-kidney\Normal\Normal- (2707).jpg,Normal,0
D:\Final Sem Project\KidneyStoneAI\datasets\raw\classification\ct-kidney\Normal\Normal- (2628).jpg,Normal,0
D:\Final Sem Project\KidneyStoneAI\datasets\raw\classification\ct-kidney\Stone\Stone- (1246).jpg,Stone,1
D:\Final Sem Project\KidneyStoneAI\datasets\raw\classification\ct-kidney\Stone\Stone- (521).jpg,Stone,1
D:\Final Sem Project\KidneyStoneAI\datasets\raw\classification\ct-kidney\Stone\Stone- (687).jpg,Stone,1
D:\Final Sem Project\KidneyStoneAI\datasets\raw\classification\ct-kidney\Stone\Stone- (1334).jpg,Stone,1
D:\Final Sem Project\KidneyStoneAI\datasets\raw\classification\ct-kidney\Stone\Stone- (611).jpg,Stone,1
D:\Final Sem Project\KidneyStoneAI\datasets\raw\classification\ct-kidney\Normal\Normal- (4798).jpg,Normal,0
D:\Final Sem Project\KidneyStoneAI\datasets\raw\classification\ct-kidney\Stone\Stone- (81).jpg,Stone,1
D:\Final Sem Project\KidneyStoneAI\datasets\raw\classification\ct-kidney\Normal\Normal- (1990).jpg,Normal,0
D:\Final Sem Project\KidneyStoneAI\datasets\raw\classification\ct-kidney\Normal\Normal- (2581).jpg,Normal,0
D:\Final Sem Project\KidneyStoneAI\datasets\raw\classification\ct-kidney\Normal\Normal- (2568).jpg,Normal,0
D:\Final Sem Project\KidneyStoneAI\datasets\raw\classification\ct-kidney\Normal\Normal- (546).jpg,Normal,0
D:\Final Sem Project\KidneyStoneAI\datasets\raw\classification\ct-kidney\Normal\Normal- (4784).jpg,Normal,0
D:\Final Sem Project\KidneyStoneAI\datasets\raw\classification\ct-kidney\Normal\Normal- (4083).jpg,Normal,0
D:\Final Sem Project\KidneyStoneAI\datasets\raw\classification\ct-kidney\Normal\Normal- (4211).jpg,Normal,0
D:\Final Sem Project\KidneyStoneAI\datasets\raw\classification\ct-kidney\Normal\Normal- (33).jpg,Normal,0
D:\Final Sem Project\KidneyStoneAI\datasets\raw\classification\ct-kidney\Normal\Normal- (678).jpg,Normal,0
D:\Final Sem Project\KidneyStoneAI\datasets\raw\classification\ct-kidney\Normal\Normal- (4811).jpg,Normal,0
D:\Final Sem Project\KidneyStoneAI\datasets\raw\classification\ct-kidney\Normal\Normal- (2367).jpg,Normal,0
D:\Final Sem Project\KidneyStoneAI\datasets\raw\classification\ct-kidney\Normal\Normal- (1577).jpg,Normal,0
D:\Final Sem Project\KidneyStoneAI\datasets\raw\classification\ct-kidney\Normal\Normal- (256).jpg,Normal,0
D:\Final Sem Project\KidneyStoneAI\datasets\raw\classification\ct-kidney\Normal\Normal- (2726).jpg,Normal,0
D:\Final Sem Project\KidneyStoneAI\datasets\raw\classification\ct-kidney\Stone\Stone- (97).jpg,Stone,1
D:\Final Sem Project\KidneyStoneAI\datasets\raw\classification\ct-kidney\Normal\Normal- (4070).jpg,Normal,0
D:\Final Sem Project\KidneyStoneAI\datasets\raw\classification\ct-kidney\Normal\Normal- (2024).jpg,Normal,0
D:\Final Sem Project\KidneyStoneAI\datasets\raw\classification\ct-kidney\Normal\Normal- (4992).jpg,Normal,0
D:\Final Sem Project\KidneyStoneAI\datasets\raw\classification\ct-kidney\Normal\Normal- (4671).jpg,Normal,0
D:\Final Sem Project\KidneyStoneAI\datasets\raw\classification\ct-kidney\Normal\Normal- (543).jpg,Normal,0
D:\Final Sem Project\KidneyStoneAI\datasets\raw\classification\ct-kidney\Normal\Normal- (3335).jpg,Normal,0
D:\Final Sem Project\KidneyStoneAI\datasets\raw\classification\ct-kidney\Normal\Normal- (2893).jpg,Normal,0
D:\Final Sem Project\KidneyStoneAI\datasets\raw\classification\ct-kidney\Normal\Normal- (2625).jpg,Normal,0
D:\Final Sem Project\KidneyStoneAI\datasets\raw\classification\ct-kidney\Stone\Stone- (768).jpg,Stone,1
D:\Final Sem Project\KidneyStoneAI\datasets\raw\classification\ct-kidney\Stone\Stone- (182).jpg,Stone,1
D:\Final Sem Project\KidneyStoneAI\datasets\raw\classification\ct-kidney\Stone\Stone- (1087).jpg,Stone,1
D:\Final Sem Project\KidneyStoneAI\datasets\raw\classification\ct-kidney\Stone\Stone- (379).jpg,Stone,1
D:\Final Sem Project\KidneyStoneAI\datasets\raw\classification\ct-kidney\Normal\Normal- (2205).jpg,Normal,0
D:\Final Sem Project\KidneyStoneAI\datasets\raw\classification\ct-kidney\Normal\Normal- (4000).jpg,Normal,0
D:\Final Sem Project\KidneyStoneAI\datasets\raw\classification\ct-kidney\Normal\Normal- (919).jpg,Normal,0
D:\Final Sem Project\KidneyStoneAI\datasets\raw\classification\ct-kidney\Normal\Normal- (3595).jpg,Normal,0
D:\Final Sem Project\KidneyStoneAI\datasets\raw\classification\ct-kidney\Normal\Normal- (677).jpg,Normal,0
D:\Final Sem Project\KidneyStoneAI\datasets\raw\classification\ct-kidney\Stone\Stone- (769).jpg,Stone,1
D:\Final Sem Project\KidneyStoneAI\datasets\raw\classification\ct-kidney\Normal\Normal- (3249).jpg,Normal,0
D:\Final Sem Project\KidneyStoneAI\datasets\raw\classification\ct-kidney\Normal\Normal- (5040).jpg,Normal,0
D:\Final Sem Project\KidneyStoneAI\datasets\raw\classification\ct-kidney\Normal\Normal- (1850).jpg,Normal,0
D:\Final Sem Project\KidneyStoneAI\datasets\raw\classification\ct-kidney\Normal\Normal- (1492).jpg,Normal,0
D:\Final Sem Project\KidneyStoneAI\datasets\raw\classification\ct-kidney\Normal\Normal- (4849).jpg,Normal,0
D:\Final Sem Project\KidneyStoneAI\datasets\raw\classification\ct-kidney\Normal\Normal- (3561).jpg,Normal,0
D:\Final Sem Project\KidneyStoneAI\datasets\raw\classification\ct-kidney\Normal\Normal- (1745).jpg,Normal,0
D:\Final Sem Project\KidneyStoneAI\datasets\raw\classification\ct-kidney\Normal\Normal- (1051).jpg,Normal,0
D:\Final Sem Project\KidneyStoneAI\datasets\raw\classification\ct-kidney\Normal\Normal- (517).jpg,Normal,0
D:\Final Sem Project\KidneyStoneAI\datasets\raw\classification\ct-kidney\Stone\Stone- (1250).jpg,Stone,1
D:\Final Sem Project\KidneyStoneAI\datasets\raw\classification\ct-kidney\Stone\Stone- (295).jpg,Stone,1
D:\Final Sem Project\KidneyStoneAI\datasets\raw\classification\ct-kidney\Normal\Normal- (1410).jpg,Normal,0
D:\Final Sem Project\KidneyStoneAI\datasets\raw\classification\ct-kidney\Normal\Normal- (4467).jpg,Normal,0
D:\Final Sem Project\KidneyStoneAI\datasets\raw\classification\ct-kidney\Normal\Normal- (655).jpg,Normal,0
D:\Final Sem Project\KidneyStoneAI\datasets\raw\classification\ct-kidney\Normal\Normal- (4722).jpg,Normal,0
D:\Final Sem Project\KidneyStoneAI\datasets\raw\classification\ct-kidney\Stone\Stone- (845).jpg,Stone,1
D:\Final Sem Project\KidneyStoneAI\datasets\raw\classification\ct-kidney\Normal\Normal- (1921).jpg,Normal,0
D:\Final Sem Project\KidneyStoneAI\datasets\raw\classification\ct-kidney\Stone\Stone- (1053).jpg,Stone,1
D:\Final Sem Project\KidneyStoneAI\datasets\raw\classification\ct-kidney\Normal\Normal- (3887).jpg,Normal,0
D:\Final Sem Project\KidneyStoneAI\datasets\raw\classification\ct-kidney\Normal\Normal- (4812).jpg,Normal,0
D:\Final Sem Project\KidneyStoneAI\datasets\raw\classification\ct-kidney\Normal\Normal- (4781).jpg,Normal,0
D:\Final Sem Project\KidneyStoneAI\datasets\raw\classification\ct-kidney\Normal\Normal- (4063).jpg,Normal,0
D:\Final Sem Project\KidneyStoneAI\datasets\raw\classification\ct-kidney\Normal\Normal- (5047).jpg,Normal,0
D:\Final Sem Project\KidneyStoneAI\datasets\raw\classification\ct-kidney\Stone\Stone- (574).jpg,Stone,1
D:\Final Sem Project\KidneyStoneAI\datasets\raw\classification\ct-kidney\Normal\Normal- (4563).jpg,Normal,0
D:\Final Sem Project\KidneyStoneAI\datasets\raw\classification\ct-kidney\Normal\Normal- (2428).jpg,Normal,0
D:\Final Sem Project\KidneyStoneAI\datasets\raw\classification\ct-kidney\Normal\Normal- (1198).jpg,Normal,0
D:\Final Sem Project\KidneyStoneAI\datasets\raw\classification\ct-kidney\Stone\Stone- (63).jpg,Stone,1
D:\Final Sem Project\KidneyStoneAI\datasets\raw\classification\ct-kidney\Normal\Normal- (2864).jpg,Normal,0
D:\Final Sem Project\KidneyStoneAI\datasets\raw\classification\ct-kidney\Normal\Normal- (2910).jpg,Normal,0
D:\Final Sem Project\KidneyStoneAI\datasets\raw\classification\ct-kidney\Normal\Normal- (3602).jpg,Normal,0
D:\Final Sem Project\KidneyStoneAI\datasets\raw\classification\ct-kidney\Normal\Normal- (1878).jpg,Normal,0
D:\Final Sem Project\KidneyStoneAI\datasets\raw\classification\ct-kidney\Normal\Normal- (1597).jpg,Normal,0
D:\Final Sem Project\KidneyStoneAI\datasets\raw\classification\ct-kidney\Normal\Normal- (1448).jpg,Normal,0
D:\Final Sem Project\KidneyStoneAI\datasets\raw\classification\ct-kidney\Normal\Normal- (3861).jpg,Normal,0
D:\Final Sem Project\KidneyStoneAI\datasets\raw\classification\ct-kidney\Normal\Normal- (2843).jpg,Normal,0
D:\Final Sem Project\KidneyStoneAI\datasets\raw\classification\ct-kidney\Normal\Normal- (2216).jpg,Normal,0
D:\Final Sem Project\KidneyStoneAI\datasets\raw\classification\ct-kidney\Normal\Normal- (71).jpg,Normal,0
D:\Final Sem Project\KidneyStoneAI\datasets\raw\classification\ct-kidney\Normal\Normal- (3337).jpg,Normal,0
D:\Final Sem Project\KidneyStoneAI\datasets\raw\classification\ct-kidney\Normal\Normal- (4529).jpg,Normal,0
D:\Final Sem Project\KidneyStoneAI\datasets\raw\classification\ct-kidney\Normal\Normal- (773).jpg,Normal,0
D:\Final Sem Project\KidneyStoneAI\datasets\raw\classification\ct-kidney\Normal\Normal- (870).jpg,Normal,0
D:\Final Sem Project\KidneyStoneAI\datasets\raw\classification\ct-kidney\Stone\Stone- (565).jpg,Stone,1
D:\Final Sem Project\KidneyStoneAI\datasets\raw\classification\ct-kidney\Normal\Normal- (3895).jpg,Normal,0
D:\Final Sem Project\KidneyStoneAI\datasets\raw\classification\ct-kidney\Stone\Stone- (590).jpg,Stone,1
D:\Final Sem Project\KidneyStoneAI\datasets\raw\classification\ct-kidney\Normal\Normal- (4160).jpg,Normal,0
D:\Final Sem Project\KidneyStoneAI\datasets\raw\classification\ct-kidney\Normal\Normal- (3832).jpg,Normal,0
D:\Final Sem Project\KidneyStoneAI\datasets\raw\classification\ct-kidney\Normal\Normal- (3812).jpg,Normal,0
D:\Final Sem Project\KidneyStoneAI\datasets\raw\classification\ct-kidney\Normal\Normal- (2040).jpg,Normal,0
D:\Final Sem Project\KidneyStoneAI\datasets\raw\classification\ct-kidney\Normal\Normal- (1615).jpg,Normal,0
D:\Final Sem Project\KidneyStoneAI\datasets\raw\classification\ct-kidney\Normal\Normal- (4646).jpg,Normal,0
D:\Final Sem Project\KidneyStoneAI\datasets\raw\classification\ct-kidney\Stone\Stone- (297).jpg,Stone,1
D:\Final Sem Project\KidneyStoneAI\datasets\raw\classification\ct-kidney\Normal\Normal- (4683).jpg,Normal,0
D:\Final Sem Project\KidneyStoneAI\datasets\raw\classification\ct-kidney\Stone\Stone- (927).jpg,Stone,1
D:\Final Sem Project\KidneyStoneAI\datasets\raw\classification\ct-kidney\Normal\Normal- (5029).jpg,Normal,0
D:\Final Sem Project\KidneyStoneAI\datasets\raw\classification\ct-kidney\Normal\Normal- (1752).jpg,Normal,0
D:\Final Sem Project\KidneyStoneAI\datasets\raw\classification\ct-kidney\Stone\Stone- (350).jpg,Stone,1
D:\Final Sem Project\KidneyStoneAI\datasets\raw\classification\ct-kidney\Normal\Normal- (3245).jpg,Normal,0
D:\Final Sem Project\KidneyStoneAI\datasets\raw\classification\ct-kidney\Normal\Normal- (1971).jpg,Normal,0
D:\Final Sem Project\KidneyStoneAI\datasets\raw\classification\ct-kidney\Normal\Normal- (760).jpg,Normal,0
D:\Final Sem Project\KidneyStoneAI\datasets\raw\classification\ct-kidney\Stone\Stone- (1084).jpg,Stone,1
D:\Final Sem Project\KidneyStoneAI\datasets\raw\classification\ct-kidney\Stone\Stone- (1314).jpg,Stone,1
D:\Final Sem Project\KidneyStoneAI\datasets\raw\classification\ct-kidney\Normal\Normal- (2527).jpg,Normal,0
D:\Final Sem Project\KidneyStoneAI\datasets\raw\classification\ct-kidney\Normal\Normal- (4172).jpg,Normal,0
D:\Final Sem Project\KidneyStoneAI\datasets\raw\classification\ct-kidney\Normal\Normal- (2136).jpg,Normal,0
D:\Final Sem Project\KidneyStoneAI\datasets\raw\classification\ct-kidney\Normal\Normal- (3013).jpg,Normal,0
D:\Final Sem Project\KidneyStoneAI\datasets\raw\classification\ct-kidney\Normal\Normal- (2193).jpg,Normal,0
D:\Final Sem Project\KidneyStoneAI\datasets\raw\classification\ct-kidney\Normal\Normal- (2255).jpg,Normal,0
D:\Final Sem Project\KidneyStoneAI\datasets\raw\classification\ct-kidney\Normal\Normal- (2148).jpg,Normal,0
D:\Final Sem Project\KidneyStoneAI\datasets\raw\classification\ct-kidney\Normal\Normal- (5042).jpg,Normal,0
D:\Final Sem Project\KidneyStoneAI\datasets\raw\classification\ct-kidney\Normal\Normal- (2033).jpg,Normal,0
D:\Final Sem Project\KidneyStoneAI\datasets\raw\classification\ct-kidney\Normal\Normal- (3462).jpg,Normal,0
D:\Final Sem Project\KidneyStoneAI\datasets\raw\classification\ct-kidney\Normal\Normal- (601).jpg,Normal,0
D:\Final Sem Project\KidneyStoneAI\datasets\raw\classification\ct-kidney\Stone\Stone- (308).jpg,Stone,1
D:\Final Sem Project\KidneyStoneAI\datasets\raw\classification\ct-kidney\Normal\Normal- (1030).jpg,Normal,0
D:\Final Sem Project\KidneyStoneAI\datasets\raw\classification\ct-kidney\Normal\Normal- (4589).jpg,Normal,0
D:\Final Sem Project\KidneyStoneAI\datasets\raw\classification\ct-kidney\Stone\Stone- (12).jpg,Stone,1
D:\Final Sem Project\KidneyStoneAI\datasets\raw\classification\ct-kidney\Normal\Normal- (3730).jpg,Normal,0
D:\Final Sem Project\KidneyStoneAI\datasets\raw\classification\ct-kidney\Stone\Stone- (218).jpg,Stone,1
D:\Final Sem Project\KidneyStoneAI\datasets\raw\classification\ct-kidney\Normal\Normal- (2710).jpg,Normal,0
D:\Final Sem Project\KidneyStoneAI\datasets\raw\classification\ct-kidney\Stone\Stone- (1036).jpg,Stone,1
D:\Final Sem Project\KidneyStoneAI\datasets\raw\classification\ct-kidney\Stone\Stone- (468).jpg,Stone,1
D:\Final Sem Project\KidneyStoneAI\datasets\raw\classification\ct-kidney\Stone\Stone- (28).jpg,Stone,1
D:\Final Sem Project\KidneyStoneAI\datasets\raw\classification\ct-kidney\Normal\Normal- (1978).jpg,Normal,0
D:\Final Sem Project\KidneyStoneAI\datasets\raw\classification\ct-kidney\Normal\Normal- (202).jpg,Normal,0
D:\Final Sem Project\KidneyStoneAI\datasets\raw\classification\ct-kidney\Normal\Normal- (3755).jpg,Normal,0
D:\Final Sem Project\KidneyStoneAI\datasets\raw\classification\ct-kidney\Normal\Normal- (370).jpg,Normal,0
D:\Final Sem Project\KidneyStoneAI\datasets\raw\classification\ct-kidney\Normal\Normal- (4002).jpg,Normal,0
D:\Final Sem Project\KidneyStoneAI\datasets\raw\classification\ct-kidney\Normal\Normal- (97).jpg,Normal,0
D:\Final Sem Project\KidneyStoneAI\datasets\raw\classification\ct-kidney\Normal\Normal- (2831).jpg,Normal,0
D:\Final Sem Project\KidneyStoneAI\datasets\raw\classification\ct-kidney\Normal\Normal- (1824).jpg,Normal,0
D:\Final Sem Project\KidneyStoneAI\datasets\raw\classification\ct-kidney\Normal\Normal- (4475).jpg,Normal,0
D:\Final Sem Project\KidneyStoneAI\datasets\raw\classification\ct-kidney\Stone\Stone- (270).jpg,Stone,1
D:\Final Sem Project\KidneyStoneAI\datasets\raw\classification\ct-kidney\Normal\Normal- (4061).jpg,Normal,0
D:\Final Sem Project\KidneyStoneAI\datasets\raw\classification\ct-kidney\Stone\Stone- (1068).jpg,Stone,1
D:\Final Sem Project\KidneyStoneAI\datasets\raw\classification\ct-kidney\Normal\Normal- (5077).jpg,Normal,0
D:\Final Sem Project\KidneyStoneAI\datasets\raw\classification\ct-kidney\Normal\Normal- (790).jpg,Normal,0
D:\Final Sem Project\KidneyStoneAI\datasets\raw\classification\ct-kidney\Normal\Normal- (4718).jpg,Normal,0
D:\Final Sem Project\KidneyStoneAI\datasets\raw\classification\ct-kidney\Normal\Normal- (1970).jpg,Normal,0
D:\Final Sem Project\KidneyStoneAI\datasets\raw\classification\ct-kidney\Normal\Normal- (695).jpg,Normal,0
D:\Final Sem Project\KidneyStoneAI\datasets\raw\classification\ct-kidney\Stone\Stone- (625).jpg,Stone,1
D:\Final Sem Project\KidneyStoneAI\datasets\raw\classification\ct-kidney\Stone\Stone- (21).jpg,Stone,1
D:\Final Sem Project\KidneyStoneAI\datasets\raw\classification\ct-kidney\Normal\Normal- (76).jpg,Normal,0
D:\Final Sem Project\KidneyStoneAI\datasets\raw\classification\ct-kidney\Normal\Normal- (3979).jpg,Normal,0
D:\Final Sem Project\KidneyStoneAI\datasets\raw\classification\ct-kidney\Normal\Normal- (3719).jpg,Normal,0
D:\Final Sem Project\KidneyStoneAI\datasets\raw\classification\ct-kidney\Normal\Normal- (901).jpg,Normal,0
D:\Final Sem Project\KidneyStoneAI\datasets\raw\classification\ct-kidney\Normal\Normal- (1235).jpg,Normal,0
D:\Final Sem Project\KidneyStoneAI\datasets\raw\classification\ct-kidney\Stone\Stone- (1371).jpg,Stone,1
D:\Final Sem Project\KidneyStoneAI\datasets\raw\classification\ct-kidney\Normal\Normal- (1271).jpg,Normal,0
D:\Final Sem Project\KidneyStoneAI\datasets\raw\classification\ct-kidney\Normal\Normal- (3673).jpg,Normal,0
D:\Final Sem Project\KidneyStoneAI\datasets\raw\classification\ct-kidney\Normal\Normal- (2274).jpg,Normal,0
D:\Final Sem Project\KidneyStoneAI\datasets\raw\classification\ct-kidney\Stone\Stone- (1236).jpg,Stone,1
D:\Final Sem Project\KidneyStoneAI\datasets\raw\classification\ct-kidney\Normal\Normal- (2442).jpg,Normal,0
D:\Final Sem Project\KidneyStoneAI\datasets\raw\classification\ct-kidney\Normal\Normal- (3813).jpg,Normal,0
D:\Final Sem Project\KidneyStoneAI\datasets\raw\classification\ct-kidney\Stone\Stone- (1081).jpg,Stone,1
D:\Final Sem Project\KidneyStoneAI\datasets\raw\classification\ct-kidney\Normal\Normal- (2026).jpg,Normal,0
D:\Final Sem Project\KidneyStoneAI\datasets\raw\classification\ct-kidney\Normal\Normal- (590).jpg,Normal,0
D:\Final Sem Project\KidneyStoneAI\datasets\raw\classification\ct-kidney\Normal\Normal- (291).jpg,Normal,0
D:\Final Sem Project\KidneyStoneAI\datasets\raw\classification\ct-kidney\Normal\Normal- (2966).jpg,Normal,0
D:\Final Sem Project\KidneyStoneAI\datasets\raw\classification\ct-kidney\Normal\Normal- (2850).jpg,Normal,0
D:\Final Sem Project\KidneyStoneAI\datasets\raw\classification\ct-kidney\Normal\Normal- (4409).jpg,Normal,0
D:\Final Sem Project\KidneyStoneAI\datasets\raw\classification\ct-kidney\Normal\Normal- (2807).jpg,Normal,0
D:\Final Sem Project\KidneyStoneAI\datasets\raw\classification\ct-kidney\Stone\Stone- (920).jpg,Stone,1
D:\Final Sem Project\KidneyStoneAI\datasets\raw\classification\ct-kidney\Stone\Stone- (404).jpg,Stone,1
D:\Final Sem Project\KidneyStoneAI\datasets\raw\classification\ct-kidney\Normal\Normal- (4953).jpg,Normal,0
D:\Final Sem Project\KidneyStoneAI\datasets\raw\classification\ct-kidney\Normal\Normal- (1821).jpg,Normal,0
D:\Final Sem Project\KidneyStoneAI\datasets\raw\classification\ct-kidney\Normal\Normal- (1542).jpg,Normal,0
D:\Final Sem Project\KidneyStoneAI\datasets\raw\classification\ct-kidney\Normal\Normal- (1066).jpg,Normal,0
D:\Final Sem Project\KidneyStoneAI\datasets\raw\classification\ct-kidney\Normal\Normal- (5061).jpg,Normal,0
D:\Final Sem Project\KidneyStoneAI\datasets\raw\classification\ct-kidney\Normal\Normal- (970).jpg,Normal,0
D:\Final Sem Project\KidneyStoneAI\datasets\raw\classification\ct-kidney\Normal\Normal- (1323).jpg,Normal,0
D:\Final Sem Project\KidneyStoneAI\datasets\raw\classification\ct-kidney\Normal\Normal- (1984).jpg,Normal,0
D:\Final Sem Project\KidneyStoneAI\datasets\raw\classification\ct-kidney\Normal\Normal- (2427).jpg,Normal,0
D:\Final Sem Project\KidneyStoneAI\datasets\raw\classification\ct-kidney\Stone\Stone- (520).jpg,Stone,1
D:\Final Sem Project\KidneyStoneAI\datasets\raw\classification\ct-kidney\Normal\Normal- (1641).jpg,Normal,0
D:\Final Sem Project\KidneyStoneAI\datasets\raw\classification\ct-kidney\Stone\Stone- (1109).jpg,Stone,1
D:\Final Sem Project\KidneyStoneAI\datasets\raw\classification\ct-kidney\Stone\Stone- (247).jpg,Stone,1
D:\Final Sem Project\KidneyStoneAI\datasets\raw\classification\ct-kidney\Normal\Normal- (2341).jpg,Normal,0
D:\Final Sem Project\KidneyStoneAI\datasets\raw\classification\ct-kidney\Stone\Stone- (253).jpg,Stone,1
D:\Final Sem Project\KidneyStoneAI\datasets\raw\classification\ct-kidney\Normal\Normal- (1334).jpg,Normal,0
D:\Final Sem Project\KidneyStoneAI\datasets\raw\classification\ct-kidney\Normal\Normal- (3868).jpg,Normal,0
D:\Final Sem Project\KidneyStoneAI\datasets\raw\classification\ct-kidney\Normal\Normal- (2408).jpg,Normal,0
D:\Final Sem Project\KidneyStoneAI\datasets\raw\classification\ct-kidney\Normal\Normal- (2955).jpg,Normal,0
D:\Final Sem Project\KidneyStoneAI\datasets\raw\classification\ct-kidney\Normal\Normal- (4175).jpg,Normal,0
D:\Final Sem Project\KidneyStoneAI\datasets\raw\classification\ct-kidney\Normal\Normal- (222).jpg,Normal,0
D:\Final Sem Project\KidneyStoneAI\datasets\raw\classification\ct-kidney\Normal\Normal- (4421).jpg,Normal,0
D:\Final Sem Project\KidneyStoneAI\datasets\raw\classification\ct-kidney\Normal\Normal- (2298).jpg,Normal,0
D:\Final Sem Project\KidneyStoneAI\datasets\raw\classification\ct-kidney\Normal\Normal- (4610).jpg,Normal,0
D:\Final Sem Project\KidneyStoneAI\datasets\raw\classification\ct-kidney\Normal\Normal- (189).jpg,Normal,0
D:\Final Sem Project\KidneyStoneAI\datasets\raw\classification\ct-kidney\Normal\Normal- (3931).jpg,Normal,0
D:\Final Sem Project\KidneyStoneAI\datasets\raw\classification\ct-kidney\Stone\Stone- (1072).jpg,Stone,1
D:\Final Sem Project\KidneyStoneAI\datasets\raw\classification\ct-kidney\Normal\Normal- (1867).jpg,Normal,0
D:\Final Sem Project\KidneyStoneAI\datasets\raw\classification\ct-kidney\Normal\Normal- (74).jpg,Normal,0
D:\Final Sem Project\KidneyStoneAI\datasets\raw\classification\ct-kidney\Normal\Normal- (3514).jpg,Normal,0
D:\Final Sem Project\KidneyStoneAI\datasets\raw\classification\ct-kidney\Normal\Normal- (4612).jpg,Normal,0
D:\Final Sem Project\KidneyStoneAI\datasets\raw\classification\ct-kidney\Normal\Normal- (1457).jpg,Normal,0
D:\Final Sem Project\KidneyStoneAI\datasets\raw\classification\ct-kidney\Normal\Normal- (4895).jpg,Normal,0
D:\Final Sem Project\KidneyStoneAI\datasets\raw\classification\ct-kidney\Stone\Stone- (1264).jpg,Stone,1
D:\Final Sem Project\KidneyStoneAI\datasets\raw\classification\ct-kidney\Stone\Stone- (1166).jpg,Stone,1
D:\Final Sem Project\KidneyStoneAI\datasets\raw\classification\ct-kidney\Normal\Normal- (1385).jpg,Normal,0
D:\Final Sem Project\KidneyStoneAI\datasets\raw\classification\ct-kidney\Stone\Stone- (536).jpg,Stone,1
D:\Final Sem Project\KidneyStoneAI\datasets\raw\classification\ct-kidney\Normal\Normal- (658).jpg,Normal,0
D:\Final Sem Project\KidneyStoneAI\datasets\raw\classification\ct-kidney\Normal\Normal- (5067).jpg,Normal,0
D:\Final Sem Project\KidneyStoneAI\datasets\raw\classification\ct-kidney\Normal\Normal- (2650).jpg,Normal,0
D:\Final Sem Project\KidneyStoneAI\datasets\raw\classification\ct-kidney\Normal\Normal- (389).jpg,Normal,0
D:\Final Sem Project\KidneyStoneAI\datasets\raw\classification\ct-kidney\Stone\Stone- (4).jpg,Stone,1
D:\Final Sem Project\KidneyStoneAI\datasets\raw\classification\ct-kidney\Normal\Normal- (4756).jpg,Normal,0
D:\Final Sem Project\KidneyStoneAI\datasets\raw\classification\ct-kidney\Normal\Normal- (3187).jpg,Normal,0
D:\Final Sem Project\KidneyStoneAI\datasets\raw\classification\ct-kidney\Stone\Stone- (456).jpg,Stone,1
D:\Final Sem Project\KidneyStoneAI\datasets\raw\classification\ct-kidney\Normal\Normal- (2296).jpg,Normal,0
D:\Final Sem Project\KidneyStoneAI\datasets\raw\classification\ct-kidney\Normal\Normal- (1289).jpg,Normal,0
D:\Final Sem Project\KidneyStoneAI\datasets\raw\classification\ct-kidney\Normal\Normal- (4189).jpg,Normal,0
D:\Final Sem Project\KidneyStoneAI\datasets\raw\classification\ct-kidney\Stone\Stone- (706).jpg,Stone,1
D:\Final Sem Project\KidneyStoneAI\datasets\raw\classification\ct-kidney\Stone\Stone- (364).jpg,Stone,1
D:\Final Sem Project\KidneyStoneAI\datasets\raw\classification\ct-kidney\Normal\Normal- (1807).jpg,Normal,0
D:\Final Sem Project\KidneyStoneAI\datasets\raw\classification\ct-kidney\Stone\Stone- (179).jpg,Stone,1
D:\Final Sem Project\KidneyStoneAI\datasets\raw\classification\ct-kidney\Stone\Stone- (1052).jpg,Stone,1
D:\Final Sem Project\KidneyStoneAI\datasets\raw\classification\ct-kidney\Normal\Normal- (3536).jpg,Normal,0
D:\Final Sem Project\KidneyStoneAI\datasets\raw\classification\ct-kidney\Stone\Stone- (983).jpg,Stone,1
D:\Final Sem Project\KidneyStoneAI\datasets\raw\classification\ct-kidney\Normal\Normal- (982).jpg,Normal,0
D:\Final Sem Project\KidneyStoneAI\datasets\raw\classification\ct-kidney\Normal\Normal- (3224).jpg,Normal,0
D:\Final Sem Project\KidneyStoneAI\datasets\raw\classification\ct-kidney\Normal\Normal- (553).jpg,Normal,0
D:\Final Sem Project\KidneyStoneAI\datasets\raw\classification\ct-kidney\Normal\Normal- (4856).jpg,Normal,0
D:\Final Sem Project\KidneyStoneAI\datasets\raw\classification\ct-kidney\Normal\Normal- (1396).jpg,Normal,0
D:\Final Sem Project\KidneyStoneAI\datasets\raw\classification\ct-kidney\Normal\Normal- (550).jpg,Normal,0
D:\Final Sem Project\KidneyStoneAI\datasets\raw\classification\ct-kidney\Normal\Normal- (2518).jpg,Normal,0
D:\Final Sem Project\KidneyStoneAI\datasets\raw\classification\ct-kidney\Normal\Normal- (2982).jpg,Normal,0
D:\Final Sem Project\KidneyStoneAI\datasets\raw\classification\ct-kidney\Normal\Normal- (1770).jpg,Normal,0
D:\Final Sem Project\KidneyStoneAI\datasets\raw\classification\ct-kidney\Normal\Normal- (2363).jpg,Normal,0
D:\Final Sem Project\KidneyStoneAI\datasets\raw\classification\ct-kidney\Normal\Normal- (4560).jpg,Normal,0
D:\Final Sem Project\KidneyStoneAI\datasets\raw\classification\ct-kidney\Normal\Normal- (2907).jpg,Normal,0
D:\Final Sem Project\KidneyStoneAI\datasets\raw\classification\ct-kidney\Stone\Stone- (1281).jpg,Stone,1
D:\Final Sem Project\KidneyStoneAI\datasets\raw\classification\ct-kidney\Normal\Normal- (1431).jpg,Normal,0
D:\Final Sem Project\KidneyStoneAI\datasets\raw\classification\ct-kidney\Stone\Stone- (939).jpg,Stone,1
D:\Final Sem Project\KidneyStoneAI\datasets\raw\classification\ct-kidney\Stone\Stone- (415).jpg,Stone,1
D:\Final Sem Project\KidneyStoneAI\datasets\raw\classification\ct-kidney\Normal\Normal- (2844).jpg,Normal,0
D:\Final Sem Project\KidneyStoneAI\datasets\raw\classification\ct-kidney\Normal\Normal- (4258).jpg,Normal,0
D:\Final Sem Project\KidneyStoneAI\datasets\raw\classification\ct-kidney\Normal\Normal- (2468).jpg,Normal,0
D:\Final Sem Project\KidneyStoneAI\datasets\raw\classification\ct-kidney\Normal\Normal- (3386).jpg,Normal,0
D:\Final Sem Project\KidneyStoneAI\datasets\raw\classification\ct-kidney\Normal\Normal- (2803).jpg,Normal,0
D:\Final Sem Project\KidneyStoneAI\datasets\raw\classification\ct-kidney\Normal\Normal- (930).jpg,Normal,0
D:\Final Sem Project\KidneyStoneAI\datasets\raw\classification\ct-kidney\Normal\Normal- (3123).jpg,Normal,0
D:\Final Sem Project\KidneyStoneAI\datasets\raw\classification\ct-kidney\Normal\Normal- (3554).jpg,Normal,0
D:\Final Sem Project\KidneyStoneAI\datasets\raw\classification\ct-kidney\Normal\Normal- (1830).jpg,Normal,0
D:\Final Sem Project\KidneyStoneAI\datasets\raw\classification\ct-kidney\Stone\Stone- (1266).jpg,Stone,1
D:\Final Sem Project\KidneyStoneAI\datasets\raw\classification\ct-kidney\Normal\Normal- (4844).jpg,Normal,0
D:\Final Sem Project\KidneyStoneAI\datasets\raw\classification\ct-kidney\Normal\Normal- (4082).jpg,Normal,0
D:\Final Sem Project\KidneyStoneAI\datasets\raw\classification\ct-kidney\Normal\Normal- (1177).jpg,Normal,0
D:\Final Sem Project\KidneyStoneAI\datasets\raw\classification\ct-kidney\Normal\Normal- (2544).jpg,Normal,0
D:\Final Sem Project\KidneyStoneAI\datasets\raw\classification\ct-kidney\Normal\Normal- (845).jpg,Normal,0
D:\Final Sem Project\KidneyStoneAI\datasets\raw\classification\ct-kidney\Stone\Stone- (951).jpg,Stone,1
D:\Final Sem Project\KidneyStoneAI\datasets\raw\classification\ct-kidney\Normal\Normal- (4460).jpg,Normal,0
D:\Final Sem Project\KidneyStoneAI\datasets\raw\classification\ct-kidney\Normal\Normal- (606).jpg,Normal,0
D:\Final Sem Project\KidneyStoneAI\datasets\raw\classification\ct-kidney\Normal\Normal- (195).jpg,Normal,0
D:\Final Sem Project\KidneyStoneAI\datasets\raw\classification\ct-kidney\Normal\Normal- (497).jpg,Normal,0
D:\Final Sem Project\KidneyStoneAI\datasets\raw\classification\ct-kidney\Stone\Stone- (1183).jpg,Stone,1
D:\Final Sem Project\KidneyStoneAI\datasets\raw\classification\ct-kidney\Normal\Normal- (1232).jpg,Normal,0
D:\Final Sem Project\KidneyStoneAI\datasets\raw\classification\ct-kidney\Stone\Stone- (631).jpg,Stone,1
D:\Final Sem Project\KidneyStoneAI\datasets\raw\classification\ct-kidney\Stone\Stone- (107).jpg,Stone,1
D:\Final Sem Project\KidneyStoneAI\datasets\raw\classification\ct-kidney\Normal\Normal- (3147).jpg,Normal,0
D:\Final Sem Project\KidneyStoneAI\datasets\raw\classification\ct-kidney\Normal\Normal- (4562).jpg,Normal,0
D:\Final Sem Project\KidneyStoneAI\datasets\raw\classification\ct-kidney\Stone\Stone- (634).jpg,Stone,1
D:\Final Sem Project\KidneyStoneAI\datasets\raw\classification\ct-kidney\Normal\Normal- (4221).jpg,Normal,0
D:\Final Sem Project\KidneyStoneAI\datasets\raw\classification\ct-kidney\Stone\Stone- (1141).jpg,Stone,1
D:\Final Sem Project\KidneyStoneAI\datasets\raw\classification\ct-kidney\Normal\Normal- (556).jpg,Normal,0
D:\Final Sem Project\KidneyStoneAI\datasets\raw\classification\ct-kidney\Normal\Normal- (1105).jpg,Normal,0
D:\Final Sem Project\KidneyStoneAI\datasets\raw\classification\ct-kidney\Normal\Normal- (4845).jpg,Normal,0
D:\Final Sem Project\KidneyStoneAI\datasets\raw\classification\ct-kidney\Stone\Stone- (1188).jpg,Stone,1
D:\Final Sem Project\KidneyStoneAI\datasets\raw\classification\ct-kidney\Normal\Normal- (1603).jpg,Normal,0
D:\Final Sem Project\KidneyStoneAI\datasets\raw\classification\ct-kidney\Normal\Normal- (3270).jpg,Normal,0
D:\Final Sem Project\KidneyStoneAI\datasets\raw\classification\ct-kidney\Stone\Stone- (382).jpg,Stone,1
D:\Final Sem Project\KidneyStoneAI\datasets\raw\classification\ct-kidney\Stone\Stone- (1305).jpg,Stone,1
D:\Final Sem Project\KidneyStoneAI\datasets\raw\classification\ct-kidney\Normal\Normal- (85).jpg,Normal,0
D:\Final Sem Project\KidneyStoneAI\datasets\raw\classification\ct-kidney\Normal\Normal- (58).jpg,Normal,0
D:\Final Sem Project\KidneyStoneAI\datasets\raw\classification\ct-kidney\Normal\Normal- (3663).jpg,Normal,0
D:\Final Sem Project\KidneyStoneAI\datasets\raw\classification\ct-kidney\Stone\Stone- (74).jpg,Stone,1
D:\Final Sem Project\KidneyStoneAI\datasets\raw\classification\ct-kidney\Normal\Normal- (4616).jpg,Normal,0
D:\Final Sem Project\KidneyStoneAI\datasets\raw\classification\ct-kidney\Stone\Stone- (885).jpg,Stone,1
D:\Final Sem Project\KidneyStoneAI\datasets\raw\classification\ct-kidney\Normal\Normal- (2263).jpg,Normal,0
D:\Final Sem Project\KidneyStoneAI\datasets\raw\classification\ct-kidney\Stone\Stone- (1148).jpg,Stone,1
D:\Final Sem Project\KidneyStoneAI\datasets\raw\classification\ct-kidney\Normal\Normal- (3738).jpg,Normal,0
D:\Final Sem Project\KidneyStoneAI\datasets\raw\classification\ct-kidney\Normal\Normal- (2877).jpg,Normal,0
D:\Final Sem Project\KidneyStoneAI\datasets\raw\classification\ct-kidney\Normal\Normal- (1284).jpg,Normal,0
D:\Final Sem Project\KidneyStoneAI\datasets\raw\classification\ct-kidney\Normal\Normal- (3141).jpg,Normal,0
D:\Final Sem Project\KidneyStoneAI\datasets\raw\classification\ct-kidney\Normal\Normal- (1417).jpg,Normal,0
D:\Final Sem Project\KidneyStoneAI\datasets\raw\classification\ct-kidney\Normal\Normal- (961).jpg,Normal,0
D:\Final Sem Project\KidneyStoneAI\datasets\raw\classification\ct-kidney\Normal\Normal- (2624).jpg,Normal,0
D:\Final Sem Project\KidneyStoneAI\datasets\raw\classification\ct-kidney\Stone\Stone- (989).jpg,Stone,1
D:\Final Sem Project\KidneyStoneAI\datasets\raw\classification\ct-kidney\Normal\Normal- (3506).jpg,Normal,0
D:\Final Sem Project\KidneyStoneAI\datasets\raw\classification\ct-kidney\Normal\Normal- (2820).jpg,Normal,0
D:\Final Sem Project\KidneyStoneAI\datasets\raw\classification\ct-kidney\Normal\Normal- (2063).jpg,Normal,0
D:\Final Sem Project\KidneyStoneAI\datasets\raw\classification\ct-kidney\Normal\Normal- (177).jpg,Normal,0
D:\Final Sem Project\KidneyStoneAI\datasets\raw\classification\ct-kidney\Normal\Normal- (1118).jpg,Normal,0
D:\Final Sem Project\KidneyStoneAI\datasets\raw\classification\ct-kidney\Normal\Normal- (4769).jpg,Normal,0
D:\Final Sem Project\KidneyStoneAI\datasets\raw\classification\ct-kidney\Normal\Normal- (4720).jpg,Normal,0
D:\Final Sem Project\KidneyStoneAI\datasets\raw\classification\ct-kidney\Stone\Stone- (586).jpg,Stone,1
D:\Final Sem Project\KidneyStoneAI\datasets\raw\classification\ct-kidney\Normal\Normal- (2310).jpg,Normal,0
D:\Final Sem Project\KidneyStoneAI\datasets\raw\classification\ct-kidney\Normal\Normal- (2454).jpg,Normal,0
D:\Final Sem Project\KidneyStoneAI\datasets\raw\classification\ct-kidney\Normal\Normal- (3347).jpg,Normal,0
D:\Final Sem Project\KidneyStoneAI\datasets\raw\classification\ct-kidney\Normal\Normal- (452).jpg,Normal,0
D:\Final Sem Project\KidneyStoneAI\datasets\raw\classification\ct-kidney\Stone\Stone- (109).jpg,Stone,1
D:\Final Sem Project\KidneyStoneAI\datasets\raw\classification\ct-kidney\Stone\Stone- (1022).jpg,Stone,1
D:\Final Sem Project\KidneyStoneAI\datasets\raw\classification\ct-kidney\Stone\Stone- (1323).jpg,Stone,1
D:\Final Sem Project\KidneyStoneAI\datasets\raw\classification\ct-kidney\Normal\Normal- (3905).jpg,Normal,0
D:\Final Sem Project\KidneyStoneAI\datasets\raw\classification\ct-kidney\Normal\Normal- (2094).jpg,Normal,0
D:\Final Sem Project\KidneyStoneAI\datasets\raw\classification\ct-kidney\Normal\Normal- (2429).jpg,Normal,0
D:\Final Sem Project\KidneyStoneAI\datasets\raw\classification\ct-kidney\Normal\Normal- (2638).jpg,Normal,0
D:\Final Sem Project\KidneyStoneAI\datasets\raw\classification\ct-kidney\Normal\Normal- (2548).jpg,Normal,0
D:\Final Sem Project\KidneyStoneAI\datasets\raw\classification\ct-kidney\Normal\Normal- (4334).jpg,Normal,0
D:\Final Sem Project\KidneyStoneAI\datasets\raw\classification\ct-kidney\Normal\Normal- (3968).jpg,Normal,0
D:\Final Sem Project\KidneyStoneAI\datasets\raw\classification\ct-kidney\Stone\Stone- (1111).jpg,Stone,1
D:\Final Sem Project\KidneyStoneAI\datasets\raw\classification\ct-kidney\Stone\Stone- (1169).jpg,Stone,1
D:\Final Sem Project\KidneyStoneAI\datasets\raw\classification\ct-kidney\Normal\Normal- (3374).jpg,Normal,0
D:\Final Sem Project\KidneyStoneAI\datasets\raw\classification\ct-kidney\Normal\Normal- (3445).jpg,Normal,0
D:\Final Sem Project\KidneyStoneAI\datasets\raw\classification\ct-kidney\Stone\Stone- (1001).jpg,Stone,1
D:\Final Sem Project\KidneyStoneAI\datasets\raw\classification\ct-kidney\Stone\Stone- (550).jpg,Stone,1
D:\Final Sem Project\KidneyStoneAI\datasets\raw\classification\ct-kidney\Normal\Normal- (65).jpg,Normal,0
D:\Final Sem Project\KidneyStoneAI\datasets\raw\classification\ct-kidney\Normal\Normal- (3100).jpg,Normal,0
D:\Final Sem Project\KidneyStoneAI\datasets\raw\classification\ct-kidney\Normal\Normal- (3678).jpg,Normal,0
D:\Final Sem Project\KidneyStoneAI\datasets\raw\classification\ct-kidney\Stone\Stone- (537).jpg,Stone,1
D:\Final Sem Project\KidneyStoneAI\datasets\raw\classification\ct-kidney\Normal\Normal- (1525).jpg,Normal,0
D:\Final Sem Project\KidneyStoneAI\datasets\raw\classification\ct-kidney\Stone\Stone- (1240).jpg,Stone,1
D:\Final Sem Project\KidneyStoneAI\datasets\raw\classification\ct-kidney\Normal\Normal- (1).jpg,Normal,0
D:\Final Sem Project\KidneyStoneAI\datasets\raw\classification\ct-kidney\Normal\Normal- (4296).jpg,Normal,0
D:\Final Sem Project\KidneyStoneAI\datasets\raw\classification\ct-kidney\Normal\Normal- (3313).jpg,Normal,0
D:\Final Sem Project\KidneyStoneAI\datasets\raw\classification\ct-kidney\Normal\Normal- (2364).jpg,Normal,0
D:\Final Sem Project\KidneyStoneAI\datasets\raw\classification\ct-kidney\Normal\Normal- (4168).jpg,Normal,0
D:\Final Sem Project\KidneyStoneAI\datasets\raw\classification\ct-kidney\Stone\Stone- (967).jpg,Stone,1
D:\Final Sem Project\KidneyStoneAI\datasets\raw\classification\ct-kidney\Normal\Normal- (1050).jpg,Normal,0
D:\Final Sem Project\KidneyStoneAI\datasets\raw\classification\ct-kidney\Stone\Stone- (588).jpg,Stone,1
D:\Final Sem Project\KidneyStoneAI\datasets\raw\classification\ct-kidney\Stone\Stone- (358).jpg,Stone,1
D:\Final Sem Project\KidneyStoneAI\datasets\raw\classification\ct-kidney\Normal\Normal- (2550).jpg,Normal,0
D:\Final Sem Project\KidneyStoneAI\datasets\raw\classification\ct-kidney\Normal\Normal- (2133).jpg,Normal,0
D:\Final Sem Project\KidneyStoneAI\datasets\raw\classification\ct-kidney\Normal\Normal- (2328).jpg,Normal,0
D:\Final Sem Project\KidneyStoneAI\datasets\raw\classification\ct-kidney\Normal\Normal- (5062).jpg,Normal,0
D:\Final Sem Project\KidneyStoneAI\datasets\raw\classification\ct-kidney\Normal\Normal- (4581).jpg,Normal,0
D:\Final Sem Project\KidneyStoneAI\datasets\raw\classification\ct-kidney\Normal\Normal- (473).jpg,Normal,0
D:\Final Sem Project\KidneyStoneAI\datasets\raw\classification\ct-kidney\Normal\Normal- (2245).jpg,Normal,0
D:\Final Sem Project\KidneyStoneAI\datasets\raw\classification\ct-kidney\Normal\Normal- (3487).jpg,Normal,0
D:\Final Sem Project\KidneyStoneAI\datasets\raw\classification\ct-kidney\Stone\Stone- (1330).jpg,Stone,1
D:\Final Sem Project\KidneyStoneAI\datasets\raw\classification\ct-kidney\Normal\Normal- (3739).jpg,Normal,0
D:\Final Sem Project\KidneyStoneAI\datasets\raw\classification\ct-kidney\Normal\Normal- (802).jpg,Normal,0
D:\Final Sem Project\KidneyStoneAI\datasets\raw\classification\ct-kidney\Normal\Normal- (2340).jpg,Normal,0
D:\Final Sem Project\KidneyStoneAI\datasets\raw\classification\ct-kidney\Stone\Stone- (750).jpg,Stone,1
D:\Final Sem Project\KidneyStoneAI\datasets\raw\classification\ct-kidney\Normal\Normal- (3982).jpg,Normal,0
D:\Final Sem Project\KidneyStoneAI\datasets\raw\classification\ct-kidney\Normal\Normal- (1523).jpg,Normal,0
D:\Final Sem Project\KidneyStoneAI\datasets\raw\classification\ct-kidney\Normal\Normal- (3315).jpg,Normal,0
D:\Final Sem Project\KidneyStoneAI\datasets\raw\classification\ct-kidney\Stone\Stone- (216).jpg,Stone,1
D:\Final Sem Project\KidneyStoneAI\datasets\raw\classification\ct-kidney\Normal\Normal- (328).jpg,Normal,0
D:\Final Sem Project\KidneyStoneAI\datasets\raw\classification\ct-kidney\Stone\Stone- (1324).jpg,Stone,1
D:\Final Sem Project\KidneyStoneAI\datasets\raw\classification\ct-kidney\Normal\Normal- (106).jpg,Normal,0
D:\Final Sem Project\KidneyStoneAI\datasets\raw\classification\ct-kidney\Normal\Normal- (3251).jpg,Normal,0
D:\Final Sem Project\KidneyStoneAI\datasets\raw\classification\ct-kidney\Normal\Normal- (534).jpg,Normal,0
D:\Final Sem Project\KidneyStoneAI\datasets\raw\classification\ct-kidney\Stone\Stone- (1272).jpg,Stone,1
D:\Final Sem Project\KidneyStoneAI\datasets\raw\classification\ct-kidney\Normal\Normal- (5053).jpg,Normal,0
D:\Final Sem Project\KidneyStoneAI\datasets\raw\classification\ct-kidney\Normal\Normal- (2384).jpg,Normal,0
D:\Final Sem Project\KidneyStoneAI\datasets\raw\classification\ct-kidney\Normal\Normal- (297).jpg,Normal,0
D:\Final Sem Project\KidneyStoneAI\datasets\raw\classification\ct-kidney\Normal\Normal- (4861).jpg,Normal,0
D:\Final Sem Project\KidneyStoneAI\datasets\raw\classification\ct-kidney\Normal\Normal- (2494).jpg,Normal,0
D:\Final Sem Project\KidneyStoneAI\datasets\raw\classification\ct-kidney\Normal\Normal- (4310).jpg,Normal,0
D:\Final Sem Project\KidneyStoneAI\datasets\raw\classification\ct-kidney\Normal\Normal- (418).jpg,Normal,0
D:\Final Sem Project\KidneyStoneAI\datasets\raw\classification\ct-kidney\Stone\Stone- (1218).jpg,Stone,1
D:\Final Sem Project\KidneyStoneAI\datasets\raw\classification\ct-kidney\Stone\Stone- (264).jpg,Stone,1
D:\Final Sem Project\KidneyStoneAI\datasets\raw\classification\ct-kidney\Normal\Normal- (4122).jpg,Normal,0
D:\Final Sem Project\KidneyStoneAI\datasets\raw\classification\ct-kidney\Normal\Normal- (3016).jpg,Normal,0
D:\Final Sem Project\KidneyStoneAI\datasets\raw\classification\ct-kidney\Normal\Normal- (1739).jpg,Normal,0
D:\Final Sem Project\KidneyStoneAI\datasets\raw\classification\ct-kidney\Normal\Normal- (772).jpg,Normal,0
D:\Final Sem Project\KidneyStoneAI\datasets\raw\classification\ct-kidney\Normal\Normal- (5024).jpg,Normal,0
D:\Final Sem Project\KidneyStoneAI\datasets\raw\classification\ct-kidney\Stone\Stone- (1249).jpg,Stone,1
D:\Final Sem Project\KidneyStoneAI\datasets\raw\classification\ct-kidney\Normal\Normal- (2701).jpg,Normal,0
D:\Final Sem Project\KidneyStoneAI\datasets\raw\classification\ct-kidney\Normal\Normal- (3769).jpg,Normal,0
D:\Final Sem Project\KidneyStoneAI\datasets\raw\classification\ct-kidney\Normal\Normal- (4309).jpg,Normal,0
D:\Final Sem Project\KidneyStoneAI\datasets\raw\classification\ct-kidney\Normal\Normal- (238).jpg,Normal,0
D:\Final Sem Project\KidneyStoneAI\datasets\raw\classification\ct-kidney\Normal\Normal- (2721).jpg,Normal,0
D:\Final Sem Project\KidneyStoneAI\datasets\raw\classification\ct-kidney\Normal\Normal- (1930).jpg,Normal,0
D:\Final Sem Project\KidneyStoneAI\datasets\raw\classification\ct-kidney\Stone\Stone- (865).jpg,Stone,1
D:\Final Sem Project\KidneyStoneAI\datasets\raw\classification\ct-kidney\Normal\Normal- (1481).jpg,Normal,0
D:\Final Sem Project\KidneyStoneAI\datasets\raw\classification\ct-kidney\Normal\Normal- (4107).jpg,Normal,0
D:\Final Sem Project\KidneyStoneAI\datasets\raw\classification\ct-kidney\Normal\Normal- (4670).jpg,Normal,0
D:\Final Sem Project\KidneyStoneAI\datasets\raw\classification\ct-kidney\Normal\Normal- (4277).jpg,Normal,0
D:\Final Sem Project\KidneyStoneAI\datasets\raw\classification\ct-kidney\Normal\Normal- (356).jpg,Normal,0
D:\Final Sem Project\KidneyStoneAI\datasets\raw\classification\ct-kidney\Normal\Normal- (4887).jpg,Normal,0
D:\Final Sem Project\KidneyStoneAI\datasets\raw\classification\ct-kidney\Normal\Normal- (776).jpg,Normal,0
D:\Final Sem Project\KidneyStoneAI\datasets\raw\classification\ct-kidney\Normal\Normal- (3354).jpg,Normal,0
D:\Final Sem Project\KidneyStoneAI\datasets\raw\classification\ct-kidney\Normal\Normal- (600).jpg,Normal,0
D:\Final Sem Project\KidneyStoneAI\datasets\raw\classification\ct-kidney\Normal\Normal- (3055).jpg,Normal,0
D:\Final Sem Project\KidneyStoneAI\datasets\raw\classification\ct-kidney\Normal\Normal- (2854).jpg,Normal,0
D:\Final Sem Project\KidneyStoneAI\datasets\raw\classification\ct-kidney\Normal\Normal- (1316).jpg,Normal,0
D:\Final Sem Project\KidneyStoneAI\datasets\raw\classification\ct-kidney\Normal\Normal- (2151).jpg,Normal,0
D:\Final Sem Project\KidneyStoneAI\datasets\raw\classification\ct-kidney\Normal\Normal- (3096).jpg,Normal,0
D:\Final Sem Project\KidneyStoneAI\datasets\raw\classification\ct-kidney\Normal\Normal- (4166).jpg,Normal,0
D:\Final Sem Project\KidneyStoneAI\datasets\raw\classification\ct-kidney\Normal\Normal- (4386).jpg,Normal,0
D:\Final Sem Project\KidneyStoneAI\datasets\raw\classification\ct-kidney\Normal\Normal- (2735).jpg,Normal,0
D:\Final Sem Project\KidneyStoneAI\datasets\raw\classification\ct-kidney\Stone\Stone- (221).jpg,Stone,1
D:\Final Sem Project\KidneyStoneAI\datasets\raw\classification\ct-kidney\Normal\Normal- (1625).jpg,Normal,0
D:\Final Sem Project\KidneyStoneAI\datasets\raw\classification\ct-kidney\Normal\Normal- (3580).jpg,Normal,0
D:\Final Sem Project\KidneyStoneAI\datasets\raw\classification\ct-kidney\Normal\Normal- (30).jpg,Normal,0
D:\Final Sem Project\KidneyStoneAI\datasets\raw\classification\ct-kidney\Stone\Stone- (1079).jpg,Stone,1
D:\Final Sem Project\KidneyStoneAI\datasets\raw\classification\ct-kidney\Normal\Normal- (3596).jpg,Normal,0
D:\Final Sem Project\KidneyStoneAI\datasets\raw\classification\ct-kidney\Normal\Normal- (3799).jpg,Normal,0
D:\Final Sem Project\KidneyStoneAI\datasets\raw\classification\ct-kidney\Normal\Normal- (4430).jpg,Normal,0
D:\Final Sem Project\KidneyStoneAI\datasets\raw\classification\ct-kidney\Normal\Normal- (877).jpg,Normal,0
D:\Final Sem Project\KidneyStoneAI\datasets\raw\classification\ct-kidney\Normal\Normal- (3405).jpg,Normal,0
D:\Final Sem Project\KidneyStoneAI\datasets\raw\classification\ct-kidney\Normal\Normal- (2279).jpg,Normal,0
D:\Final Sem Project\KidneyStoneAI\datasets\raw\classification\ct-kidney\Normal\Normal- (4653).jpg,Normal,0
D:\Final Sem Project\KidneyStoneAI\datasets\raw\classification\ct-kidney\Normal\Normal- (2400).jpg,Normal,0
D:\Final Sem Project\KidneyStoneAI\datasets\raw\classification\ct-kidney\Normal\Normal- (2906).jpg,Normal,0
D:\Final Sem Project\KidneyStoneAI\datasets\raw\classification\ct-kidney\Stone\Stone- (1033).jpg,Stone,1
D:\Final Sem Project\KidneyStoneAI\datasets\raw\classification\ct-kidney\Normal\Normal- (1908).jpg,Normal,0
D:\Final Sem Project\KidneyStoneAI\datasets\raw\classification\ct-kidney\Stone\Stone- (731).jpg,Stone,1
D:\Final Sem Project\KidneyStoneAI\datasets\raw\classification\ct-kidney\Stone\Stone- (998).jpg,Stone,1
D:\Final Sem Project\KidneyStoneAI\datasets\raw\classification\ct-kidney\Normal\Normal- (1964).jpg,Normal,0
D:\Final Sem Project\KidneyStoneAI\datasets\raw\classification\ct-kidney\Normal\Normal- (2867).jpg,Normal,0
D:\Final Sem Project\KidneyStoneAI\datasets\raw\classification\ct-kidney\Normal\Normal- (2621).jpg,Normal,0
D:\Final Sem Project\KidneyStoneAI\datasets\raw\classification\ct-kidney\Normal\Normal- (2322).jpg,Normal,0
D:\Final Sem Project\KidneyStoneAI\datasets\raw\classification\ct-kidney\Normal\Normal- (3885).jpg,Normal,0
D:\Final Sem Project\KidneyStoneAI\datasets\raw\classification\ct-kidney\Normal\Normal- (2333).jpg,Normal,0
D:\Final Sem Project\KidneyStoneAI\datasets\raw\classification\ct-kidney\Stone\Stone- (772).jpg,Stone,1
D:\Final Sem Project\KidneyStoneAI\datasets\raw\classification\ct-kidney\Normal\Normal- (5018).jpg,Normal,0
D:\Final Sem Project\KidneyStoneAI\datasets\raw\classification\ct-kidney\Normal\Normal- (1818).jpg,Normal,0
D:\Final Sem Project\KidneyStoneAI\datasets\raw\classification\ct-kidney\Normal\Normal- (2355).jpg,Normal,0
D:\Final Sem Project\KidneyStoneAI\datasets\raw\classification\ct-kidney\Normal\Normal- (3353).jpg,Normal,0
D:\Final Sem Project\KidneyStoneAI\datasets\raw\classification\ct-kidney\Normal\Normal- (4395).jpg,Normal,0
D:\Final Sem Project\KidneyStoneAI\datasets\raw\classification\ct-kidney\Normal\Normal- (1654).jpg,Normal,0
D:\Final Sem Project\KidneyStoneAI\datasets\raw\classification\ct-kidney\Normal\Normal- (1256).jpg,Normal,0
D:\Final Sem Project\KidneyStoneAI\datasets\raw\classification\ct-kidney\Normal\Normal- (4086).jpg,Normal,0
D:\Final Sem Project\KidneyStoneAI\datasets\raw\classification\ct-kidney\Normal\Normal- (3600).jpg,Normal,0
D:\Final Sem Project\KidneyStoneAI\datasets\raw\classification\ct-kidney\Stone\Stone- (183).jpg,Stone,1
D:\Final Sem Project\KidneyStoneAI\datasets\raw\classification\ct-kidney\Stone\Stone- (866).jpg,Stone,1
D:\Final Sem Project\KidneyStoneAI\datasets\raw\classification\ct-kidney\Stone\Stone- (682).jpg,Stone,1
D:\Final Sem Project\KidneyStoneAI\datasets\raw\classification\ct-kidney\Normal\Normal- (3101).jpg,Normal,0
D:\Final Sem Project\KidneyStoneAI\datasets\raw\classification\ct-kidney\Stone\Stone- (1363).jpg,Stone,1
D:\Final Sem Project\KidneyStoneAI\datasets\raw\classification\ct-kidney\Normal\Normal- (3509).jpg,Normal,0
D:\Final Sem Project\KidneyStoneAI\datasets\raw\classification\ct-kidney\Normal\Normal- (3675).jpg,Normal,0
D:\Final Sem Project\KidneyStoneAI\datasets\raw\classification\ct-kidney\Normal\Normal- (5012).jpg,Normal,0
D:\Final Sem Project\KidneyStoneAI\datasets\raw\classification\ct-kidney\Normal\Normal- (8).jpg,Normal,0
D:\Final Sem Project\KidneyStoneAI\datasets\raw\classification\ct-kidney\Stone\Stone- (523).jpg,Stone,1
D:\Final Sem Project\KidneyStoneAI\datasets\raw\classification\ct-kidney\Normal\Normal- (533).jpg,Normal,0
D:\Final Sem Project\KidneyStoneAI\datasets\raw\classification\ct-kidney\Normal\Normal- (3586).jpg,Normal,0
D:\Final Sem Project\KidneyStoneAI\datasets\raw\classification\ct-kidney\Normal\Normal- (4601).jpg,Normal,0
D:\Final Sem Project\KidneyStoneAI\datasets\raw\classification\ct-kidney\Stone\Stone- (118).jpg,Stone,1
D:\Final Sem Project\KidneyStoneAI\datasets\raw\classification\ct-kidney\Normal\Normal- (80).jpg,Normal,0
D:\Final Sem Project\KidneyStoneAI\datasets\raw\classification\ct-kidney\Stone\Stone- (703).jpg,Stone,1
D:\Final Sem Project\KidneyStoneAI\datasets\raw\classification\ct-kidney\Normal\Normal- (1285).jpg,Normal,0
D:\Final Sem Project\KidneyStoneAI\datasets\raw\classification\ct-kidney\Stone\Stone- (181).jpg,Stone,1
D:\Final Sem Project\KidneyStoneAI\datasets\raw\classification\ct-kidney\Normal\Normal- (3043).jpg,Normal,0
D:\Final Sem Project\KidneyStoneAI\datasets\raw\classification\ct-kidney\Normal\Normal- (2613).jpg,Normal,0
D:\Final Sem Project\KidneyStoneAI\datasets\raw\classification\ct-kidney\Normal\Normal- (4824).jpg,Normal,0
D:\Final Sem Project\KidneyStoneAI\datasets\raw\classification\ct-kidney\Normal\Normal- (3490).jpg,Normal,0
D:\Final Sem Project\KidneyStoneAI\datasets\raw\classification\ct-kidney\Stone\Stone- (1142).jpg,Stone,1
D:\Final Sem Project\KidneyStoneAI\datasets\raw\classification\ct-kidney\Normal\Normal- (2626).jpg,Normal,0
D:\Final Sem Project\KidneyStoneAI\datasets\raw\classification\ct-kidney\Stone\Stone- (589).jpg,Stone,1
D:\Final Sem Project\KidneyStoneAI\datasets\raw\classification\ct-kidney\Normal\Normal- (697).jpg,Normal,0
D:\Final Sem Project\KidneyStoneAI\datasets\raw\classification\ct-kidney\Normal\Normal- (1163).jpg,Normal,0
D:\Final Sem Project\KidneyStoneAI\datasets\raw\classification\ct-kidney\Normal\Normal- (1287).jpg,Normal,0
D:\Final Sem Project\KidneyStoneAI\datasets\raw\classification\ct-kidney\Normal\Normal- (4939).jpg,Normal,0
D:\Final Sem Project\KidneyStoneAI\datasets\raw\classification\ct-kidney\Normal\Normal- (1986).jpg,Normal,0
D:\Final Sem Project\KidneyStoneAI\datasets\raw\classification\ct-kidney\Normal\Normal- (768).jpg,Normal,0
D:\Final Sem Project\KidneyStoneAI\datasets\raw\classification\ct-kidney\Normal\Normal- (1634).jpg,Normal,0
D:\Final Sem Project\KidneyStoneAI\datasets\raw\classification\ct-kidney\Stone\Stone- (135).jpg,Stone,1
D:\Final Sem Project\KidneyStoneAI\datasets\raw\classification\ct-kidney\Normal\Normal- (3819).jpg,Normal,0
D:\Final Sem Project\KidneyStoneAI\datasets\raw\classification\ct-kidney\Stone\Stone- (770).jpg,Stone,1
D:\Final Sem Project\KidneyStoneAI\datasets\raw\classification\ct-kidney\Normal\Normal- (807).jpg,Normal,0
D:\Final Sem Project\KidneyStoneAI\datasets\raw\classification\ct-kidney\Normal\Normal- (983).jpg,Normal,0
D:\Final Sem Project\KidneyStoneAI\datasets\raw\classification\ct-kidney\Stone\Stone- (131).jpg,Stone,1
D:\Final Sem Project\KidneyStoneAI\datasets\raw\classification\ct-kidney\Normal\Normal- (4196).jpg,Normal,0
D:\Final Sem Project\KidneyStoneAI\datasets\raw\classification\ct-kidney\Normal\Normal- (4155).jpg,Normal,0
D:\Final Sem Project\KidneyStoneAI\datasets\raw\classification\ct-kidney\Normal\Normal- (4432).jpg,Normal,0
D:\Final Sem Project\KidneyStoneAI\datasets\raw\classification\ct-kidney\Normal\Normal- (792).jpg,Normal,0
D:\Final Sem Project\KidneyStoneAI\datasets\raw\classification\ct-kidney\Normal\Normal- (701).jpg,Normal,0
D:\Final Sem Project\KidneyStoneAI\datasets\raw\classification\ct-kidney\Normal\Normal- (3365).jpg,Normal,0
D:\Final Sem Project\KidneyStoneAI\datasets\raw\classification\ct-kidney\Stone\Stone- (230).jpg,Stone,1
D:\Final Sem Project\KidneyStoneAI\datasets\raw\classification\ct-kidney\Normal\Normal- (4217).jpg,Normal,0
D:\Final Sem Project\KidneyStoneAI\datasets\raw\classification\ct-kidney\Normal\Normal- (1648).jpg,Normal,0
D:\Final Sem Project\KidneyStoneAI\datasets\raw\classification\ct-kidney\Normal\Normal- (2922).jpg,Normal,0
D:\Final Sem Project\KidneyStoneAI\datasets\raw\classification\ct-kidney\Normal\Normal- (1541).jpg,Normal,0
D:\Final Sem Project\KidneyStoneAI\datasets\raw\classification\ct-kidney\Normal\Normal- (4764).jpg,Normal,0
D:\Final Sem Project\KidneyStoneAI\datasets\raw\classification\ct-kidney\Normal\Normal- (1085).jpg,Normal,0
D:\Final Sem Project\KidneyStoneAI\datasets\raw\classification\ct-kidney\Normal\Normal- (1049).jpg,Normal,0
D:\Final Sem Project\KidneyStoneAI\datasets\raw\classification\ct-kidney\Stone\Stone- (840).jpg,Stone,1
D:\Final Sem Project\KidneyStoneAI\datasets\raw\classification\ct-kidney\Normal\Normal- (372).jpg,Normal,0
D:\Final Sem Project\KidneyStoneAI\datasets\raw\classification\ct-kidney\Normal\Normal- (630).jpg,Normal,0
D:\Final Sem Project\KidneyStoneAI\datasets\raw\classification\ct-kidney\Normal\Normal- (1228).jpg,Normal,0
D:\Final Sem Project\KidneyStoneAI\datasets\raw\classification\ct-kidney\Normal\Normal- (3105).jpg,Normal,0
D:\Final Sem Project\KidneyStoneAI\datasets\raw\classification\ct-kidney\Normal\Normal- (3597).jpg,Normal,0
D:\Final Sem Project\KidneyStoneAI\datasets\raw\classification\ct-kidney\Normal\Normal- (2579).jpg,Normal,0
D:\Final Sem Project\KidneyStoneAI\datasets\raw\classification\ct-kidney\Normal\Normal- (3750).jpg,Normal,0
D:\Final Sem Project\KidneyStoneAI\datasets\raw\classification\ct-kidney\Stone\Stone- (385).jpg,Stone,1
D:\Final Sem Project\KidneyStoneAI\datasets\raw\classification\ct-kidney\Normal\Normal- (2158).jpg,Normal,0
D:\Final Sem Project\KidneyStoneAI\datasets\raw\classification\ct-kidney\Normal\Normal- (3778).jpg,Normal,0
D:\Final Sem Project\KidneyStoneAI\datasets\raw\classification\ct-kidney\Normal\Normal- (2571).jpg,Normal,0
D:\Final Sem Project\KidneyStoneAI\datasets\raw\classification\ct-kidney\Stone\Stone- (217).jpg,Stone,1
D:\Final Sem Project\KidneyStoneAI\datasets\raw\classification\ct-kidney\Normal\Normal- (2149).jpg,Normal,0
D:\Final Sem Project\KidneyStoneAI\datasets\raw\classification\ct-kidney\Normal\Normal- (2472).jpg,Normal,0
D:\Final Sem Project\KidneyStoneAI\datasets\raw\classification\ct-kidney\Stone\Stone- (1229).jpg,Stone,1
D:\Final Sem Project\KidneyStoneAI\datasets\raw\classification\ct-kidney\Normal\Normal- (1530).jpg,Normal,0
D:\Final Sem Project\KidneyStoneAI\datasets\raw\classification\ct-kidney\Stone\Stone- (880).jpg,Stone,1
D:\Final Sem Project\KidneyStoneAI\datasets\raw\classification\ct-kidney\Normal\Normal- (3783).jpg,Normal,0
D:\Final Sem Project\KidneyStoneAI\datasets\raw\classification\ct-kidney\Stone\Stone- (1).jpg,Stone,1
D:\Final Sem Project\KidneyStoneAI\datasets\raw\classification\ct-kidney\Stone\Stone- (7).jpg,Stone,1
D:\Final Sem Project\KidneyStoneAI\datasets\raw\classification\ct-kidney\Stone\Stone- (810).jpg,Stone,1
D:\Final Sem Project\KidneyStoneAI\datasets\raw\classification\ct-kidney\Normal\Normal- (2951).jpg,Normal,0
D:\Final Sem Project\KidneyStoneAI\datasets\raw\classification\ct-kidney\Normal\Normal- (3877).jpg,Normal,0
D:\Final Sem Project\KidneyStoneAI\datasets\raw\classification\ct-kidney\Normal\Normal- (3932).jpg,Normal,0
D:\Final Sem Project\KidneyStoneAI\datasets\raw\classification\ct-kidney\Stone\Stone- (411).jpg,Stone,1
D:\Final Sem Project\KidneyStoneAI\datasets\raw\classification\ct-kidney\Normal\Normal- (3212).jpg,Normal,0
D:\Final Sem Project\KidneyStoneAI\datasets\raw\classification\ct-kidney\Normal\Normal- (621).jpg,Normal,0
D:\Final Sem Project\KidneyStoneAI\datasets\raw\classification\ct-kidney\Stone\Stone- (630).jpg,Stone,1
D:\Final Sem Project\KidneyStoneAI\datasets\raw\classification\ct-kidney\Normal\Normal- (1659).jpg,Normal,0
D:\Final Sem Project\KidneyStoneAI\datasets\raw\classification\ct-kidney\Normal\Normal- (226).jpg,Normal,0
D:\Final Sem Project\KidneyStoneAI\datasets\raw\classification\ct-kidney\Normal\Normal- (1882).jpg,Normal,0
D:\Final Sem Project\KidneyStoneAI\datasets\raw\classification\ct-kidney\Normal\Normal- (4482).jpg,Normal,0
D:\Final Sem Project\KidneyStoneAI\datasets\raw\classification\ct-kidney\Normal\Normal- (201).jpg,Normal,0
D:\Final Sem Project\KidneyStoneAI\datasets\raw\classification\ct-kidney\Normal\Normal- (464).jpg,Normal,0
D:\Final Sem Project\KidneyStoneAI\datasets\raw\classification\ct-kidney\Normal\Normal- (2189).jpg,Normal,0
D:\Final Sem Project\KidneyStoneAI\datasets\raw\classification\ct-kidney\Normal\Normal- (3606).jpg,Normal,0
D:\Final Sem Project\KidneyStoneAI\datasets\raw\classification\ct-kidney\Normal\Normal- (2121).jpg,Normal,0
D:\Final Sem Project\KidneyStoneAI\datasets\raw\classification\ct-kidney\Normal\Normal- (2426).jpg,Normal,0
D:\Final Sem Project\KidneyStoneAI\datasets\raw\classification\ct-kidney\Normal\Normal- (480).jpg,Normal,0
D:\Final Sem Project\KidneyStoneAI\datasets\raw\classification\ct-kidney\Normal\Normal- (4888).jpg,Normal,0
D:\Final Sem Project\KidneyStoneAI\datasets\raw\classification\ct-kidney\Normal\Normal- (1372).jpg,Normal,0
D:\Final Sem Project\KidneyStoneAI\datasets\raw\classification\ct-kidney\Normal\Normal- (264).jpg,Normal,0
D:\Final Sem Project\KidneyStoneAI\datasets\raw\classification\ct-kidney\Stone\Stone- (1027).jpg,Stone,1
D:\Final Sem Project\KidneyStoneAI\datasets\raw\classification\ct-kidney\Stone\Stone- (73).jpg,Stone,1
D:\Final Sem Project\KidneyStoneAI\datasets\raw\classification\ct-kidney\Normal\Normal- (2703).jpg,Normal,0
D:\Final Sem Project\KidneyStoneAI\datasets\raw\classification\ct-kidney\Normal\Normal- (3881).jpg,Normal,0
D:\Final Sem Project\KidneyStoneAI\datasets\raw\classification\ct-kidney\Stone\Stone- (701).jpg,Stone,1
D:\Final Sem Project\KidneyStoneAI\datasets\raw\classification\ct-kidney\Normal\Normal- (4003).jpg,Normal,0
D:\Final Sem Project\KidneyStoneAI\datasets\raw\classification\ct-kidney\Normal\Normal- (1317).jpg,Normal,0
D:\Final Sem Project\KidneyStoneAI\datasets\raw\classification\ct-kidney\Normal\Normal- (728).jpg,Normal,0
D:\Final Sem Project\KidneyStoneAI\datasets\raw\classification\ct-kidney\Normal\Normal- (1424).jpg,Normal,0
D:\Final Sem Project\KidneyStoneAI\datasets\raw\classification\ct-kidney\Normal\Normal- (1338).jpg,Normal,0
D:\Final Sem Project\KidneyStoneAI\datasets\raw\classification\ct-kidney\Normal\Normal- (115).jpg,Normal,0
D:\Final Sem Project\KidneyStoneAI\datasets\raw\classification\ct-kidney\Normal\Normal- (1104).jpg,Normal,0
D:\Final Sem Project\KidneyStoneAI\datasets\raw\classification\ct-kidney\Normal\Normal- (2017).jpg,Normal,0
D:\Final Sem Project\KidneyStoneAI\datasets\raw\classification\ct-kidney\Normal\Normal- (1954).jpg,Normal,0
D:\Final Sem Project\KidneyStoneAI\datasets\raw\classification\ct-kidney\Normal\Normal- (1873).jpg,Normal,0
D:\Final Sem Project\KidneyStoneAI\datasets\raw\classification\ct-kidney\Normal\Normal- (3805).jpg,Normal,0
D:\Final Sem Project\KidneyStoneAI\datasets\raw\classification\ct-kidney\Stone\Stone- (200).jpg,Stone,1
D:\Final Sem Project\KidneyStoneAI\datasets\raw\classification\ct-kidney\Normal\Normal- (4382).jpg,Normal,0
D:\Final Sem Project\KidneyStoneAI\datasets\raw\classification\ct-kidney\Normal\Normal- (2925).jpg,Normal,0
D:\Final Sem Project\KidneyStoneAI\datasets\raw\classification\ct-kidney\Stone\Stone- (146).jpg,Stone,1
D:\Final Sem Project\KidneyStoneAI\datasets\raw\classification\ct-kidney\Normal\Normal- (761).jpg,Normal,0
D:\Final Sem Project\KidneyStoneAI\datasets\raw\classification\ct-kidney\Normal\Normal- (4606).jpg,Normal,0
D:\Final Sem Project\KidneyStoneAI\datasets\raw\classification\ct-kidney\Normal\Normal- (460).jpg,Normal,0
D:\Final Sem Project\KidneyStoneAI\datasets\raw\classification\ct-kidney\Normal\Normal- (2228).jpg,Normal,0
D:\Final Sem Project\KidneyStoneAI\datasets\raw\classification\ct-kidney\Normal\Normal- (4685).jpg,Normal,0
D:\Final Sem Project\KidneyStoneAI\datasets\raw\classification\ct-kidney\Normal\Normal- (2747).jpg,Normal,0
D:\Final Sem Project\KidneyStoneAI\datasets\raw\classification\ct-kidney\Stone\Stone- (807).jpg,Stone,1
D:\Final Sem Project\KidneyStoneAI\datasets\raw\classification\ct-kidney\Stone\Stone- (474).jpg,Stone,1
D:\Final Sem Project\KidneyStoneAI\datasets\raw\classification\ct-kidney\Normal\Normal- (4260).jpg,Normal,0
D:\Final Sem Project\KidneyStoneAI\datasets\raw\classification\ct-kidney\Stone\Stone- (606).jpg,Stone,1
D:\Final Sem Project\KidneyStoneAI\datasets\raw\classification\ct-kidney\Normal\Normal- (3787).jpg,Normal,0
D:\Final Sem Project\KidneyStoneAI\datasets\raw\classification\ct-kidney\Normal\Normal- (3343).jpg,Normal,0
D:\Final Sem Project\KidneyStoneAI\datasets\raw\classification\ct-kidney\Normal\Normal- (2848).jpg,Normal,0
D:\Final Sem Project\KidneyStoneAI\datasets\raw\classification\ct-kidney\Normal\Normal- (3241).jpg,Normal,0
D:\Final Sem Project\KidneyStoneAI\datasets\raw\classification\ct-kidney\Stone\Stone- (530).jpg,Stone,1
D:\Final Sem Project\KidneyStoneAI\datasets\raw\classification\ct-kidney\Stone\Stone- (1209).jpg,Stone,1
D:\Final Sem Project\KidneyStoneAI\datasets\raw\classification\ct-kidney\Normal\Normal- (974).jpg,Normal,0
D:\Final Sem Project\KidneyStoneAI\datasets\raw\classification\ct-kidney\Normal\Normal- (141).jpg,Normal,0
D:\Final Sem Project\KidneyStoneAI\datasets\raw\classification\ct-kidney\Normal\Normal- (1361).jpg,Normal,0
D:\Final Sem Project\KidneyStoneAI\datasets\raw\classification\ct-kidney\Normal\Normal- (2875).jpg,Normal,0
D:\Final Sem Project\KidneyStoneAI\datasets\raw\classification\ct-kidney\Normal\Normal- (2521).jpg,Normal,0
D:\Final Sem Project\KidneyStoneAI\datasets\raw\classification\ct-kidney\Stone\Stone- (159).jpg,Stone,1
D:\Final Sem Project\KidneyStoneAI\datasets\raw\classification\ct-kidney\Normal\Normal- (4094).jpg,Normal,0
D:\Final Sem Project\KidneyStoneAI\datasets\raw\classification\ct-kidney\Stone\Stone- (367).jpg,Stone,1
D:\Final Sem Project\KidneyStoneAI\datasets\raw\classification\ct-kidney\Normal\Normal- (1532).jpg,Normal,0
D:\Final Sem Project\KidneyStoneAI\datasets\raw\classification\ct-kidney\Normal\Normal- (3886).jpg,Normal,0
D:\Final Sem Project\KidneyStoneAI\datasets\raw\classification\ct-kidney\Normal\Normal- (3063).jpg,Normal,0
D:\Final Sem Project\KidneyStoneAI\datasets\raw\classification\ct-kidney\Normal\Normal- (1225).jpg,Normal,0
D:\Final Sem Project\KidneyStoneAI\datasets\raw\classification\ct-kidney\Normal\Normal- (4051).jpg,Normal,0
D:\Final Sem Project\KidneyStoneAI\datasets\raw\classification\ct-kidney\Normal\Normal- (1565).jpg,Normal,0
D:\Final Sem Project\KidneyStoneAI\datasets\raw\classification\ct-kidney\Stone\Stone- (1177).jpg,Stone,1
D:\Final Sem Project\KidneyStoneAI\datasets\raw\classification\ct-kidney\Normal\Normal- (4129).jpg,Normal,0
D:\Final Sem Project\KidneyStoneAI\datasets\raw\classification\ct-kidney\Stone\Stone- (794).jpg,Stone,1
D:\Final Sem Project\KidneyStoneAI\datasets\raw\classification\ct-kidney\Normal\Normal- (1935).jpg,Normal,0
D:\Final Sem Project\KidneyStoneAI\datasets\raw\classification\ct-kidney\Normal\Normal- (3646).jpg,Normal,0
D:\Final Sem Project\KidneyStoneAI\datasets\raw\classification\ct-kidney\Normal\Normal- (381).jpg,Normal,0
D:\Final Sem Project\KidneyStoneAI\datasets\raw\classification\ct-kidney\Normal\Normal- (2137).jpg,Normal,0
D:\Final Sem Project\KidneyStoneAI\datasets\raw\classification\ct-kidney\Normal\Normal- (512).jpg,Normal,0
D:\Final Sem Project\KidneyStoneAI\datasets\raw\classification\ct-kidney\Stone\Stone- (823).jpg,Stone,1
D:\Final Sem Project\KidneyStoneAI\datasets\raw\classification\ct-kidney\Normal\Normal- (2963).jpg,Normal,0
D:\Final Sem Project\KidneyStoneAI\datasets\raw\classification\ct-kidney\Normal\Normal- (39).jpg,Normal,0
D:\Final Sem Project\KidneyStoneAI\datasets\raw\classification\ct-kidney\Normal\Normal- (2720).jpg,Normal,0
D:\Final Sem Project\KidneyStoneAI\datasets\raw\classification\ct-kidney\Stone\Stone- (150).jpg,Stone,1
D:\Final Sem Project\KidneyStoneAI\datasets\raw\classification\ct-kidney\Normal\Normal- (4408).jpg,Normal,0
D:\Final Sem Project\KidneyStoneAI\datasets\raw\classification\ct-kidney\Normal\Normal- (2576).jpg,Normal,0
D:\Final Sem Project\KidneyStoneAI\datasets\raw\classification\ct-kidney\Normal\Normal- (3645).jpg,Normal,0
D:\Final Sem Project\KidneyStoneAI\datasets\raw\classification\ct-kidney\Stone\Stone- (1143).jpg,Stone,1
D:\Final Sem Project\KidneyStoneAI\datasets\raw\classification\ct-kidney\Normal\Normal- (2391).jpg,Normal,0
D:\Final Sem Project\KidneyStoneAI\datasets\raw\classification\ct-kidney\Stone\Stone- (672).jpg,Stone,1
D:\Final Sem Project\KidneyStoneAI\datasets\raw\classification\ct-kidney\Stone\Stone- (1078).jpg,Stone,1
D:\Final Sem Project\KidneyStoneAI\datasets\raw\classification\ct-kidney\Normal\Normal- (1161).jpg,Normal,0
D:\Final Sem Project\KidneyStoneAI\datasets\raw\classification\ct-kidney\Normal\Normal- (3726).jpg,Normal,0
D:\Final Sem Project\KidneyStoneAI\datasets\raw\classification\ct-kidney\Normal\Normal- (2788).jpg,Normal,0
D:\Final Sem Project\KidneyStoneAI\datasets\raw\classification\ct-kidney\Normal\Normal- (5075).jpg,Normal,0
D:\Final Sem Project\KidneyStoneAI\datasets\raw\classification\ct-kidney\Stone\Stone- (87).jpg,Stone,1
D:\Final Sem Project\KidneyStoneAI\datasets\raw\classification\ct-kidney\Stone\Stone- (844).jpg,Stone,1
D:\Final Sem Project\KidneyStoneAI\datasets\raw\classification\ct-kidney\Normal\Normal- (3138).jpg,Normal,0
D:\Final Sem Project\KidneyStoneAI\datasets\raw\classification\ct-kidney\Stone\Stone- (884).jpg,Stone,1
D:\Final Sem Project\KidneyStoneAI\datasets\raw\classification\ct-kidney\Normal\Normal- (402).jpg,Normal,0
D:\Final Sem Project\KidneyStoneAI\datasets\raw\classification\ct-kidney\Normal\Normal- (4564).jpg,Normal,0
D:\Final Sem Project\KidneyStoneAI\datasets\raw\classification\ct-kidney\Normal\Normal- (4904).jpg,Normal,0
D:\Final Sem Project\KidneyStoneAI\datasets\raw\classification\ct-kidney\Normal\Normal- (1139).jpg,Normal,0
D:\Final Sem Project\KidneyStoneAI\datasets\raw\classification\ct-kidney\Stone\Stone- (17).jpg,Stone,1
D:\Final Sem Project\KidneyStoneAI\datasets\raw\classification\ct-kidney\Stone\Stone- (1060).jpg,Stone,1
D:\Final Sem Project\KidneyStoneAI\datasets\raw\classification\ct-kidney\Stone\Stone- (279).jpg,Stone,1
D:\Final Sem Project\KidneyStoneAI\datasets\raw\classification\ct-kidney\Stone\Stone- (752).jpg,Stone,1
D:\Final Sem Project\KidneyStoneAI\datasets\raw\classification\ct-kidney\Normal\Normal- (3873).jpg,Normal,0
D:\Final Sem Project\KidneyStoneAI\datasets\raw\classification\ct-kidney\Normal\Normal- (3846).jpg,Normal,0
D:\Final Sem Project\KidneyStoneAI\datasets\raw\classification\ct-kidney\Normal\Normal- (2374).jpg,Normal,0
D:\Final Sem Project\KidneyStoneAI\datasets\raw\classification\ct-kidney\Normal\Normal- (2304).jpg,Normal,0
D:\Final Sem Project\KidneyStoneAI\datasets\raw\classification\ct-kidney\Normal\Normal- (3593).jpg,Normal,0
D:\Final Sem Project\KidneyStoneAI\datasets\raw\classification\ct-kidney\Normal\Normal- (3869).jpg,Normal,0
D:\Final Sem Project\KidneyStoneAI\datasets\raw\classification\ct-kidney\Normal\Normal- (2554).jpg,Normal,0
D:\Final Sem Project\KidneyStoneAI\datasets\raw\classification\ct-kidney\Normal\Normal- (4898).jpg,Normal,0
D:\Final Sem Project\KidneyStoneAI\datasets\raw\classification\ct-kidney\Stone\Stone- (1159).jpg,Stone,1
D:\Final Sem Project\KidneyStoneAI\datasets\raw\classification\ct-kidney\Normal\Normal- (2672).jpg,Normal,0
D:\Final Sem Project\KidneyStoneAI\datasets\raw\classification\ct-kidney\Normal\Normal- (4472).jpg,Normal,0
D:\Final Sem Project\KidneyStoneAI\datasets\raw\classification\ct-kidney\Normal\Normal- (4462).jpg,Normal,0
D:\Final Sem Project\KidneyStoneAI\datasets\raw\classification\ct-kidney\Normal\Normal- (787).jpg,Normal,0
D:\Final Sem Project\KidneyStoneAI\datasets\raw\classification\ct-kidney\Normal\Normal- (884).jpg,Normal,0
D:\Final Sem Project\KidneyStoneAI\datasets\raw\classification\ct-kidney\Normal\Normal- (3925).jpg,Normal,0
D:\Final Sem Project\KidneyStoneAI\datasets\raw\classification\ct-kidney\Normal\Normal- (2037).jpg,Normal,0
D:\Final Sem Project\KidneyStoneAI\datasets\raw\classification\ct-kidney\Normal\Normal- (3772).jpg,Normal,0
D:\Final Sem Project\KidneyStoneAI\datasets\raw\classification\ct-kidney\Normal\Normal- (3790).jpg,Normal,0
D:\Final Sem Project\KidneyStoneAI\datasets\raw\classification\ct-kidney\Stone\Stone- (1010).jpg,Stone,1
D:\Final Sem Project\KidneyStoneAI\datasets\raw\classification\ct-kidney\Normal\Normal- (3225).jpg,Normal,0
D:\Final Sem Project\KidneyStoneAI\datasets\raw\classification\ct-kidney\Normal\Normal- (1844).jpg,Normal,0
D:\Final Sem Project\KidneyStoneAI\datasets\raw\classification\ct-kidney\Stone\Stone- (1186).jpg,Stone,1
D:\Final Sem Project\KidneyStoneAI\datasets\raw\classification\ct-kidney\Stone\Stone- (78).jpg,Stone,1
D:\Final Sem Project\KidneyStoneAI\datasets\raw\classification\ct-kidney\Stone\Stone- (1357).jpg,Stone,1
D:\Final Sem Project\KidneyStoneAI\datasets\raw\classification\ct-kidney\Normal\Normal- (164).jpg,Normal,0
D:\Final Sem Project\KidneyStoneAI\datasets\raw\classification\ct-kidney\Stone\Stone- (910).jpg,Stone,1
D:\Final Sem Project\KidneyStoneAI\datasets\raw\classification\ct-kidney\Normal\Normal- (23).jpg,Normal,0
D:\Final Sem Project\KidneyStoneAI\datasets\raw\classification\ct-kidney\Normal\Normal- (2008).jpg,Normal,0
D:\Final Sem Project\KidneyStoneAI\datasets\raw\classification\ct-kidney\Normal\Normal- (1956).jpg,Normal,0
D:\Final Sem Project\KidneyStoneAI\datasets\raw\classification\ct-kidney\Normal\Normal- (490).jpg,Normal,0
D:\Final Sem Project\KidneyStoneAI\datasets\raw\classification\ct-kidney\Stone\Stone- (26).jpg,Stone,1
D:\Final Sem Project\KidneyStoneAI\datasets\raw\classification\ct-kidney\Stone\Stone- (834).jpg,Stone,1
D:\Final Sem Project\KidneyStoneAI\datasets\raw\classification\ct-kidney\Normal\Normal- (1963).jpg,Normal,0
D:\Final Sem Project\KidneyStoneAI\datasets\raw\classification\ct-kidney\Normal\Normal- (3403).jpg,Normal,0
D:\Final Sem Project\KidneyStoneAI\datasets\raw\classification\ct-kidney\Normal\Normal- (3021).jpg,Normal,0
D:\Final Sem Project\KidneyStoneAI\datasets\raw\classification\ct-kidney\Normal\Normal- (4338).jpg,Normal,0
D:\Final Sem Project\KidneyStoneAI\datasets\raw\classification\ct-kidney\Stone\Stone- (1085).jpg,Stone,1
D:\Final Sem Project\KidneyStoneAI\datasets\raw\classification\ct-kidney\Normal\Normal- (276).jpg,Normal,0
D:\Final Sem Project\KidneyStoneAI\datasets\raw\classification\ct-kidney\Normal\Normal- (1127).jpg,Normal,0
D:\Final Sem Project\KidneyStoneAI\datasets\raw\classification\ct-kidney\Stone\Stone- (1288).jpg,Stone,1
D:\Final Sem Project\KidneyStoneAI\datasets\raw\classification\ct-kidney\Normal\Normal- (2421).jpg,Normal,0
D:\Final Sem Project\KidneyStoneAI\datasets\raw\classification\ct-kidney\Normal\Normal- (4156).jpg,Normal,0
D:\Final Sem Project\KidneyStoneAI\datasets\raw\classification\ct-kidney\Normal\Normal- (1946).jpg,Normal,0
D:\Final Sem Project\KidneyStoneAI\datasets\raw\classification\ct-kidney\Normal\Normal- (183).jpg,Normal,0
D:\Final Sem Project\KidneyStoneAI\datasets\raw\classification\ct-kidney\Normal\Normal- (4988).jpg,Normal,0
D:\Final Sem Project\KidneyStoneAI\datasets\raw\classification\ct-kidney\Normal\Normal- (3883).jpg,Normal,0
D:\Final Sem Project\KidneyStoneAI\datasets\raw\classification\ct-kidney\Normal\Normal- (2760).jpg,Normal,0
D:\Final Sem Project\KidneyStoneAI\datasets\raw\classification\ct-kidney\Normal\Normal- (1934).jpg,Normal,0
D:\Final Sem Project\KidneyStoneAI\datasets\raw\classification\ct-kidney\Normal\Normal- (3829).jpg,Normal,0
D:\Final Sem Project\KidneyStoneAI\datasets\raw\classification\ct-kidney\Normal\Normal- (2879).jpg,Normal,0
D:\Final Sem Project\KidneyStoneAI\datasets\raw\classification\ct-kidney\Normal\Normal- (910).jpg,Normal,0
D:\Final Sem Project\KidneyStoneAI\datasets\raw\classification\ct-kidney\Normal\Normal- (5006).jpg,Normal,0
D:\Final Sem Project\KidneyStoneAI\datasets\raw\classification\ct-kidney\Normal\Normal- (404).jpg,Normal,0
D:\Final Sem Project\KidneyStoneAI\datasets\raw\classification\ct-kidney\Normal\Normal- (742).jpg,Normal,0
D:\Final Sem Project\KidneyStoneAI\datasets\raw\classification\ct-kidney\Normal\Normal- (1825).jpg,Normal,0
D:\Final Sem Project\KidneyStoneAI\datasets\raw\classification\ct-kidney\Normal\Normal- (4585).jpg,Normal,0
D:\Final Sem Project\KidneyStoneAI\datasets\raw\classification\ct-kidney\Normal\Normal- (4293).jpg,Normal,0
D:\Final Sem Project\KidneyStoneAI\datasets\raw\classification\ct-kidney\Normal\Normal- (340).jpg,Normal,0
D:\Final Sem Project\KidneyStoneAI\datasets\raw\classification\ct-kidney\Normal\Normal- (4966).jpg,Normal,0
D:\Final Sem Project\KidneyStoneAI\datasets\raw\classification\ct-kidney\Normal\Normal- (642).jpg,Normal,0
D:\Final Sem Project\KidneyStoneAI\datasets\raw\classification\ct-kidney\Normal\Normal- (4816).jpg,Normal,0
D:\Final Sem Project\KidneyStoneAI\datasets\raw\classification\ct-kidney\Normal\Normal- (649).jpg,Normal,0
D:\Final Sem Project\KidneyStoneAI\datasets\raw\classification\ct-kidney\Stone\Stone- (376).jpg,Stone,1
D:\Final Sem Project\KidneyStoneAI\datasets\raw\classification\ct-kidney\Normal\Normal- (913).jpg,Normal,0
D:\Final Sem Project\KidneyStoneAI\datasets\raw\classification\ct-kidney\Stone\Stone- (329).jpg,Stone,1
D:\Final Sem Project\KidneyStoneAI\datasets\raw\classification\ct-kidney\Normal\Normal- (1936).jpg,Normal,0
D:\Final Sem Project\KidneyStoneAI\datasets\raw\classification\ct-kidney\Normal\Normal- (1068).jpg,Normal,0
D:\Final Sem Project\KidneyStoneAI\datasets\raw\classification\ct-kidney\Normal\Normal- (920).jpg,Normal,0
D:\Final Sem Project\KidneyStoneAI\datasets\raw\classification\ct-kidney\Normal\Normal- (4106).jpg,Normal,0
D:\Final Sem Project\KidneyStoneAI\datasets\raw\classification\ct-kidney\Normal\Normal- (1060).jpg,Normal,0
D:\Final Sem Project\KidneyStoneAI\datasets\raw\classification\ct-kidney\Normal\Normal- (2167).jpg,Normal,0
D:\Final Sem Project\KidneyStoneAI\datasets\raw\classification\ct-kidney\Normal\Normal- (1413).jpg,Normal,0
D:\Final Sem Project\KidneyStoneAI\datasets\raw\classification\ct-kidney\Normal\Normal- (4159).jpg,Normal,0
D:\Final Sem Project\KidneyStoneAI\datasets\raw\classification\ct-kidney\Normal\Normal- (1876).jpg,Normal,0
D:\Final Sem Project\KidneyStoneAI\datasets\raw\classification\ct-kidney\Normal\Normal- (2717).jpg,Normal,0
D:\Final Sem Project\KidneyStoneAI\datasets\raw\classification\ct-kidney\Normal\Normal- (2573).jpg,Normal,0
D:\Final Sem Project\KidneyStoneAI\datasets\raw\classification\ct-kidney\Normal\Normal- (3853).jpg,Normal,0
D:\Final Sem Project\KidneyStoneAI\datasets\raw\classification\ct-kidney\Normal\Normal- (3202).jpg,Normal,0
D:\Final Sem Project\KidneyStoneAI\datasets\raw\classification\ct-kidney\Normal\Normal- (3054).jpg,Normal,0
D:\Final Sem Project\KidneyStoneAI\datasets\raw\classification\ct-kidney\Normal\Normal- (3443).jpg,Normal,0
D:\Final Sem Project\KidneyStoneAI\datasets\raw\classification\ct-kidney\Normal\Normal- (128).jpg,Normal,0
D:\Final Sem Project\KidneyStoneAI\datasets\raw\classification\ct-kidney\Normal\Normal- (3613).jpg,Normal,0
D:\Final Sem Project\KidneyStoneAI\datasets\raw\classification\ct-kidney\Stone\Stone- (434).jpg,Stone,1
D:\Final Sem Project\KidneyStoneAI\datasets\raw\classification\ct-kidney\Stone\Stone- (332).jpg,Stone,1
D:\Final Sem Project\KidneyStoneAI\datasets\raw\classification\ct-kidney\Normal\Normal- (3796).jpg,Normal,0
D:\Final Sem Project\KidneyStoneAI\datasets\raw\classification\ct-kidney\Normal\Normal- (2459).jpg,Normal,0
D:\Final Sem Project\KidneyStoneAI\datasets\raw\classification\ct-kidney\Normal\Normal- (3567).jpg,Normal,0
D:\Final Sem Project\KidneyStoneAI\datasets\raw\classification\ct-kidney\Stone\Stone- (1285).jpg,Stone,1
D:\Final Sem Project\KidneyStoneAI\datasets\raw\classification\ct-kidney\Normal\Normal- (1217).jpg,Normal,0
D:\Final Sem Project\KidneyStoneAI\datasets\raw\classification\ct-kidney\Normal\Normal- (1937).jpg,Normal,0
D:\Final Sem Project\KidneyStoneAI\datasets\raw\classification\ct-kidney\Normal\Normal- (3541).jpg,Normal,0
D:\Final Sem Project\KidneyStoneAI\datasets\raw\classification\ct-kidney\Stone\Stone- (948).jpg,Stone,1
D:\Final Sem Project\KidneyStoneAI\datasets\raw\classification\ct-kidney\Normal\Normal- (4565).jpg,Normal,0
D:\Final Sem Project\KidneyStoneAI\datasets\raw\classification\ct-kidney\Normal\Normal- (2883).jpg,Normal,0
D:\Final Sem Project\KidneyStoneAI\datasets\raw\classification\ct-kidney\Normal\Normal- (2644).jpg,Normal,0
D:\Final Sem Project\KidneyStoneAI\datasets\raw\classification\ct-kidney\Normal\Normal- (4719).jpg,Normal,0
D:\Final Sem Project\KidneyStoneAI\datasets\raw\classification\ct-kidney\Normal\Normal- (1495).jpg,Normal,0
D:\Final Sem Project\KidneyStoneAI\datasets\raw\classification\ct-kidney\Normal\Normal- (172).jpg,Normal,0
D:\Final Sem Project\KidneyStoneAI\datasets\raw\classification\ct-kidney\Normal\Normal- (2161).jpg,Normal,0
D:\Final Sem Project\KidneyStoneAI\datasets\raw\classification\ct-kidney\Normal\Normal- (526).jpg,Normal,0
D:\Final Sem Project\KidneyStoneAI\datasets\raw\classification\ct-kidney\Stone\Stone- (874).jpg,Stone,1
D:\Final Sem Project\KidneyStoneAI\datasets\raw\classification\ct-kidney\Normal\Normal- (3170).jpg,Normal,0
D:\Final Sem Project\KidneyStoneAI\datasets\raw\classification\ct-kidney\Normal\Normal- (1352).jpg,Normal,0
D:\Final Sem Project\KidneyStoneAI\datasets\raw\classification\ct-kidney\Normal\Normal- (4005).jpg,Normal,0
D:\Final Sem Project\KidneyStoneAI\datasets\raw\classification\ct-kidney\Normal\Normal- (4008).jpg,Normal,0
D:\Final Sem Project\KidneyStoneAI\datasets\raw\classification\ct-kidney\Normal\Normal- (4647).jpg,Normal,0
D:\Final Sem Project\KidneyStoneAI\datasets\raw\classification\ct-kidney\Stone\Stone- (341).jpg,Stone,1
D:\Final Sem Project\KidneyStoneAI\datasets\raw\classification\ct-kidney\Normal\Normal- (2404).jpg,Normal,0
D:\Final Sem Project\KidneyStoneAI\datasets\raw\classification\ct-kidney\Normal\Normal- (1089).jpg,Normal,0
D:\Final Sem Project\KidneyStoneAI\datasets\raw\classification\ct-kidney\Normal\Normal- (1433).jpg,Normal,0
D:\Final Sem Project\KidneyStoneAI\datasets\raw\classification\ct-kidney\Normal\Normal- (3430).jpg,Normal,0
D:\Final Sem Project\KidneyStoneAI\datasets\raw\classification\ct-kidney\Normal\Normal- (2284).jpg,Normal,0
D:\Final Sem Project\KidneyStoneAI\datasets\raw\classification\ct-kidney\Normal\Normal- (1853).jpg,Normal,0
D:\Final Sem Project\KidneyStoneAI\datasets\raw\classification\ct-kidney\Normal\Normal- (1782).jpg,Normal,0
D:\Final Sem Project\KidneyStoneAI\datasets\raw\classification\ct-kidney\Normal\Normal- (2352).jpg,Normal,0
D:\Final Sem Project\KidneyStoneAI\datasets\raw\classification\ct-kidney\Normal\Normal- (2895).jpg,Normal,0
D:\Final Sem Project\KidneyStoneAI\datasets\raw\classification\ct-kidney\Normal\Normal- (4960).jpg,Normal,0
D:\Final Sem Project\KidneyStoneAI\datasets\raw\classification\ct-kidney\Normal\Normal- (1553).jpg,Normal,0
D:\Final Sem Project\KidneyStoneAI\datasets\raw\classification\ct-kidney\Normal\Normal- (4477).jpg,Normal,0
D:\Final Sem Project\KidneyStoneAI\datasets\raw\classification\ct-kidney\Stone\Stone- (1077).jpg,Stone,1
D:\Final Sem Project\KidneyStoneAI\datasets\raw\classification\ct-kidney\Normal\Normal- (3764).jpg,Normal,0
D:\Final Sem Project\KidneyStoneAI\datasets\raw\classification\ct-kidney\Normal\Normal- (4551).jpg,Normal,0
D:\Final Sem Project\KidneyStoneAI\datasets\raw\classification\ct-kidney\Normal\Normal- (462).jpg,Normal,0
D:\Final Sem Project\KidneyStoneAI\datasets\raw\classification\ct-kidney\Normal\Normal- (4024).jpg,Normal,0
D:\Final Sem Project\KidneyStoneAI\datasets\raw\classification\ct-kidney\Normal\Normal- (2283).jpg,Normal,0
D:\Final Sem Project\KidneyStoneAI\datasets\raw\classification\ct-kidney\Normal\Normal- (176).jpg,Normal,0
D:\Final Sem Project\KidneyStoneAI\datasets\raw\classification\ct-kidney\Normal\Normal- (3544).jpg,Normal,0
D:\Final Sem Project\KidneyStoneAI\datasets\raw\classification\ct-kidney\Normal\Normal- (551).jpg,Normal,0
D:\Final Sem Project\KidneyStoneAI\datasets\raw\classification\ct-kidney\Normal\Normal- (956).jpg,Normal,0
D:\Final Sem Project\KidneyStoneAI\datasets\raw\classification\ct-kidney\Normal\Normal- (2808).jpg,Normal,0
D:\Final Sem Project\KidneyStoneAI\datasets\raw\classification\ct-kidney\Stone\Stone- (1316).jpg,Stone,1
D:\Final Sem Project\KidneyStoneAI\datasets\raw\classification\ct-kidney\Normal\Normal- (1337).jpg,Normal,0
D:\Final Sem Project\KidneyStoneAI\datasets\raw\classification\ct-kidney\Normal\Normal- (564).jpg,Normal,0
D:\Final Sem Project\KidneyStoneAI\datasets\raw\classification\ct-kidney\Stone\Stone- (1372).jpg,Stone,1
D:\Final Sem Project\KidneyStoneAI\datasets\raw\classification\ct-kidney\Stone\Stone- (43).jpg,Stone,1
D:\Final Sem Project\KidneyStoneAI\datasets\raw\classification\ct-kidney\Normal\Normal- (3350).jpg,Normal,0
D:\Final Sem Project\KidneyStoneAI\datasets\raw\classification\ct-kidney\Normal\Normal- (232).jpg,Normal,0
D:\Final Sem Project\KidneyStoneAI\datasets\raw\classification\ct-kidney\Normal\Normal- (2608).jpg,Normal,0
D:\Final Sem Project\KidneyStoneAI\datasets\raw\classification\ct-kidney\Normal\Normal- (395).jpg,Normal,0
D:\Final Sem Project\KidneyStoneAI\datasets\raw\classification\ct-kidney\Normal\Normal- (3026).jpg,Normal,0
D:\Final Sem Project\KidneyStoneAI\datasets\raw\classification\ct-kidney\Normal\Normal- (126).jpg,Normal,0
D:\Final Sem Project\KidneyStoneAI\datasets\raw\classification\ct-kidney\Normal\Normal- (4178).jpg,Normal,0
D:\Final Sem Project\KidneyStoneAI\datasets\raw\classification\ct-kidney\Normal\Normal- (1110).jpg,Normal,0
D:\Final Sem Project\KidneyStoneAI\datasets\raw\classification\ct-kidney\Normal\Normal- (4575).jpg,Normal,0
D:\Final Sem Project\KidneyStoneAI\datasets\raw\classification\ct-kidney\Normal\Normal- (4134).jpg,Normal,0
D:\Final Sem Project\KidneyStoneAI\datasets\raw\classification\ct-kidney\Normal\Normal- (3507).jpg,Normal,0
D:\Final Sem Project\KidneyStoneAI\datasets\raw\classification\ct-kidney\Normal\Normal- (2997).jpg,Normal,0
D:\Final Sem Project\KidneyStoneAI\datasets\raw\classification\ct-kidney\Normal\Normal- (3473).jpg,Normal,0
D:\Final Sem Project\KidneyStoneAI\datasets\raw\classification\ct-kidney\Stone\Stone- (1113).jpg,Stone,1
D:\Final Sem Project\KidneyStoneAI\datasets\raw\classification\ct-kidney\Normal\Normal- (2649).jpg,Normal,0
D:\Final Sem Project\KidneyStoneAI\datasets\raw\classification\ct-kidney\Normal\Normal- (425).jpg,Normal,0
D:\Final Sem Project\KidneyStoneAI\datasets\raw\classification\ct-kidney\Normal\Normal- (4544).jpg,Normal,0
D:\Final Sem Project\KidneyStoneAI\datasets\raw\classification\ct-kidney\Normal\Normal- (2339).jpg,Normal,0
D:\Final Sem Project\KidneyStoneAI\datasets\raw\classification\ct-kidney\Normal\Normal- (1018).jpg,Normal,0
D:\Final Sem Project\KidneyStoneAI\datasets\raw\classification\ct-kidney\Normal\Normal- (4916).jpg,Normal,0
D:\Final Sem Project\KidneyStoneAI\datasets\raw\classification\ct-kidney\Normal\Normal- (271).jpg,Normal,0
D:\Final Sem Project\KidneyStoneAI\datasets\raw\classification\ct-kidney\Normal\Normal- (2584).jpg,Normal,0
D:\Final Sem Project\KidneyStoneAI\datasets\raw\classification\ct-kidney\Normal\Normal- (2018).jpg,Normal,0
D:\Final Sem Project\KidneyStoneAI\datasets\raw\classification\ct-kidney\Normal\Normal- (4046).jpg,Normal,0
D:\Final Sem Project\KidneyStoneAI\datasets\raw\classification\ct-kidney\Stone\Stone- (428).jpg,Stone,1
D:\Final Sem Project\KidneyStoneAI\datasets\raw\classification\ct-kidney\Stone\Stone- (685).jpg,Stone,1
D:\Final Sem Project\KidneyStoneAI\datasets\raw\classification\ct-kidney\Normal\Normal- (2968).jpg,Normal,0
D:\Final Sem Project\KidneyStoneAI\datasets\raw\classification\ct-kidney\Normal\Normal- (4894).jpg,Normal,0
D:\Final Sem Project\KidneyStoneAI\datasets\raw\classification\ct-kidney\Stone\Stone- (405).jpg,Stone,1
D:\Final Sem Project\KidneyStoneAI\datasets\raw\classification\ct-kidney\Normal\Normal- (2469).jpg,Normal,0
D:\Final Sem Project\KidneyStoneAI\datasets\raw\classification\ct-kidney\Normal\Normal- (5004).jpg,Normal,0
D:\Final Sem Project\KidneyStoneAI\datasets\raw\classification\ct-kidney\Normal\Normal- (3446).jpg,Normal,0
D:\Final Sem Project\KidneyStoneAI\datasets\raw\classification\ct-kidney\Normal\Normal- (3710).jpg,Normal,0
D:\Final Sem Project\KidneyStoneAI\datasets\raw\classification\ct-kidney\Normal\Normal- (2797).jpg,Normal,0
D:\Final Sem Project\KidneyStoneAI\datasets\raw\classification\ct-kidney\Normal\Normal- (3816).jpg,Normal,0
D:\Final Sem Project\KidneyStoneAI\datasets\raw\classification\ct-kidney\Stone\Stone- (188).jpg,Stone,1
D:\Final Sem Project\KidneyStoneAI\datasets\raw\classification\ct-kidney\Stone\Stone- (1046).jpg,Stone,1
D:\Final Sem Project\KidneyStoneAI\datasets\raw\classification\ct-kidney\Stone\Stone- (1273).jpg,Stone,1
D:\Final Sem Project\KidneyStoneAI\datasets\raw\classification\ct-kidney\Normal\Normal- (4369).jpg,Normal,0
D:\Final Sem Project\KidneyStoneAI\datasets\raw\classification\ct-kidney\Normal\Normal- (4931).jpg,Normal,0
D:\Final Sem Project\KidneyStoneAI\datasets\raw\classification\ct-kidney\Stone\Stone- (492).jpg,Stone,1
D:\Final Sem Project\KidneyStoneAI\datasets\raw\classification\ct-kidney\Normal\Normal- (2029).jpg,Normal,0
D:\Final Sem Project\KidneyStoneAI\datasets\raw\classification\ct-kidney\Normal\Normal- (1633).jpg,Normal,0
D:\Final Sem Project\KidneyStoneAI\datasets\raw\classification\ct-kidney\Normal\Normal- (2110).jpg,Normal,0
D:\Final Sem Project\KidneyStoneAI\datasets\raw\classification\ct-kidney\Normal\Normal- (4502).jpg,Normal,0
D:\Final Sem Project\KidneyStoneAI\datasets\raw\classification\ct-kidney\Normal\Normal- (2500).jpg,Normal,0
D:\Final Sem Project\KidneyStoneAI\datasets\raw\classification\ct-kidney\Normal\Normal- (1230).jpg,Normal,0
D:\Final Sem Project\KidneyStoneAI\datasets\raw\classification\ct-kidney\Normal\Normal- (2120).jpg,Normal,0
D:\Final Sem Project\KidneyStoneAI\datasets\raw\classification\ct-kidney\Normal\Normal- (2155).jpg,Normal,0
D:\Final Sem Project\KidneyStoneAI\datasets\raw\classification\ct-kidney\Normal\Normal- (3952).jpg,Normal,0
D:\Final Sem Project\KidneyStoneAI\datasets\raw\classification\ct-kidney\Stone\Stone- (1074).jpg,Stone,1
D:\Final Sem Project\KidneyStoneAI\datasets\raw\classification\ct-kidney\Normal\Normal- (4433).jpg,Normal,0
D:\Final Sem Project\KidneyStoneAI\datasets\raw\classification\ct-kidney\Normal\Normal- (3089).jpg,Normal,0
D:\Final Sem Project\KidneyStoneAI\datasets\raw\classification\ct-kidney\Stone\Stone- (797).jpg,Stone,1
D:\Final Sem Project\KidneyStoneAI\datasets\raw\classification\ct-kidney\Normal\Normal- (2773).jpg,Normal,0
D:\Final Sem Project\KidneyStoneAI\datasets\raw\classification\ct-kidney\Normal\Normal- (3522).jpg,Normal,0
D:\Final Sem Project\KidneyStoneAI\datasets\raw\classification\ct-kidney\Normal\Normal- (3627).jpg,Normal,0
D:\Final Sem Project\KidneyStoneAI\datasets\raw\classification\ct-kidney\Normal\Normal- (2821).jpg,Normal,0
D:\Final Sem Project\KidneyStoneAI\datasets\raw\classification\ct-kidney\Normal\Normal- (269).jpg,Normal,0
D:\Final Sem Project\KidneyStoneAI\datasets\raw\classification\ct-kidney\Normal\Normal- (4097).jpg,Normal,0
D:\Final Sem Project\KidneyStoneAI\datasets\raw\classification\ct-kidney\Normal\Normal- (4080).jpg,Normal,0
D:\Final Sem Project\KidneyStoneAI\datasets\raw\classification\ct-kidney\Normal\Normal- (786).jpg,Normal,0
D:\Final Sem Project\KidneyStoneAI\datasets\raw\classification\ct-kidney\Normal\Normal- (2418).jpg,Normal,0
D:\Final Sem Project\KidneyStoneAI\datasets\raw\classification\ct-kidney\Normal\Normal- (4453).jpg,Normal,0
D:\Final Sem Project\KidneyStoneAI\datasets\raw\classification\ct-kidney\Stone\Stone- (839).jpg,Stone,1
D:\Final Sem Project\KidneyStoneAI\datasets\raw\classification\ct-kidney\Normal\Normal- (2732).jpg,Normal,0
D:\Final Sem Project\KidneyStoneAI\datasets\raw\classification\ct-kidney\Normal\Normal- (4767).jpg,Normal,0
D:\Final Sem Project\KidneyStoneAI\datasets\raw\classification\ct-kidney\Normal\Normal- (2113).jpg,Normal,0
D:\Final Sem Project\KidneyStoneAI\datasets\raw\classification\ct-kidney\Normal\Normal- (2401).jpg,Normal,0
D:\Final Sem Project\KidneyStoneAI\datasets\raw\classification\ct-kidney\Normal\Normal- (2368).jpg,Normal,0
D:\Final Sem Project\KidneyStoneAI\datasets\raw\classification\ct-kidney\Normal\Normal- (2538).jpg,Normal,0
D:\Final Sem Project\KidneyStoneAI\datasets\raw\classification\ct-kidney\Normal\Normal- (5016).jpg,Normal,0
D:\Final Sem Project\KidneyStoneAI\datasets\raw\classification\ct-kidney\Stone\Stone- (741).jpg,Stone,1
D:\Final Sem Project\KidneyStoneAI\datasets\raw\classification\ct-kidney\Normal\Normal- (2001).jpg,Normal,0
D:\Final Sem Project\KidneyStoneAI\datasets\raw\classification\ct-kidney\Normal\Normal- (4631).jpg,Normal,0
D:\Final Sem Project\KidneyStoneAI\datasets\raw\classification\ct-kidney\Normal\Normal- (255).jpg,Normal,0
D:\Final Sem Project\KidneyStoneAI\datasets\raw\classification\ct-kidney\Normal\Normal- (653).jpg,Normal,0
D:\Final Sem Project\KidneyStoneAI\datasets\raw\classification\ct-kidney\Normal\Normal- (3568).jpg,Normal,0
D:\Final Sem Project\KidneyStoneAI\datasets\raw\classification\ct-kidney\Normal\Normal- (896).jpg,Normal,0
D:\Final Sem Project\KidneyStoneAI\datasets\raw\classification\ct-kidney\Normal\Normal- (1932).jpg,Normal,0
D:\Final Sem Project\KidneyStoneAI\datasets\raw\classification\ct-kidney\Normal\Normal- (4388).jpg,Normal,0
D:\Final Sem Project\KidneyStoneAI\datasets\raw\classification\ct-kidney\Normal\Normal- (393).jpg,Normal,0
D:\Final Sem Project\KidneyStoneAI\datasets\raw\classification\ct-kidney\Normal\Normal- (1040).jpg,Normal,0
D:\Final Sem Project\KidneyStoneAI\datasets\raw\classification\ct-kidney\Stone\Stone- (1292).jpg,Stone,1
D:\Final Sem Project\KidneyStoneAI\datasets\raw\classification\ct-kidney\Normal\Normal- (3498).jpg,Normal,0
D:\Final Sem Project\KidneyStoneAI\datasets\raw\classification\ct-kidney\Stone\Stone- (1152).jpg,Stone,1
D:\Final Sem Project\KidneyStoneAI\datasets\raw\classification\ct-kidney\Stone\Stone- (873).jpg,Stone,1
D:\Final Sem Project\KidneyStoneAI\datasets\raw\classification\ct-kidney\Normal\Normal- (1312).jpg,Normal,0
D:\Final Sem Project\KidneyStoneAI\datasets\raw\classification\ct-kidney\Normal\Normal- (1611).jpg,Normal,0
D:\Final Sem Project\KidneyStoneAI\datasets\raw\classification\ct-kidney\Normal\Normal- (906).jpg,Normal,0
D:\Final Sem Project\KidneyStoneAI\datasets\raw\classification\ct-kidney\Normal\Normal- (2516).jpg,Normal,0
D:\Final Sem Project\KidneyStoneAI\datasets\raw\classification\ct-kidney\Normal\Normal- (4649).jpg,Normal,0
D:\Final Sem Project\KidneyStoneAI\datasets\raw\classification\ct-kidney\Stone\Stone- (650).jpg,Stone,1
D:\Final Sem Project\KidneyStoneAI\datasets\raw\classification\ct-kidney\Normal\Normal- (3492).jpg,Normal,0
D:\Final Sem Project\KidneyStoneAI\datasets\raw\classification\ct-kidney\Normal\Normal- (3802).jpg,Normal,0
D:\Final Sem Project\KidneyStoneAI\datasets\raw\classification\ct-kidney\Normal\Normal- (3677).jpg,Normal,0
D:\Final Sem Project\KidneyStoneAI\datasets\raw\classification\ct-kidney\Normal\Normal- (4637).jpg,Normal,0
D:\Final Sem Project\KidneyStoneAI\datasets\raw\classification\ct-kidney\Normal\Normal- (1307).jpg,Normal,0
D:\Final Sem Project\KidneyStoneAI\datasets\raw\classification\ct-kidney\Normal\Normal- (405).jpg,Normal,0
D:\Final Sem Project\KidneyStoneAI\datasets\raw\classification\ct-kidney\Normal\Normal- (2771).jpg,Normal,0
D:\Final Sem Project\KidneyStoneAI\datasets\raw\classification\ct-kidney\Normal\Normal- (1555).jpg,Normal,0
D:\Final Sem Project\KidneyStoneAI\datasets\raw\classification\ct-kidney\Normal\Normal- (1149).jpg,Normal,0
D:\Final Sem Project\KidneyStoneAI\datasets\raw\classification\ct-kidney\Normal\Normal- (2187).jpg,Normal,0
D:\Final Sem Project\KidneyStoneAI\datasets\raw\classification\ct-kidney\Normal\Normal- (3044).jpg,Normal,0
D:\Final Sem Project\KidneyStoneAI\datasets\raw\classification\ct-kidney\Normal\Normal- (5054).jpg,Normal,0
D:\Final Sem Project\KidneyStoneAI\datasets\raw\classification\ct-kidney\Normal\Normal- (4586).jpg,Normal,0
D:\Final Sem Project\KidneyStoneAI\datasets\raw\classification\ct-kidney\Normal\Normal- (4371).jpg,Normal,0
D:\Final Sem Project\KidneyStoneAI\datasets\raw\classification\ct-kidney\Normal\Normal- (1769).jpg,Normal,0
D:\Final Sem Project\KidneyStoneAI\datasets\raw\classification\ct-kidney\Stone\Stone- (1015).jpg,Stone,1
D:\Final Sem Project\KidneyStoneAI\datasets\raw\classification\ct-kidney\Normal\Normal- (1998).jpg,Normal,0
D:\Final Sem Project\KidneyStoneAI\datasets\raw\classification\ct-kidney\Stone\Stone- (37).jpg,Stone,1
D:\Final Sem Project\KidneyStoneAI\datasets\raw\classification\ct-kidney\Normal\Normal- (4325).jpg,Normal,0
D:\Final Sem Project\KidneyStoneAI\datasets\raw\classification\ct-kidney\Normal\Normal- (3119).jpg,Normal,0
D:\Final Sem Project\KidneyStoneAI\datasets\raw\classification\ct-kidney\Normal\Normal- (3416).jpg,Normal,0
D:\Final Sem Project\KidneyStoneAI\datasets\raw\classification\ct-kidney\Normal\Normal- (4882).jpg,Normal,0
D:\Final Sem Project\KidneyStoneAI\datasets\raw\classification\ct-kidney\Normal\Normal- (2202).jpg,Normal,0
D:\Final Sem Project\KidneyStoneAI\datasets\raw\classification\ct-kidney\Normal\Normal- (2424).jpg,Normal,0
D:\Final Sem Project\KidneyStoneAI\datasets\raw\classification\ct-kidney\Normal\Normal- (2082).jpg,Normal,0
D:\Final Sem Project\KidneyStoneAI\datasets\raw\classification\ct-kidney\Normal\Normal- (4233).jpg,Normal,0
D:\Final Sem Project\KidneyStoneAI\datasets\raw\classification\ct-kidney\Normal\Normal- (2983).jpg,Normal,0
D:\Final Sem Project\KidneyStoneAI\datasets\raw\classification\ct-kidney\Normal\Normal- (3189).jpg,Normal,0
D:\Final Sem Project\KidneyStoneAI\datasets\raw\classification\ct-kidney\Stone\Stone- (1315).jpg,Stone,1
D:\Final Sem Project\KidneyStoneAI\datasets\raw\classification\ct-kidney\Normal\Normal- (4952).jpg,Normal,0
D:\Final Sem Project\KidneyStoneAI\datasets\raw\classification\ct-kidney\Normal\Normal- (3949).jpg,Normal,0
D:\Final Sem Project\KidneyStoneAI\datasets\raw\classification\ct-kidney\Stone\Stone- (186).jpg,Stone,1
D:\Final Sem Project\KidneyStoneAI\datasets\raw\classification\ct-kidney\Stone\Stone- (1278).jpg,Stone,1
D:\Final Sem Project\KidneyStoneAI\datasets\raw\classification\ct-kidney\Normal\Normal- (3274).jpg,Normal,0
D:\Final Sem Project\KidneyStoneAI\datasets\raw\classification\ct-kidney\Normal\Normal- (4169).jpg,Normal,0
D:\Final Sem Project\KidneyStoneAI\datasets\raw\classification\ct-kidney\Stone\Stone- (1194).jpg,Stone,1
D:\Final Sem Project\KidneyStoneAI\datasets\raw\classification\ct-kidney\Normal\Normal- (3927).jpg,Normal,0
D:\Final Sem Project\KidneyStoneAI\datasets\raw\classification\ct-kidney\Normal\Normal- (3823).jpg,Normal,0
D:\Final Sem Project\KidneyStoneAI\datasets\raw\classification\ct-kidney\Normal\Normal- (2145).jpg,Normal,0
D:\Final Sem Project\KidneyStoneAI\datasets\raw\classification\ct-kidney\Normal\Normal- (1468).jpg,Normal,0
D:\Final Sem Project\KidneyStoneAI\datasets\raw\classification\ct-kidney\Normal\Normal- (633).jpg,Normal,0
D:\Final Sem Project\KidneyStoneAI\datasets\raw\classification\ct-kidney\Normal\Normal- (1904).jpg,Normal,0
D:\Final Sem Project\KidneyStoneAI\datasets\raw\classification\ct-kidney\Normal\Normal- (1282).jpg,Normal,0
D:\Final Sem Project\KidneyStoneAI\datasets\raw\classification\ct-kidney\Normal\Normal- (3692).jpg,Normal,0
D:\Final Sem Project\KidneyStoneAI\datasets\raw\classification\ct-kidney\Normal\Normal- (4180).jpg,Normal,0
D:\Final Sem Project\KidneyStoneAI\datasets\raw\classification\ct-kidney\Normal\Normal- (4383).jpg,Normal,0
D:\Final Sem Project\KidneyStoneAI\datasets\raw\classification\ct-kidney\Stone\Stone- (1047).jpg,Stone,1
D:\Final Sem Project\KidneyStoneAI\datasets\raw\classification\ct-kidney\Normal\Normal- (2878).jpg,Normal,0
D:\Final Sem Project\KidneyStoneAI\datasets\raw\classification\ct-kidney\Normal\Normal- (3381).jpg,Normal,0
D:\Final Sem Project\KidneyStoneAI\datasets\raw\classification\ct-kidney\Normal\Normal- (3427).jpg,Normal,0
D:\Final Sem Project\KidneyStoneAI\datasets\raw\classification\ct-kidney\Normal\Normal- (572).jpg,Normal,0
D:\Final Sem Project\KidneyStoneAI\datasets\raw\classification\ct-kidney\Stone\Stone- (1345).jpg,Stone,1
D:\Final Sem Project\KidneyStoneAI\datasets\raw\classification\ct-kidney\Normal\Normal- (1507).jpg,Normal,0
D:\Final Sem Project\KidneyStoneAI\datasets\raw\classification\ct-kidney\Normal\Normal- (2775).jpg,Normal,0
D:\Final Sem Project\KidneyStoneAI\datasets\raw\classification\ct-kidney\Normal\Normal- (4737).jpg,Normal,0
D:\Final Sem Project\KidneyStoneAI\datasets\raw\classification\ct-kidney\Normal\Normal- (3864).jpg,Normal,0
D:\Final Sem Project\KidneyStoneAI\datasets\raw\classification\ct-kidney\Normal\Normal- (3643).jpg,Normal,0
D:\Final Sem Project\KidneyStoneAI\datasets\raw\classification\ct-kidney\Stone\Stone- (854).jpg,Stone,1
D:\Final Sem Project\KidneyStoneAI\datasets\raw\classification\ct-kidney\Normal\Normal- (3666).jpg,Normal,0
D:\Final Sem Project\KidneyStoneAI\datasets\raw\classification\ct-kidney\Normal\Normal- (4092).jpg,Normal,0
D:\Final Sem Project\KidneyStoneAI\datasets\raw\classification\ct-kidney\Normal\Normal- (3450).jpg,Normal,0
D:\Final Sem Project\KidneyStoneAI\datasets\raw\classification\ct-kidney\Normal\Normal- (2256).jpg,Normal,0
D:\Final Sem Project\KidneyStoneAI\datasets\raw\classification\ct-kidney\Normal\Normal- (2119).jpg,Normal,0
D:\Final Sem Project\KidneyStoneAI\datasets\raw\classification\ct-kidney\Stone\Stone- (1149).jpg,Stone,1
D:\Final Sem Project\KidneyStoneAI\datasets\raw\classification\ct-kidney\Normal\Normal- (4163).jpg,Normal,0
D:\Final Sem Project\KidneyStoneAI\datasets\raw\classification\ct-kidney\Normal\Normal- (4445).jpg,Normal,0
D:\Final Sem Project\KidneyStoneAI\datasets\raw\classification\ct-kidney\Normal\Normal- (3803).jpg,Normal,0
D:\Final Sem Project\KidneyStoneAI\datasets\raw\classification\ct-kidney\Normal\Normal- (1261).jpg,Normal,0
D:\Final Sem Project\KidneyStoneAI\datasets\raw\classification\ct-kidney\Normal\Normal- (2887).jpg,Normal,0
D:\Final Sem Project\KidneyStoneAI\datasets\raw\classification\ct-kidney\Normal\Normal- (4218).jpg,Normal,0
D:\Final Sem Project\KidneyStoneAI\datasets\raw\classification\ct-kidney\Normal\Normal- (3715).jpg,Normal,0
D:\Final Sem Project\KidneyStoneAI\datasets\raw\classification\ct-kidney\Normal\Normal- (1166).jpg,Normal,0
D:\Final Sem Project\KidneyStoneAI\datasets\raw\classification\ct-kidney\Stone\Stone- (1116).jpg,Stone,1
D:\Final Sem Project\KidneyStoneAI\datasets\raw\classification\ct-kidney\Normal\Normal- (459).jpg,Normal,0
D:\Final Sem Project\KidneyStoneAI\datasets\raw\classification\ct-kidney\Normal\Normal- (3419).jpg,Normal,0
D:\Final Sem Project\KidneyStoneAI\datasets\raw\classification\ct-kidney\Stone\Stone- (620).jpg,Stone,1
D:\Final Sem Project\KidneyStoneAI\datasets\raw\classification\ct-kidney\Normal\Normal- (125).jpg,Normal,0
D:\Final Sem Project\KidneyStoneAI\datasets\raw\classification\ct-kidney\Normal\Normal- (1506).jpg,Normal,0
D:\Final Sem Project\KidneyStoneAI\datasets\raw\classification\ct-kidney\Normal\Normal- (779).jpg,Normal,0
D:\Final Sem Project\KidneyStoneAI\datasets\raw\classification\ct-kidney\Normal\Normal- (1029).jpg,Normal,0
D:\Final Sem Project\KidneyStoneAI\datasets\raw\classification\ct-kidney\Normal\Normal- (2444).jpg,Normal,0
D:\Final Sem Project\KidneyStoneAI\datasets\raw\classification\ct-kidney\Normal\Normal- (3301).jpg,Normal,0
D:\Final Sem Project\KidneyStoneAI\datasets\raw\classification\ct-kidney\Normal\Normal- (4881).jpg,Normal,0
D:\Final Sem Project\KidneyStoneAI\datasets\raw\classification\ct-kidney\Normal\Normal- (5031).jpg,Normal,0
D:\Final Sem Project\KidneyStoneAI\datasets\raw\classification\ct-kidney\Normal\Normal- (1367).jpg,Normal,0
D:\Final Sem Project\KidneyStoneAI\datasets\raw\classification\ct-kidney\Normal\Normal- (1480).jpg,Normal,0
D:\Final Sem Project\KidneyStoneAI\datasets\raw\classification\ct-kidney\Normal\Normal- (3779).jpg,Normal,0
D:\Final Sem Project\KidneyStoneAI\datasets\raw\classification\ct-kidney\Stone\Stone- (756).jpg,Stone,1
D:\Final Sem Project\KidneyStoneAI\datasets\raw\classification\ct-kidney\Normal\Normal- (131).jpg,Normal,0
D:\Final Sem Project\KidneyStoneAI\datasets\raw\classification\ct-kidney\Normal\Normal- (3308).jpg,Normal,0
D:\Final Sem Project\KidneyStoneAI\datasets\raw\classification\ct-kidney\Normal\Normal- (1000).jpg,Normal,0
D:\Final Sem Project\KidneyStoneAI\datasets\raw\classification\ct-kidney\Normal\Normal- (3964).jpg,Normal,0
D:\Final Sem Project\KidneyStoneAI\datasets\raw\classification\ct-kidney\Normal\Normal- (127).jpg,Normal,0
D:\Final Sem Project\KidneyStoneAI\datasets\raw\classification\ct-kidney\Normal\Normal- (3806).jpg,Normal,0
D:\Final Sem Project\KidneyStoneAI\datasets\raw\classification\ct-kidney\Normal\Normal- (3518).jpg,Normal,0
D:\Final Sem Project\KidneyStoneAI\datasets\raw\classification\ct-kidney\Normal\Normal- (2942).jpg,Normal,0
D:\Final Sem Project\KidneyStoneAI\datasets\raw\classification\ct-kidney\Stone\Stone- (227).jpg,Stone,1
D:\Final Sem Project\KidneyStoneAI\datasets\raw\classification\ct-kidney\Normal\Normal- (3185).jpg,Normal,0
D:\Final Sem Project\KidneyStoneAI\datasets\raw\classification\ct-kidney\Normal\Normal- (1533).jpg,Normal,0
D:\Final Sem Project\KidneyStoneAI\datasets\raw\classification\ct-kidney\Normal\Normal- (3076).jpg,Normal,0
D:\Final Sem Project\KidneyStoneAI\datasets\raw\classification\ct-kidney\Stone\Stone- (1256).jpg,Stone,1
D:\Final Sem Project\KidneyStoneAI\datasets\raw\classification\ct-kidney\Normal\Normal- (3882).jpg,Normal,0
D:\Final Sem Project\KidneyStoneAI\datasets\raw\classification\ct-kidney\Stone\Stone- (438).jpg,Stone,1
D:\Final Sem Project\KidneyStoneAI\datasets\raw\classification\ct-kidney\Normal\Normal- (1458).jpg,Normal,0
D:\Final Sem Project\KidneyStoneAI\datasets\raw\classification\ct-kidney\Normal\Normal- (741).jpg,Normal,0
D:\Final Sem Project\KidneyStoneAI\datasets\raw\classification\ct-kidney\Normal\Normal- (38).jpg,Normal,0
D:\Final Sem Project\KidneyStoneAI\datasets\raw\classification\ct-kidney\Stone\Stone- (48).jpg,Stone,1
D:\Final Sem Project\KidneyStoneAI\datasets\raw\classification\ct-kidney\Normal\Normal- (727).jpg,Normal,0
D:\Final Sem Project\KidneyStoneAI\datasets\raw\classification\ct-kidney\Normal\Normal- (454).jpg,Normal,0
D:\Final Sem Project\KidneyStoneAI\datasets\raw\classification\ct-kidney\Stone\Stone- (49).jpg,Stone,1
D:\Final Sem Project\KidneyStoneAI\datasets\raw\classification\ct-kidney\Normal\Normal- (2505).jpg,Normal,0
D:\Final Sem Project\KidneyStoneAI\datasets\raw\classification\ct-kidney\Stone\Stone- (1123).jpg,Stone,1
D:\Final Sem Project\KidneyStoneAI\datasets\raw\classification\ct-kidney\Normal\Normal- (2916).jpg,Normal,0
D:\Final Sem Project\KidneyStoneAI\datasets\raw\classification\ct-kidney\Normal\Normal- (192).jpg,Normal,0
D:\Final Sem Project\KidneyStoneAI\datasets\raw\classification\ct-kidney\Normal\Normal- (1924).jpg,Normal,0
D:\Final Sem Project\KidneyStoneAI\datasets\raw\classification\ct-kidney\Stone\Stone- (424).jpg,Stone,1
D:\Final Sem Project\KidneyStoneAI\datasets\raw\classification\ct-kidney\Normal\Normal- (1907).jpg,Normal,0
D:\Final Sem Project\KidneyStoneAI\datasets\raw\classification\ct-kidney\Stone\Stone- (41).jpg,Stone,1
D:\Final Sem Project\KidneyStoneAI\datasets\raw\classification\ct-kidney\Normal\Normal- (4770).jpg,Normal,0
D:\Final Sem Project\KidneyStoneAI\datasets\raw\classification\ct-kidney\Normal\Normal- (2021).jpg,Normal,0
D:\Final Sem Project\KidneyStoneAI\datasets\raw\classification\ct-kidney\Stone\Stone- (992).jpg,Stone,1
D:\Final Sem Project\KidneyStoneAI\datasets\raw\classification\ct-kidney\Normal\Normal- (1890).jpg,Normal,0
D:\Final Sem Project\KidneyStoneAI\datasets\raw\classification\ct-kidney\Normal\Normal- (2236).jpg,Normal,0
D:\Final Sem Project\KidneyStoneAI\datasets\raw\classification\ct-kidney\Normal\Normal- (3421).jpg,Normal,0
D:\Final Sem Project\KidneyStoneAI\datasets\raw\classification\ct-kidney\Normal\Normal- (2275).jpg,Normal,0
D:\Final Sem Project\KidneyStoneAI\datasets\raw\classification\ct-kidney\Normal\Normal- (4766).jpg,Normal,0
D:\Final Sem Project\KidneyStoneAI\datasets\raw\classification\ct-kidney\Normal\Normal- (604).jpg,Normal,0
D:\Final Sem Project\KidneyStoneAI\datasets\raw\classification\ct-kidney\Stone\Stone- (1070).jpg,Stone,1
D:\Final Sem Project\KidneyStoneAI\datasets\raw\classification\ct-kidney\Normal\Normal- (2194).jpg,Normal,0
D:\Final Sem Project\KidneyStoneAI\datasets\raw\classification\ct-kidney\Normal\Normal- (4519).jpg,Normal,0
D:\Final Sem Project\KidneyStoneAI\datasets\raw\classification\ct-kidney\Normal\Normal- (4032).jpg,Normal,0
D:\Final Sem Project\KidneyStoneAI\datasets\raw\classification\ct-kidney\Normal\Normal- (2272).jpg,Normal,0
D:\Final Sem Project\KidneyStoneAI\datasets\raw\classification\ct-kidney\Stone\Stone- (409).jpg,Stone,1
D:\Final Sem Project\KidneyStoneAI\datasets\raw\classification\ct-kidney\Normal\Normal- (4976).jpg,Normal,0
D:\Final Sem Project\KidneyStoneAI\datasets\raw\classification\ct-kidney\Stone\Stone- (1028).jpg,Stone,1
D:\Final Sem Project\KidneyStoneAI\datasets\raw\classification\ct-kidney\Normal\Normal- (146).jpg,Normal,0
D:\Final Sem Project\KidneyStoneAI\datasets\raw\classification\ct-kidney\Normal\Normal- (3193).jpg,Normal,0
D:\Final Sem Project\KidneyStoneAI\datasets\raw\classification\ct-kidney\Normal\Normal- (1973).jpg,Normal,0
D:\Final Sem Project\KidneyStoneAI\datasets\raw\classification\ct-kidney\Normal\Normal- (4794).jpg,Normal,0
D:\Final Sem Project\KidneyStoneAI\datasets\raw\classification\ct-kidney\Stone\Stone- (436).jpg,Stone,1
D:\Final Sem Project\KidneyStoneAI\datasets\raw\classification\ct-kidney\Normal\Normal- (2234).jpg,Normal,0
D:\Final Sem Project\KidneyStoneAI\datasets\raw\classification\ct-kidney\Normal\Normal- (4599).jpg,Normal,0
D:\Final Sem Project\KidneyStoneAI\datasets\raw\classification\ct-kidney\Normal\Normal- (1146).jpg,Normal,0
D:\Final Sem Project\KidneyStoneAI\datasets\raw\classification\ct-kidney\Normal\Normal- (843).jpg,Normal,0
D:\Final Sem Project\KidneyStoneAI\datasets\raw\classification\ct-kidney\Normal\Normal- (1306).jpg,Normal,0
D:\Final Sem Project\KidneyStoneAI\datasets\raw\classification\ct-kidney\Normal\Normal- (1746).jpg,Normal,0
D:\Final Sem Project\KidneyStoneAI\datasets\raw\classification\ct-kidney\Normal\Normal- (2398).jpg,Normal,0
D:\Final Sem Project\KidneyStoneAI\datasets\raw\classification\ct-kidney\Stone\Stone- (79).jpg,Stone,1
D:\Final Sem Project\KidneyStoneAI\datasets\raw\classification\ct-kidney\Normal\Normal- (4891).jpg,Normal,0
D:\Final Sem Project\KidneyStoneAI\datasets\raw\classification\ct-kidney\Normal\Normal- (4276).jpg,Normal,0
D:\Final Sem Project\KidneyStoneAI\datasets\raw\classification\ct-kidney\Stone\Stone- (516).jpg,Stone,1
D:\Final Sem Project\KidneyStoneAI\datasets\raw\classification\ct-kidney\Normal\Normal- (4434).jpg,Normal,0
D:\Final Sem Project\KidneyStoneAI\datasets\raw\classification\ct-kidney\Normal\Normal- (3998).jpg,Normal,0
D:\Final Sem Project\KidneyStoneAI\datasets\raw\classification\ct-kidney\Normal\Normal- (973).jpg,Normal,0
D:\Final Sem Project\KidneyStoneAI\datasets\raw\classification\ct-kidney\Stone\Stone- (371).jpg,Stone,1
D:\Final Sem Project\KidneyStoneAI\datasets\raw\classification\ct-kidney\Normal\Normal- (1012).jpg,Normal,0
D:\Final Sem Project\KidneyStoneAI\datasets\raw\classification\ct-kidney\Stone\Stone- (790).jpg,Stone,1
D:\Final Sem Project\KidneyStoneAI\datasets\raw\classification\ct-kidney\Normal\Normal- (3277).jpg,Normal,0
D:\Final Sem Project\KidneyStoneAI\datasets\raw\classification\ct-kidney\Normal\Normal- (2599).jpg,Normal,0
D:\Final Sem Project\KidneyStoneAI\datasets\raw\classification\ct-kidney\Normal\Normal- (1392).jpg,Normal,0
D:\Final Sem Project\KidneyStoneAI\datasets\raw\classification\ct-kidney\Normal\Normal- (5027).jpg,Normal,0
D:\Final Sem Project\KidneyStoneAI\datasets\raw\classification\ct-kidney\Normal\Normal- (829).jpg,Normal,0
D:\Final Sem Project\KidneyStoneAI\datasets\raw\classification\ct-kidney\Stone\Stone- (511).jpg,Stone,1
D:\Final Sem Project\KidneyStoneAI\datasets\raw\classification\ct-kidney\Normal\Normal- (3039).jpg,Normal,0
D:\Final Sem Project\KidneyStoneAI\datasets\raw\classification\ct-kidney\Normal\Normal- (3114).jpg,Normal,0
D:\Final Sem Project\KidneyStoneAI\datasets\raw\classification\ct-kidney\Stone\Stone- (502).jpg,Stone,1
D:\Final Sem Project\KidneyStoneAI\datasets\raw\classification\ct-kidney\Stone\Stone- (718).jpg,Stone,1
D:\Final Sem Project\KidneyStoneAI\datasets\raw\classification\ct-kidney\Stone\Stone- (674).jpg,Stone,1
D:\Final Sem Project\KidneyStoneAI\datasets\raw\classification\ct-kidney\Normal\Normal- (4618).jpg,Normal,0
D:\Final Sem Project\KidneyStoneAI\datasets\raw\classification\ct-kidney\Normal\Normal- (293).jpg,Normal,0
D:\Final Sem Project\KidneyStoneAI\datasets\raw\classification\ct-kidney\Normal\Normal- (4104).jpg,Normal,0
D:\Final Sem Project\KidneyStoneAI\datasets\raw\classification\ct-kidney\Stone\Stone- (315).jpg,Stone,1
D:\Final Sem Project\KidneyStoneAI\datasets\raw\classification\ct-kidney\Normal\Normal- (3810).jpg,Normal,0
D:\Final Sem Project\KidneyStoneAI\datasets\raw\classification\ct-kidney\Normal\Normal- (3559).jpg,Normal,0
D:\Final Sem Project\KidneyStoneAI\datasets\raw\classification\ct-kidney\Normal\Normal- (3126).jpg,Normal,0
D:\Final Sem Project\KidneyStoneAI\datasets\raw\classification\ct-kidney\Normal\Normal- (178).jpg,Normal,0
D:\Final Sem Project\KidneyStoneAI\datasets\raw\classification\ct-kidney\Stone\Stone- (818).jpg,Stone,1
D:\Final Sem Project\KidneyStoneAI\datasets\raw\classification\ct-kidney\Normal\Normal- (4054).jpg,Normal,0
D:\Final Sem Project\KidneyStoneAI\datasets\raw\classification\ct-kidney\Normal\Normal- (3122).jpg,Normal,0
D:\Final Sem Project\KidneyStoneAI\datasets\raw\classification\ct-kidney\Normal\Normal- (3780).jpg,Normal,0
D:\Final Sem Project\KidneyStoneAI\datasets\raw\classification\ct-kidney\Stone\Stone- (1333).jpg,Stone,1
D:\Final Sem Project\KidneyStoneAI\datasets\raw\classification\ct-kidney\Stone\Stone- (1245).jpg,Stone,1
D:\Final Sem Project\KidneyStoneAI\datasets\raw\classification\ct-kidney\Stone\Stone- (1280).jpg,Stone,1
D:\Final Sem Project\KidneyStoneAI\datasets\raw\classification\ct-kidney\Normal\Normal- (1034).jpg,Normal,0
D:\Final Sem Project\KidneyStoneAI\datasets\raw\classification\ct-kidney\Normal\Normal- (3717).jpg,Normal,0
D:\Final Sem Project\KidneyStoneAI\datasets\raw\classification\ct-kidney\Normal\Normal- (2935).jpg,Normal,0
D:\Final Sem Project\KidneyStoneAI\datasets\raw\classification\ct-kidney\Normal\Normal- (3069).jpg,Normal,0
D:\Final Sem Project\KidneyStoneAI\datasets\raw\classification\ct-kidney\Normal\Normal- (4736).jpg,Normal,0
D:\Final Sem Project\KidneyStoneAI\datasets\raw\classification\ct-kidney\Normal\Normal- (1130).jpg,Normal,0
D:\Final Sem Project\KidneyStoneAI\datasets\raw\classification\ct-kidney\Normal\Normal- (3820).jpg,Normal,0
D:\Final Sem Project\KidneyStoneAI\datasets\raw\classification\ct-kidney\Normal\Normal- (3409).jpg,Normal,0
D:\Final Sem Project\KidneyStoneAI\datasets\raw\classification\ct-kidney\Normal\Normal- (3312).jpg,Normal,0
D:\Final Sem Project\KidneyStoneAI\datasets\raw\classification\ct-kidney\Normal\Normal- (4195).jpg,Normal,0
D:\Final Sem Project\KidneyStoneAI\datasets\raw\classification\ct-kidney\Normal\Normal- (3959).jpg,Normal,0
D:\Final Sem Project\KidneyStoneAI\datasets\raw\classification\ct-kidney\Normal\Normal- (3759).jpg,Normal,0
D:\Final Sem Project\KidneyStoneAI\datasets\raw\classification\ct-kidney\Normal\Normal- (1017).jpg,Normal,0
D:\Final Sem Project\KidneyStoneAI\datasets\raw\classification\ct-kidney\Normal\Normal- (3826).jpg,Normal,0
D:\Final Sem Project\KidneyStoneAI\datasets\raw\classification\ct-kidney\Normal\Normal- (409).jpg,Normal,0
D:\Final Sem Project\KidneyStoneAI\datasets\raw\classification\ct-kidney\Normal\Normal- (4795).jpg,Normal,0
D:\Final Sem Project\KidneyStoneAI\datasets\raw\classification\ct-kidney\Normal\Normal- (2011).jpg,Normal,0
D:\Final Sem Project\KidneyStoneAI\datasets\raw\classification\ct-kidney\Normal\Normal- (4534).jpg,Normal,0
D:\Final Sem Project\KidneyStoneAI\datasets\raw\classification\ct-kidney\Normal\Normal- (503).jpg,Normal,0
D:\Final Sem Project\KidneyStoneAI\datasets\raw\classification\ct-kidney\Normal\Normal- (2080).jpg,Normal,0
D:\Final Sem Project\KidneyStoneAI\datasets\raw\classification\ct-kidney\Normal\Normal- (347).jpg,Normal,0
D:\Final Sem Project\KidneyStoneAI\datasets\raw\classification\ct-kidney\Normal\Normal- (2489).jpg,Normal,0
D:\Final Sem Project\KidneyStoneAI\datasets\raw\classification\ct-kidney\Normal\Normal- (3333).jpg,Normal,0
D:\Final Sem Project\KidneyStoneAI\datasets\raw\classification\ct-kidney\Normal\Normal- (4536).jpg,Normal,0
D:\Final Sem Project\KidneyStoneAI\datasets\raw\classification\ct-kidney\Normal\Normal- (4339).jpg,Normal,0
D:\Final Sem Project\KidneyStoneAI\datasets\raw\classification\ct-kidney\Stone\Stone- (383).jpg,Stone,1
D:\Final Sem Project\KidneyStoneAI\datasets\raw\classification\ct-kidney\Normal\Normal- (4494).jpg,Normal,0
D:\Final Sem Project\KidneyStoneAI\datasets\raw\classification\ct-kidney\Stone\Stone- (1112).jpg,Stone,1
D:\Final Sem Project\KidneyStoneAI\datasets\raw\classification\ct-kidney\Normal\Normal- (1382).jpg,Normal,0
D:\Final Sem Project\KidneyStoneAI\datasets\raw\classification\ct-kidney\Stone\Stone- (180).jpg,Stone,1
D:\Final Sem Project\KidneyStoneAI\datasets\raw\classification\ct-kidney\Normal\Normal- (4451).jpg,Normal,0
D:\Final Sem Project\KidneyStoneAI\datasets\raw\classification\ct-kidney\Normal\Normal- (3454).jpg,Normal,0
D:\Final Sem Project\KidneyStoneAI\datasets\raw\classification\ct-kidney\Normal\Normal- (2919).jpg,Normal,0
D:\Final Sem Project\KidneyStoneAI\datasets\raw\classification\ct-kidney\Normal\Normal- (3164).jpg,Normal,0
D:\Final Sem Project\KidneyStoneAI\datasets\raw\classification\ct-kidney\Normal\Normal- (3230).jpg,Normal,0
D:\Final Sem Project\KidneyStoneAI\datasets\raw\classification\ct-kidney\Normal\Normal- (456).jpg,Normal,0
D:\Final Sem Project\KidneyStoneAI\datasets\raw\classification\ct-kidney\Normal\Normal- (2062).jpg,Normal,0
D:\Final Sem Project\KidneyStoneAI\datasets\raw\classification\ct-kidney\Normal\Normal- (2039).jpg,Normal,0
D:\Final Sem Project\KidneyStoneAI\datasets\raw\classification\ct-kidney\Normal\Normal- (4095).jpg,Normal,0
D:\Final Sem Project\KidneyStoneAI\datasets\raw\classification\ct-kidney\Normal\Normal- (2437).jpg,Normal,0
D:\Final Sem Project\KidneyStoneAI\datasets\raw\classification\ct-kidney\Normal\Normal- (4566).jpg,Normal,0
D:\Final Sem Project\KidneyStoneAI\datasets\raw\classification\ct-kidney\Normal\Normal- (3504).jpg,Normal,0
D:\Final Sem Project\KidneyStoneAI\datasets\raw\classification\ct-kidney\Normal\Normal- (147).jpg,Normal,0
D:\Final Sem Project\KidneyStoneAI\datasets\raw\classification\ct-kidney\Normal\Normal- (3216).jpg,Normal,0
D:\Final Sem Project\KidneyStoneAI\datasets\raw\classification\ct-kidney\Normal\Normal- (363).jpg,Normal,0
D:\Final Sem Project\KidneyStoneAI\datasets\raw\classification\ct-kidney\Normal\Normal- (2330).jpg,Normal,0
D:\Final Sem Project\KidneyStoneAI\datasets\raw\classification\ct-kidney\Normal\Normal- (1471).jpg,Normal,0
D:\Final Sem Project\KidneyStoneAI\datasets\raw\classification\ct-kidney\Stone\Stone- (143).jpg,Stone,1
D:\Final Sem Project\KidneyStoneAI\datasets\raw\classification\ct-kidney\Normal\Normal- (1839).jpg,Normal,0
D:\Final Sem Project\KidneyStoneAI\datasets\raw\classification\ct-kidney\Normal\Normal- (3393).jpg,Normal,0
D:\Final Sem Project\KidneyStoneAI\datasets\raw\classification\ct-kidney\Normal\Normal- (2038).jpg,Normal,0
D:\Final Sem Project\KidneyStoneAI\datasets\raw\classification\ct-kidney\Stone\Stone- (753).jpg,Stone,1
D:\Final Sem Project\KidneyStoneAI\datasets\raw\classification\ct-kidney\Stone\Stone- (775).jpg,Stone,1
D:\Final Sem Project\KidneyStoneAI\datasets\raw\classification\ct-kidney\Normal\Normal- (3394).jpg,Normal,0
D:\Final Sem Project\KidneyStoneAI\datasets\raw\classification\ct-kidney\Normal\Normal- (1451).jpg,Normal,0
D:\Final Sem Project\KidneyStoneAI\datasets\raw\classification\ct-kidney\Normal\Normal- (966).jpg,Normal,0
D:\Final Sem Project\KidneyStoneAI\datasets\raw\classification\ct-kidney\Normal\Normal- (3002).jpg,Normal,0
D:\Final Sem Project\KidneyStoneAI\datasets\raw\classification\ct-kidney\Normal\Normal- (889).jpg,Normal,0
D:\Final Sem Project\KidneyStoneAI\datasets\raw\classification\ct-kidney\Normal\Normal- (368).jpg,Normal,0
D:\Final Sem Project\KidneyStoneAI\datasets\raw\classification\ct-kidney\Stone\Stone- (262).jpg,Stone,1
D:\Final Sem Project\KidneyStoneAI\datasets\raw\classification\ct-kidney\Normal\Normal- (216).jpg,Normal,0
D:\Final Sem Project\KidneyStoneAI\datasets\raw\classification\ct-kidney\Normal\Normal- (120).jpg,Normal,0
D:\Final Sem Project\KidneyStoneAI\datasets\raw\classification\ct-kidney\Normal\Normal- (1199).jpg,Normal,0
D:\Final Sem Project\KidneyStoneAI\datasets\raw\classification\ct-kidney\Normal\Normal- (2503).jpg,Normal,0
D:\Final Sem Project\KidneyStoneAI\datasets\raw\classification\ct-kidney\Normal\Normal- (1550).jpg,Normal,0
D:\Final Sem Project\KidneyStoneAI\datasets\raw\classification\ct-kidney\Normal\Normal- (1019).jpg,Normal,0
D:\Final Sem Project\KidneyStoneAI\datasets\raw\classification\ct-kidney\Normal\Normal- (1080).jpg,Normal,0
D:\Final Sem Project\KidneyStoneAI\datasets\raw\classification\ct-kidney\Normal\Normal- (3915).jpg,Normal,0
D:\Final Sem Project\KidneyStoneAI\datasets\raw\classification\ct-kidney\Normal\Normal- (4466).jpg,Normal,0
D:\Final Sem Project\KidneyStoneAI\datasets\raw\classification\ct-kidney\Normal\Normal- (87).jpg,Normal,0
D:\Final Sem Project\KidneyStoneAI\datasets\raw\classification\ct-kidney\Normal\Normal- (2277).jpg,Normal,0
D:\Final Sem Project\KidneyStoneAI\datasets\raw\classification\ct-kidney\Stone\Stone- (893).jpg,Stone,1
D:\Final Sem Project\KidneyStoneAI\datasets\raw\classification\ct-kidney\Normal\Normal- (3589).jpg,Normal,0
D:\Final Sem Project\KidneyStoneAI\datasets\raw\classification\ct-kidney\Normal\Normal- (185).jpg,Normal,0
D:\Final Sem Project\KidneyStoneAI\datasets\raw\classification\ct-kidney\Normal\Normal- (1390).jpg,Normal,0
D:\Final Sem Project\KidneyStoneAI\datasets\raw\classification\ct-kidney\Normal\Normal- (1356).jpg,Normal,0
D:\Final Sem Project\KidneyStoneAI\datasets\raw\classification\ct-kidney\Stone\Stone- (136).jpg,Stone,1
D:\Final Sem Project\KidneyStoneAI\datasets\raw\classification\ct-kidney\Stone\Stone- (215).jpg,Stone,1
D:\Final Sem Project\KidneyStoneAI\datasets\raw\classification\ct-kidney\Stone\Stone- (301).jpg,Stone,1
D:\Final Sem Project\KidneyStoneAI\datasets\raw\classification\ct-kidney\Normal\Normal- (2465).jpg,Normal,0
D:\Final Sem Project\KidneyStoneAI\datasets\raw\classification\ct-kidney\Normal\Normal- (1187).jpg,Normal,0
D:\Final Sem Project\KidneyStoneAI\datasets\raw\classification\ct-kidney\Normal\Normal- (5021).jpg,Normal,0
D:\Final Sem Project\KidneyStoneAI\datasets\raw\classification\ct-kidney\Normal\Normal- (2285).jpg,Normal,0
D:\Final Sem Project\KidneyStoneAI\datasets\raw\classification\ct-kidney\Stone\Stone- (1125).jpg,Stone,1
D:\Final Sem Project\KidneyStoneAI\datasets\raw\classification\ct-kidney\Stone\Stone- (479).jpg,Stone,1
D:\Final Sem Project\KidneyStoneAI\datasets\raw\classification\ct-kidney\Normal\Normal- (4802).jpg,Normal,0
D:\Final Sem Project\KidneyStoneAI\datasets\raw\classification\ct-kidney\Normal\Normal- (300).jpg,Normal,0
D:\Final Sem Project\KidneyStoneAI\datasets\raw\classification\ct-kidney\Stone\Stone- (283).jpg,Stone,1
D:\Final Sem Project\KidneyStoneAI\datasets\raw\classification\ct-kidney\Stone\Stone- (34).jpg,Stone,1
D:\Final Sem Project\KidneyStoneAI\datasets\raw\classification\ct-kidney\Normal\Normal- (2784).jpg,Normal,0
D:\Final Sem Project\KidneyStoneAI\datasets\raw\classification\ct-kidney\Normal\Normal- (449).jpg,Normal,0
D:\Final Sem Project\KidneyStoneAI\datasets\raw\classification\ct-kidney\Normal\Normal- (3081).jpg,Normal,0
D:\Final Sem Project\KidneyStoneAI\datasets\raw\classification\ct-kidney\Normal\Normal- (379).jpg,Normal,0
D:\Final Sem Project\KidneyStoneAI\datasets\raw\classification\ct-kidney\Normal\Normal- (1016).jpg,Normal,0
D:\Final Sem Project\KidneyStoneAI\datasets\raw\classification\ct-kidney\Normal\Normal- (451).jpg,Normal,0
D:\Final Sem Project\KidneyStoneAI\datasets\raw\classification\ct-kidney\Normal\Normal- (1188).jpg,Normal,0
D:\Final Sem Project\KidneyStoneAI\datasets\raw\classification\ct-kidney\Normal\Normal- (1632).jpg,Normal,0
D:\Final Sem Project\KidneyStoneAI\datasets\raw\classification\ct-kidney\Normal\Normal- (2970).jpg,Normal,0
D:\Final Sem Project\KidneyStoneAI\datasets\raw\classification\ct-kidney\Normal\Normal- (527).jpg,Normal,0
D:\Final Sem Project\KidneyStoneAI\datasets\raw\classification\ct-kidney\Normal\Normal- (1440).jpg,Normal,0
D:\Final Sem Project\KidneyStoneAI\datasets\raw\classification\ct-kidney\Stone\Stone- (783).jpg,Stone,1
D:\Final Sem Project\KidneyStoneAI\datasets\raw\classification\ct-kidney\Normal\Normal- (1329).jpg,Normal,0
D:\Final Sem Project\KidneyStoneAI\datasets\raw\classification\ct-kidney\Normal\Normal- (4047).jpg,Normal,0
D:\Final Sem Project\KidneyStoneAI\datasets\raw\classification\ct-kidney\Normal\Normal- (1283).jpg,Normal,0
D:\Final Sem Project\KidneyStoneAI\datasets\raw\classification\ct-kidney\Normal\Normal- (2949).jpg,Normal,0
D:\Final Sem Project\KidneyStoneAI\datasets\raw\classification\ct-kidney\Stone\Stone- (1105).jpg,Stone,1
D:\Final Sem Project\KidneyStoneAI\datasets\raw\classification\ct-kidney\Stone\Stone- (907).jpg,Stone,1
D:\Final Sem Project\KidneyStoneAI\datasets\raw\classification\ct-kidney\Stone\Stone- (455).jpg,Stone,1
D:\Final Sem Project\KidneyStoneAI\datasets\raw\classification\ct-kidney\Normal\Normal- (3727).jpg,Normal,0
D:\Final Sem Project\KidneyStoneAI\datasets\raw\classification\ct-kidney\Normal\Normal- (3543).jpg,Normal,0
D:\Final Sem Project\KidneyStoneAI\datasets\raw\classification\ct-kidney\Normal\Normal- (2909).jpg,Normal,0
D:\Final Sem Project\KidneyStoneAI\datasets\raw\classification\ct-kidney\Normal\Normal- (5058).jpg,Normal,0
D:\Final Sem Project\KidneyStoneAI\datasets\raw\classification\ct-kidney\Normal\Normal- (511).jpg,Normal,0
D:\Final Sem Project\KidneyStoneAI\datasets\raw\classification\ct-kidney\Normal\Normal- (306).jpg,Normal,0
D:\Final Sem Project\KidneyStoneAI\datasets\raw\classification\ct-kidney\Normal\Normal- (4694).jpg,Normal,0
D:\Final Sem Project\KidneyStoneAI\datasets\raw\classification\ct-kidney\Stone\Stone- (1083).jpg,Stone,1
D:\Final Sem Project\KidneyStoneAI\datasets\raw\classification\ct-kidney\Stone\Stone- (658).jpg,Stone,1
D:\Final Sem Project\KidneyStoneAI\datasets\raw\classification\ct-kidney\Stone\Stone- (158).jpg,Stone,1
D:\Final Sem Project\KidneyStoneAI\datasets\raw\classification\ct-kidney\Normal\Normal- (1436).jpg,Normal,0
D:\Final Sem Project\KidneyStoneAI\datasets\raw\classification\ct-kidney\Stone\Stone- (195).jpg,Stone,1
D:\Final Sem Project\KidneyStoneAI\datasets\raw\classification\ct-kidney\Normal\Normal- (4271).jpg,Normal,0
D:\Final Sem Project\KidneyStoneAI\datasets\raw\classification\ct-kidney\Normal\Normal- (261).jpg,Normal,0
D:\Final Sem Project\KidneyStoneAI\datasets\raw\classification\ct-kidney\Normal\Normal- (3696).jpg,Normal,0
D:\Final Sem Project\KidneyStoneAI\datasets\raw\classification\ct-kidney\Normal\Normal- (2751).jpg,Normal,0
D:\Final Sem Project\KidneyStoneAI\datasets\raw\classification\ct-kidney\Normal\Normal- (861).jpg,Normal,0
D:\Final Sem Project\KidneyStoneAI\datasets\raw\classification\ct-kidney\Normal\Normal- (3322).jpg,Normal,0
D:\Final Sem Project\KidneyStoneAI\datasets\raw\classification\ct-kidney\Normal\Normal- (3022).jpg,Normal,0
D:\Final Sem Project\KidneyStoneAI\datasets\raw\classification\ct-kidney\Stone\Stone- (950).jpg,Stone,1
D:\Final Sem Project\KidneyStoneAI\datasets\raw\classification\ct-kidney\Normal\Normal- (2007).jpg,Normal,0
D:\Final Sem Project\KidneyStoneAI\datasets\raw\classification\ct-kidney\Normal\Normal- (4989).jpg,Normal,0
D:\Final Sem Project\KidneyStoneAI\datasets\raw\classification\ct-kidney\Normal\Normal- (2326).jpg,Normal,0
D:\Final Sem Project\KidneyStoneAI\datasets\raw\classification\ct-kidney\Stone\Stone- (528).jpg,Stone,1
D:\Final Sem Project\KidneyStoneAI\datasets\raw\classification\ct-kidney\Normal\Normal- (3639).jpg,Normal,0
D:\Final Sem Project\KidneyStoneAI\datasets\raw\classification\ct-kidney\Normal\Normal- (3951).jpg,Normal,0
D:\Final Sem Project\KidneyStoneAI\datasets\raw\classification\ct-kidney\Normal\Normal- (440).jpg,Normal,0
D:\Final Sem Project\KidneyStoneAI\datasets\raw\classification\ct-kidney\Normal\Normal- (616).jpg,Normal,0
D:\Final Sem Project\KidneyStoneAI\datasets\raw\classification\ct-kidney\Normal\Normal- (3049).jpg,Normal,0
D:\Final Sem Project\KidneyStoneAI\datasets\raw\classification\ct-kidney\Normal\Normal- (1005).jpg,Normal,0
D:\Final Sem Project\KidneyStoneAI\datasets\raw\classification\ct-kidney\Normal\Normal- (1827).jpg,Normal,0
D:\Final Sem Project\KidneyStoneAI\datasets\raw\classification\ct-kidney\Normal\Normal- (3408).jpg,Normal,0
D:\Final Sem Project\KidneyStoneAI\datasets\raw\classification\ct-kidney\Normal\Normal- (2475).jpg,Normal,0
D:\Final Sem Project\KidneyStoneAI\datasets\raw\classification\ct-kidney\Stone\Stone- (809).jpg,Stone,1
D:\Final Sem Project\KidneyStoneAI\datasets\raw\classification\ct-kidney\Normal\Normal- (2282).jpg,Normal,0
D:\Final Sem Project\KidneyStoneAI\datasets\raw\classification\ct-kidney\Normal\Normal- (842).jpg,Normal,0
D:\Final Sem Project\KidneyStoneAI\datasets\raw\classification\ct-kidney\Normal\Normal- (4948).jpg,Normal,0
D:\Final Sem Project\KidneyStoneAI\datasets\raw\classification\ct-kidney\Normal\Normal- (2828).jpg,Normal,0
D:\Final Sem Project\KidneyStoneAI\datasets\raw\classification\ct-kidney\Normal\Normal- (89).jpg,Normal,0
D:\Final Sem Project\KidneyStoneAI\datasets\raw\classification\ct-kidney\Normal\Normal- (4245).jpg,Normal,0
D:\Final Sem Project\KidneyStoneAI\datasets\raw\classification\ct-kidney\Stone\Stone- (1310).jpg,Stone,1
D:\Final Sem Project\KidneyStoneAI\datasets\raw\classification\ct-kidney\Normal\Normal- (2057).jpg,Normal,0
D:\Final Sem Project\KidneyStoneAI\datasets\raw\classification\ct-kidney\Normal\Normal- (3579).jpg,Normal,0
D:\Final Sem Project\KidneyStoneAI\datasets\raw\classification\ct-kidney\Normal\Normal- (3584).jpg,Normal,0
D:\Final Sem Project\KidneyStoneAI\datasets\raw\classification\ct-kidney\Normal\Normal- (1394).jpg,Normal,0
D:\Final Sem Project\KidneyStoneAI\datasets\raw\classification\ct-kidney\Normal\Normal- (2440).jpg,Normal,0
D:\Final Sem Project\KidneyStoneAI\datasets\raw\classification\ct-kidney\Normal\Normal- (1581).jpg,Normal,0
D:\Final Sem Project\KidneyStoneAI\datasets\raw\classification\ct-kidney\Stone\Stone- (1135).jpg,Stone,1
D:\Final Sem Project\KidneyStoneAI\datasets\raw\classification\ct-kidney\Normal\Normal- (1039).jpg,Normal,0
D:\Final Sem Project\KidneyStoneAI\datasets\raw\classification\ct-kidney\Stone\Stone- (835).jpg,Stone,1
D:\Final Sem Project\KidneyStoneAI\datasets\raw\classification\ct-kidney\Stone\Stone- (694).jpg,Stone,1
D:\Final Sem Project\KidneyStoneAI\datasets\raw\classification\ct-kidney\Normal\Normal- (3127).jpg,Normal,0
D:\Final Sem Project\KidneyStoneAI\datasets\raw\classification\ct-kidney\Normal\Normal- (1780).jpg,Normal,0
D:\Final Sem Project\KidneyStoneAI\datasets\raw\classification\ct-kidney\Normal\Normal- (1386).jpg,Normal,0
D:\Final Sem Project\KidneyStoneAI\datasets\raw\classification\ct-kidney\Normal\Normal- (4623).jpg,Normal,0
D:\Final Sem Project\KidneyStoneAI\datasets\raw\classification\ct-kidney\Stone\Stone- (132).jpg,Stone,1
D:\Final Sem Project\KidneyStoneAI\datasets\raw\classification\ct-kidney\Normal\Normal- (2947).jpg,Normal,0
D:\Final Sem Project\KidneyStoneAI\datasets\raw\classification\ct-kidney\Normal\Normal- (4933).jpg,Normal,0
D:\Final Sem Project\KidneyStoneAI\datasets\raw\classification\ct-kidney\Normal\Normal- (1933).jpg,Normal,0
D:\Final Sem Project\KidneyStoneAI\datasets\raw\classification\ct-kidney\Normal\Normal- (1531).jpg,Normal,0
D:\Final Sem Project\KidneyStoneAI\datasets\raw\classification\ct-kidney\Normal\Normal- (2605).jpg,Normal,0
D:\Final Sem Project\KidneyStoneAI\datasets\raw\classification\ct-kidney\Stone\Stone- (957).jpg,Stone,1
D:\Final Sem Project\KidneyStoneAI\datasets\raw\classification\ct-kidney\Normal\Normal- (2602).jpg,Normal,0
D:\Final Sem Project\KidneyStoneAI\datasets\raw\classification\ct-kidney\Normal\Normal- (2609).jpg,Normal,0
D:\Final Sem Project\KidneyStoneAI\datasets\raw\classification\ct-kidney\Normal\Normal- (3326).jpg,Normal,0
D:\Final Sem Project\KidneyStoneAI\datasets\raw\classification\ct-kidney\Normal\Normal- (3074).jpg,Normal,0
D:\Final Sem Project\KidneyStoneAI\datasets\raw\classification\ct-kidney\Normal\Normal- (3599).jpg,Normal,0
D:\Final Sem Project\KidneyStoneAI\datasets\raw\classification\ct-kidney\Normal\Normal- (2793).jpg,Normal,0
D:\Final Sem Project\KidneyStoneAI\datasets\raw\classification\ct-kidney\Normal\Normal- (3181).jpg,Normal,0
D:\Final Sem Project\KidneyStoneAI\datasets\raw\classification\ct-kidney\Normal\Normal- (21).jpg,Normal,0
D:\Final Sem Project\KidneyStoneAI\datasets\raw\classification\ct-kidney\Normal\Normal- (4738).jpg,Normal,0
D:\Final Sem Project\KidneyStoneAI\datasets\raw\classification\ct-kidney\Normal\Normal- (3475).jpg,Normal,0
D:\Final Sem Project\KidneyStoneAI\datasets\raw\classification\ct-kidney\Normal\Normal- (3359).jpg,Normal,0
D:\Final Sem Project\KidneyStoneAI\datasets\raw\classification\ct-kidney\Normal\Normal- (712).jpg,Normal,0
D:\Final Sem Project\KidneyStoneAI\datasets\raw\classification\ct-kidney\Normal\Normal- (1428).jpg,Normal,0
D:\Final Sem Project\KidneyStoneAI\datasets\raw\classification\ct-kidney\Normal\Normal- (1883).jpg,Normal,0
D:\Final Sem Project\KidneyStoneAI\datasets\raw\classification\ct-kidney\Normal\Normal- (4247).jpg,Normal,0
D:\Final Sem Project\KidneyStoneAI\datasets\raw\classification\ct-kidney\Stone\Stone- (640).jpg,Stone,1
D:\Final Sem Project\KidneyStoneAI\datasets\raw\classification\ct-kidney\Normal\Normal- (1195).jpg,Normal,0
D:\Final Sem Project\KidneyStoneAI\datasets\raw\classification\ct-kidney\Normal\Normal- (819).jpg,Normal,0
D:\Final Sem Project\KidneyStoneAI\datasets\raw\classification\ct-kidney\Normal\Normal- (1103).jpg,Normal,0
D:\Final Sem Project\KidneyStoneAI\datasets\raw\classification\ct-kidney\Normal\Normal- (1493).jpg,Normal,0
D:\Final Sem Project\KidneyStoneAI\datasets\raw\classification\ct-kidney\Normal\Normal- (1445).jpg,Normal,0
D:\Final Sem Project\KidneyStoneAI\datasets\raw\classification\ct-kidney\Normal\Normal- (5064).jpg,Normal,0
D:\Final Sem Project\KidneyStoneAI\datasets\raw\classification\ct-kidney\Normal\Normal- (3124).jpg,Normal,0
D:\Final Sem Project\KidneyStoneAI\datasets\raw\classification\ct-kidney\Normal\Normal- (4336).jpg,Normal,0
D:\Final Sem Project\KidneyStoneAI\datasets\raw\classification\ct-kidney\Normal\Normal- (29).jpg,Normal,0
D:\Final Sem Project\KidneyStoneAI\datasets\raw\classification\ct-kidney\Normal\Normal- (3837).jpg,Normal,0
D:\Final Sem Project\KidneyStoneAI\datasets\raw\classification\ct-kidney\Stone\Stone- (649).jpg,Stone,1
D:\Final Sem Project\KidneyStoneAI\datasets\raw\classification\ct-kidney\Normal\Normal- (4837).jpg,Normal,0
D:\Final Sem Project\KidneyStoneAI\datasets\raw\classification\ct-kidney\Normal\Normal- (4919).jpg,Normal,0
D:\Final Sem Project\KidneyStoneAI\datasets\raw\classification\ct-kidney\Normal\Normal- (3756).jpg,Normal,0
D:\Final Sem Project\KidneyStoneAI\datasets\raw\classification\ct-kidney\Normal\Normal- (3934).jpg,Normal,0
D:\Final Sem Project\KidneyStoneAI\datasets\raw\classification\ct-kidney\Normal\Normal- (3311).jpg,Normal,0
D:\Final Sem Project\KidneyStoneAI\datasets\raw\classification\ct-kidney\Normal\Normal- (41).jpg,Normal,0
D:\Final Sem Project\KidneyStoneAI\datasets\raw\classification\ct-kidney\Stone\Stone- (997).jpg,Stone,1
D:\Final Sem Project\KidneyStoneAI\datasets\raw\classification\ct-kidney\Normal\Normal- (1373).jpg,Normal,0
D:\Final Sem Project\KidneyStoneAI\datasets\raw\classification\ct-kidney\Normal\Normal- (696).jpg,Normal,0
D:\Final Sem Project\KidneyStoneAI\datasets\raw\classification\ct-kidney\Normal\Normal- (1787).jpg,Normal,0
D:\Final Sem Project\KidneyStoneAI\datasets\raw\classification\ct-kidney\Normal\Normal- (2009).jpg,Normal,0
D:\Final Sem Project\KidneyStoneAI\datasets\raw\classification\ct-kidney\Normal\Normal- (396).jpg,Normal,0
D:\Final Sem Project\KidneyStoneAI\datasets\raw\classification\ct-kidney\Normal\Normal- (4788).jpg,Normal,0
D:\Final Sem Project\KidneyStoneAI\datasets\raw\classification\ct-kidney\Normal\Normal- (308).jpg,Normal,0
D:\Final Sem Project\KidneyStoneAI\datasets\raw\classification\ct-kidney\Normal\Normal- (4673).jpg,Normal,0
D:\Final Sem Project\KidneyStoneAI\datasets\raw\classification\ct-kidney\Normal\Normal- (1975).jpg,Normal,0
D:\Final Sem Project\KidneyStoneAI\datasets\raw\classification\ct-kidney\Normal\Normal- (2379).jpg,Normal,0
D:\Final Sem Project\KidneyStoneAI\datasets\raw\classification\ct-kidney\Normal\Normal- (3676).jpg,Normal,0
D:\Final Sem Project\KidneyStoneAI\datasets\raw\classification\ct-kidney\Normal\Normal- (608).jpg,Normal,0
D:\Final Sem Project\KidneyStoneAI\datasets\raw\classification\ct-kidney\Normal\Normal- (552).jpg,Normal,0
D:\Final Sem Project\KidneyStoneAI\datasets\raw\classification\ct-kidney\Normal\Normal- (1548).jpg,Normal,0
D:\Final Sem Project\KidneyStoneAI\datasets\raw\classification\ct-kidney\Normal\Normal- (2682).jpg,Normal,0
D:\Final Sem Project\KidneyStoneAI\datasets\raw\classification\ct-kidney\Normal\Normal- (3975).jpg,Normal,0
D:\Final Sem Project\KidneyStoneAI\datasets\raw\classification\ct-kidney\Stone\Stone- (108).jpg,Stone,1
D:\Final Sem Project\KidneyStoneAI\datasets\raw\classification\ct-kidney\Stone\Stone- (933).jpg,Stone,1
D:\Final Sem Project\KidneyStoneAI\datasets\raw\classification\ct-kidney\Stone\Stone- (886).jpg,Stone,1
D:\Final Sem Project\KidneyStoneAI\datasets\raw\classification\ct-kidney\Normal\Normal- (2323).jpg,Normal,0
D:\Final Sem Project\KidneyStoneAI\datasets\raw\classification\ct-kidney\Stone\Stone- (381).jpg,Stone,1
D:\Final Sem Project\KidneyStoneAI\datasets\raw\classification\ct-kidney\Normal\Normal- (917).jpg,Normal,0
D:\Final Sem Project\KidneyStoneAI\datasets\raw\classification\ct-kidney\Normal\Normal- (3948).jpg,Normal,0
D:\Final Sem Project\KidneyStoneAI\datasets\raw\classification\ct-kidney\Normal\Normal- (946).jpg,Normal,0
D:\Final Sem Project\KidneyStoneAI\datasets\raw\classification\ct-kidney\Normal\Normal- (848).jpg,Normal,0
D:\Final Sem Project\KidneyStoneAI\datasets\raw\classification\ct-kidney\Normal\Normal- (1435).jpg,Normal,0
D:\Final Sem Project\KidneyStoneAI\datasets\raw\classification\ct-kidney\Normal\Normal- (4108).jpg,Normal,0
D:\Final Sem Project\KidneyStoneAI\datasets\raw\classification\ct-kidney\Normal\Normal- (2513).jpg,Normal,0
D:\Final Sem Project\KidneyStoneAI\datasets\raw\classification\ct-kidney\Normal\Normal- (2105).jpg,Normal,0
D:\Final Sem Project\KidneyStoneAI\datasets\raw\classification\ct-kidney\Stone\Stone- (888).jpg,Stone,1
D:\Final Sem Project\KidneyStoneAI\datasets\raw\classification\ct-kidney\Stone\Stone- (653).jpg,Stone,1
D:\Final Sem Project\KidneyStoneAI\datasets\raw\classification\ct-kidney\Normal\Normal- (2656).jpg,Normal,0
D:\Final Sem Project\KidneyStoneAI\datasets\raw\classification\ct-kidney\Stone\Stone- (825).jpg,Stone,1
D:\Final Sem Project\KidneyStoneAI\datasets\raw\classification\ct-kidney\Normal\Normal- (242).jpg,Normal,0
D:\Final Sem Project\KidneyStoneAI\datasets\raw\classification\ct-kidney\Normal\Normal- (5057).jpg,Normal,0
D:\Final Sem Project\KidneyStoneAI\datasets\raw\classification\ct-kidney\Normal\Normal- (2755).jpg,Normal,0
D:\Final Sem Project\KidneyStoneAI\datasets\raw\classification\ct-kidney\Normal\Normal- (595).jpg,Normal,0
D:\Final Sem Project\KidneyStoneAI\datasets\raw\classification\ct-kidney\Normal\Normal- (899).jpg,Normal,0
D:\Final Sem Project\KidneyStoneAI\datasets\raw\classification\ct-kidney\Normal\Normal- (4975).jpg,Normal,0
D:\Final Sem Project\KidneyStoneAI\datasets\raw\classification\ct-kidney\Normal\Normal- (3793).jpg,Normal,0
D:\Final Sem Project\KidneyStoneAI\datasets\raw\classification\ct-kidney\Normal\Normal- (4319).jpg,Normal,0
D:\Final Sem Project\KidneyStoneAI\datasets\raw\classification\ct-kidney\Normal\Normal- (1837).jpg,Normal,0
D:\Final Sem Project\KidneyStoneAI\datasets\raw\classification\ct-kidney\Normal\Normal- (4591).jpg,Normal,0
D:\Final Sem Project\KidneyStoneAI\datasets\raw\classification\ct-kidney\Normal\Normal- (82).jpg,Normal,0
D:\Final Sem Project\KidneyStoneAI\datasets\raw\classification\ct-kidney\Normal\Normal- (2223).jpg,Normal,0
D:\Final Sem Project\KidneyStoneAI\datasets\raw\classification\ct-kidney\Normal\Normal- (2741).jpg,Normal,0
D:\Final Sem Project\KidneyStoneAI\datasets\raw\classification\ct-kidney\Stone\Stone- (257).jpg,Stone,1
D:\Final Sem Project\KidneyStoneAI\datasets\raw\classification\ct-kidney\Normal\Normal- (482).jpg,Normal,0
D:\Final Sem Project\KidneyStoneAI\datasets\raw\classification\ct-kidney\Stone\Stone- (360).jpg,Stone,1
D:\Final Sem Project\KidneyStoneAI\datasets\raw\classification\ct-kidney\Normal\Normal- (3218).jpg,Normal,0
D:\Final Sem Project\KidneyStoneAI\datasets\raw\classification\ct-kidney\Normal\Normal- (2829).jpg,Normal,0
D:\Final Sem Project\KidneyStoneAI\datasets\raw\classification\ct-kidney\Stone\Stone- (1282).jpg,Stone,1
D:\Final Sem Project\KidneyStoneAI\datasets\raw\classification\ct-kidney\Stone\Stone- (86).jpg,Stone,1
D:\Final Sem Project\KidneyStoneAI\datasets\raw\classification\ct-kidney\Normal\Normal- (186).jpg,Normal,0
D:\Final Sem Project\KidneyStoneAI\datasets\raw\classification\ct-kidney\Normal\Normal- (4341).jpg,Normal,0
D:\Final Sem Project\KidneyStoneAI\datasets\raw\classification\ct-kidney\Stone\Stone- (15).jpg,Stone,1
D:\Final Sem Project\KidneyStoneAI\datasets\raw\classification\ct-kidney\Normal\Normal- (1626).jpg,Normal,0
D:\Final Sem Project\KidneyStoneAI\datasets\raw\classification\ct-kidney\Normal\Normal- (4426).jpg,Normal,0
D:\Final Sem Project\KidneyStoneAI\datasets\raw\classification\ct-kidney\Normal\Normal- (487).jpg,Normal,0
D:\Final Sem Project\KidneyStoneAI\datasets\raw\classification\ct-kidney\Stone\Stone- (167).jpg,Stone,1
D:\Final Sem Project\KidneyStoneAI\datasets\raw\classification\ct-kidney\Normal\Normal- (1754).jpg,Normal,0
D:\Final Sem Project\KidneyStoneAI\datasets\raw\classification\ct-kidney\Stone\Stone- (1179).jpg,Stone,1
D:\Final Sem Project\KidneyStoneAI\datasets\raw\classification\ct-kidney\Normal\Normal- (2405).jpg,Normal,0
D:\Final Sem Project\KidneyStoneAI\datasets\raw\classification\ct-kidney\Normal\Normal- (2869).jpg,Normal,0
D:\Final Sem Project\KidneyStoneAI\datasets\raw\classification\ct-kidney\Normal\Normal- (4244).jpg,Normal,0
D:\Final Sem Project\KidneyStoneAI\datasets\raw\classification\ct-kidney\Normal\Normal- (4181).jpg,Normal,0
D:\Final Sem Project\KidneyStoneAI\datasets\raw\classification\ct-kidney\Normal\Normal- (2130).jpg,Normal,0
D:\Final Sem Project\KidneyStoneAI\datasets\raw\classification\ct-kidney\Normal\Normal- (1991).jpg,Normal,0
D:\Final Sem Project\KidneyStoneAI\datasets\raw\classification\ct-kidney\Normal\Normal- (4759).jpg,Normal,0
D:\Final Sem Project\KidneyStoneAI\datasets\raw\classification\ct-kidney\Normal\Normal- (2750).jpg,Normal,0
D:\Final Sem Project\KidneyStoneAI\datasets\raw\classification\ct-kidney\Stone\Stone- (1195).jpg,Stone,1
D:\Final Sem Project\KidneyStoneAI\datasets\raw\classification\ct-kidney\Normal\Normal- (191).jpg,Normal,0
D:\Final Sem Project\KidneyStoneAI\datasets\raw\classification\ct-kidney\Normal\Normal- (2056).jpg,Normal,0
D:\Final Sem Project\KidneyStoneAI\datasets\raw\classification\ct-kidney\Normal\Normal- (4543).jpg,Normal,0
D:\Final Sem Project\KidneyStoneAI\datasets\raw\classification\ct-kidney\Normal\Normal- (2671).jpg,Normal,0
D:\Final Sem Project\KidneyStoneAI\datasets\raw\classification\ct-kidney\Normal\Normal- (2622).jpg,Normal,0
D:\Final Sem Project\KidneyStoneAI\datasets\raw\classification\ct-kidney\Normal\Normal- (4946).jpg,Normal,0
D:\Final Sem Project\KidneyStoneAI\datasets\raw\classification\ct-kidney\Normal\Normal- (1210).jpg,Normal,0
D:\Final Sem Project\KidneyStoneAI\datasets\raw\classification\ct-kidney\Stone\Stone- (291).jpg,Stone,1
D:\Final Sem Project\KidneyStoneAI\datasets\raw\classification\ct-kidney\Normal\Normal- (4418).jpg,Normal,0
D:\Final Sem Project\KidneyStoneAI\datasets\raw\classification\ct-kidney\Normal\Normal- (4365).jpg,Normal,0
D:\Final Sem Project\KidneyStoneAI\datasets\raw\classification\ct-kidney\Normal\Normal- (1786).jpg,Normal,0
D:\Final Sem Project\KidneyStoneAI\datasets\raw\classification\ct-kidney\Normal\Normal- (2147).jpg,Normal,0
D:\Final Sem Project\KidneyStoneAI\datasets\raw\classification\ct-kidney\Stone\Stone- (714).jpg,Stone,1
D:\Final Sem Project\KidneyStoneAI\datasets\raw\classification\ct-kidney\Normal\Normal- (1606).jpg,Normal,0
D:\Final Sem Project\KidneyStoneAI\datasets\raw\classification\ct-kidney\Normal\Normal- (2567).jpg,Normal,0
D:\Final Sem Project\KidneyStoneAI\datasets\raw\classification\ct-kidney\Normal\Normal- (4019).jpg,Normal,0
D:\Final Sem Project\KidneyStoneAI\datasets\raw\classification\ct-kidney\Normal\Normal- (2214).jpg,Normal,0
D:\Final Sem Project\KidneyStoneAI\datasets\raw\classification\ct-kidney\Stone\Stone- (571).jpg,Stone,1
D:\Final Sem Project\KidneyStoneAI\datasets\raw\classification\ct-kidney\Normal\Normal- (4306).jpg,Normal,0
D:\Final Sem Project\KidneyStoneAI\datasets\raw\classification\ct-kidney\Normal\Normal- (1220).jpg,Normal,0
D:\Final Sem Project\KidneyStoneAI\datasets\raw\classification\ct-kidney\Normal\Normal- (5060).jpg,Normal,0
D:\Final Sem Project\KidneyStoneAI\datasets\raw\classification\ct-kidney\Normal\Normal- (4422).jpg,Normal,0
D:\Final Sem Project\KidneyStoneAI\datasets\raw\classification\ct-kidney\Normal\Normal- (207).jpg,Normal,0
D:\Final Sem Project\KidneyStoneAI\datasets\raw\classification\ct-kidney\Normal\Normal- (4841).jpg,Normal,0
D:\Final Sem Project\KidneyStoneAI\datasets\raw\classification\ct-kidney\Normal\Normal- (2079).jpg,Normal,0
D:\Final Sem Project\KidneyStoneAI\datasets\raw\classification\ct-kidney\Normal\Normal- (1345).jpg,Normal,0
D:\Final Sem Project\KidneyStoneAI\datasets\raw\classification\ct-kidney\Normal\Normal- (385).jpg,Normal,0
D:\Final Sem Project\KidneyStoneAI\datasets\raw\classification\ct-kidney\Normal\Normal- (4025).jpg,Normal,0
D:\Final Sem Project\KidneyStoneAI\datasets\raw\classification\ct-kidney\Normal\Normal- (3743).jpg,Normal,0
D:\Final Sem Project\KidneyStoneAI\datasets\raw\classification\ct-kidney\Normal\Normal- (1340).jpg,Normal,0
D:\Final Sem Project\KidneyStoneAI\datasets\raw\classification\ct-kidney\Normal\Normal- (4402).jpg,Normal,0
D:\Final Sem Project\KidneyStoneAI\datasets\raw\classification\ct-kidney\Normal\Normal- (2448).jpg,Normal,0
D:\Final Sem Project\KidneyStoneAI\datasets\raw\classification\ct-kidney\Normal\Normal- (4126).jpg,Normal,0
D:\Final Sem Project\KidneyStoneAI\datasets\raw\classification\ct-kidney\Stone\Stone- (727).jpg,Stone,1
D:\Final Sem Project\KidneyStoneAI\datasets\raw\classification\ct-kidney\Normal\Normal- (4734).jpg,Normal,0
D:\Final Sem Project\KidneyStoneAI\datasets\raw\classification\ct-kidney\Normal\Normal- (3510).jpg,Normal,0
D:\Final Sem Project\KidneyStoneAI\datasets\raw\classification\ct-kidney\Normal\Normal- (3656).jpg,Normal,0
D:\Final Sem Project\KidneyStoneAI\datasets\raw\classification\ct-kidney\Stone\Stone- (944).jpg,Stone,1
D:\Final Sem Project\KidneyStoneAI\datasets\raw\classification\ct-kidney\Normal\Normal- (2531).jpg,Normal,0
D:\Final Sem Project\KidneyStoneAI\datasets\raw\classification\ct-kidney\Normal\Normal- (2215).jpg,Normal,0
D:\Final Sem Project\KidneyStoneAI\datasets\raw\classification\ct-kidney\Normal\Normal- (3649).jpg,Normal,0
D:\Final Sem Project\KidneyStoneAI\datasets\raw\classification\ct-kidney\Normal\Normal- (3578).jpg,Normal,0
D:\Final Sem Project\KidneyStoneAI\datasets\raw\classification\ct-kidney\Stone\Stone- (575).jpg,Stone,1
D:\Final Sem Project\KidneyStoneAI\datasets\raw\classification\ct-kidney\Normal\Normal- (824).jpg,Normal,0
D:\Final Sem Project\KidneyStoneAI\datasets\raw\classification\ct-kidney\Stone\Stone- (1373).jpg,Stone,1
D:\Final Sem Project\KidneyStoneAI\datasets\raw\classification\ct-kidney\Normal\Normal- (1129).jpg,Normal,0
D:\Final Sem Project\KidneyStoneAI\datasets\raw\classification\ct-kidney\Normal\Normal- (250).jpg,Normal,0
D:\Final Sem Project\KidneyStoneAI\datasets\raw\classification\ct-kidney\Normal\Normal- (2790).jpg,Normal,0
D:\Final Sem Project\KidneyStoneAI\datasets\raw\classification\ct-kidney\Normal\Normal- (2281).jpg,Normal,0
D:\Final Sem Project\KidneyStoneAI\datasets\raw\classification\ct-kidney\Normal\Normal- (3451).jpg,Normal,0
D:\Final Sem Project\KidneyStoneAI\datasets\raw\classification\ct-kidney\Normal\Normal- (3713).jpg,Normal,0
D:\Final Sem Project\KidneyStoneAI\datasets\raw\classification\ct-kidney\Stone\Stone- (909).jpg,Stone,1
D:\Final Sem Project\KidneyStoneAI\datasets\raw\classification\ct-kidney\Normal\Normal- (2526).jpg,Normal,0
D:\Final Sem Project\KidneyStoneAI\datasets\raw\classification\ct-kidney\Normal\Normal- (2098).jpg,Normal,0
D:\Final Sem Project\KidneyStoneAI\datasets\raw\classification\ct-kidney\Normal\Normal- (2677).jpg,Normal,0
D:\Final Sem Project\KidneyStoneAI\datasets\raw\classification\ct-kidney\Normal\Normal- (2801).jpg,Normal,0
D:\Final Sem Project\KidneyStoneAI\datasets\raw\classification\ct-kidney\Normal\Normal- (2178).jpg,Normal,0
D:\Final Sem Project\KidneyStoneAI\datasets\raw\classification\ct-kidney\Normal\Normal- (5072).jpg,Normal,0
D:\Final Sem Project\KidneyStoneAI\datasets\raw\classification\ct-kidney\Normal\Normal- (1482).jpg,Normal,0
D:\Final Sem Project\KidneyStoneAI\datasets\raw\classification\ct-kidney\Normal\Normal- (286).jpg,Normal,0
D:\Final Sem Project\KidneyStoneAI\datasets\raw\classification\ct-kidney\Normal\Normal- (4910).jpg,Normal,0
D:\Final Sem Project\KidneyStoneAI\datasets\raw\classification\ct-kidney\Normal\Normal- (1649).jpg,Normal,0
D:\Final Sem Project\KidneyStoneAI\datasets\raw\classification\ct-kidney\Normal\Normal- (4890).jpg,Normal,0
D:\Final Sem Project\KidneyStoneAI\datasets\raw\classification\ct-kidney\Normal\Normal- (3038).jpg,Normal,0
D:\Final Sem Project\KidneyStoneAI\datasets\raw\classification\ct-kidney\Normal\Normal- (4914).jpg,Normal,0
D:\Final Sem Project\KidneyStoneAI\datasets\raw\classification\ct-kidney\Normal\Normal- (3809).jpg,Normal,0
D:\Final Sem Project\KidneyStoneAI\datasets\raw\classification\ct-kidney\Normal\Normal- (193).jpg,Normal,0
D:\Final Sem Project\KidneyStoneAI\datasets\raw\classification\ct-kidney\Normal\Normal- (1640).jpg,Normal,0
D:\Final Sem Project\KidneyStoneAI\datasets\raw\classification\ct-kidney\Normal\Normal- (4226).jpg,Normal,0
D:\Final Sem Project\KidneyStoneAI\datasets\raw\classification\ct-kidney\Normal\Normal- (1798).jpg,Normal,0
D:\Final Sem Project\KidneyStoneAI\datasets\raw\classification\ct-kidney\Normal\Normal- (2852).jpg,Normal,0
D:\Final Sem Project\KidneyStoneAI\datasets\raw\classification\ct-kidney\Stone\Stone- (981).jpg,Stone,1
D:\Final Sem Project\KidneyStoneAI\datasets\raw\classification\ct-kidney\Normal\Normal- (1398).jpg,Normal,0
D:\Final Sem Project\KidneyStoneAI\datasets\raw\classification\ct-kidney\Normal\Normal- (3872).jpg,Normal,0
D:\Final Sem Project\KidneyStoneAI\datasets\raw\classification\ct-kidney\Normal\Normal- (3273).jpg,Normal,0
D:\Final Sem Project\KidneyStoneAI\datasets\raw\classification\ct-kidney\Normal\Normal- (1419).jpg,Normal,0
D:\Final Sem Project\KidneyStoneAI\datasets\raw\classification\ct-kidney\Normal\Normal- (2373).jpg,Normal,0
D:\Final Sem Project\KidneyStoneAI\datasets\raw\classification\ct-kidney\Normal\Normal- (2564).jpg,Normal,0
D:\Final Sem Project\KidneyStoneAI\datasets\raw\classification\ct-kidney\Normal\Normal- (4838).jpg,Normal,0
D:\Final Sem Project\KidneyStoneAI\datasets\raw\classification\ct-kidney\Normal\Normal- (1766).jpg,Normal,0
D:\Final Sem Project\KidneyStoneAI\datasets\raw\classification\ct-kidney\Normal\Normal- (1425).jpg,Normal,0
D:\Final Sem Project\KidneyStoneAI\datasets\raw\classification\ct-kidney\Normal\Normal- (660).jpg,Normal,0
D:\Final Sem Project\KidneyStoneAI\datasets\raw\classification\ct-kidney\Normal\Normal- (1595).jpg,Normal,0
D:\Final Sem Project\KidneyStoneAI\datasets\raw\classification\ct-kidney\Normal\Normal- (2175).jpg,Normal,0
D:\Final Sem Project\KidneyStoneAI\datasets\raw\classification\ct-kidney\Stone\Stone- (1119).jpg,Stone,1
D:\Final Sem Project\KidneyStoneAI\datasets\raw\classification\ct-kidney\Stone\Stone- (473).jpg,Stone,1
D:\Final Sem Project\KidneyStoneAI\datasets\raw\classification\ct-kidney\Stone\Stone- (214).jpg,Stone,1
D:\Final Sem Project\KidneyStoneAI\datasets\raw\classification\ct-kidney\Normal\Normal- (4158).jpg,Normal,0
D:\Final Sem Project\KidneyStoneAI\datasets\raw\classification\ct-kidney\Normal\Normal- (257).jpg,Normal,0
D:\Final Sem Project\KidneyStoneAI\datasets\raw\classification\ct-kidney\Stone\Stone- (348).jpg,Stone,1
D:\Final Sem Project\KidneyStoneAI\datasets\raw\classification\ct-kidney\Stone\Stone- (495).jpg,Stone,1
D:\Final Sem Project\KidneyStoneAI\datasets\raw\classification\ct-kidney\Normal\Normal- (4468).jpg,Normal,0
D:\Final Sem Project\KidneyStoneAI\datasets\raw\classification\ct-kidney\Normal\Normal- (3804).jpg,Normal,0
D:\Final Sem Project\KidneyStoneAI\datasets\raw\classification\ct-kidney\Stone\Stone- (1093).jpg,Stone,1
D:\Final Sem Project\KidneyStoneAI\datasets\raw\classification\ct-kidney\Stone\Stone- (378).jpg,Stone,1
D:\Final Sem Project\KidneyStoneAI\datasets\raw\classification\ct-kidney\Normal\Normal- (4905).jpg,Normal,0
D:\Final Sem Project\KidneyStoneAI\datasets\raw\classification\ct-kidney\Normal\Normal- (1041).jpg,Normal,0
D:\Final Sem Project\KidneyStoneAI\datasets\raw\classification\ct-kidney\Normal\Normal- (705).jpg,Normal,0
D:\Final Sem Project\KidneyStoneAI\datasets\raw\classification\ct-kidney\Normal\Normal- (251).jpg,Normal,0
D:\Final Sem Project\KidneyStoneAI\datasets\raw\classification\ct-kidney\Normal\Normal- (2651).jpg,Normal,0
D:\Final Sem Project\KidneyStoneAI\datasets\raw\classification\ct-kidney\Normal\Normal- (686).jpg,Normal,0
D:\Final Sem Project\KidneyStoneAI\datasets\raw\classification\ct-kidney\Normal\Normal- (4266).jpg,Normal,0
D:\Final Sem Project\KidneyStoneAI\datasets\raw\classification\ct-kidney\Stone\Stone- (1019).jpg,Stone,1
D:\Final Sem Project\KidneyStoneAI\datasets\raw\classification\ct-kidney\Normal\Normal- (984).jpg,Normal,0
D:\Final Sem Project\KidneyStoneAI\datasets\raw\classification\ct-kidney\Normal\Normal- (4289).jpg,Normal,0
D:\Final Sem Project\KidneyStoneAI\datasets\raw\classification\ct-kidney\Normal\Normal- (2612).jpg,Normal,0
D:\Final Sem Project\KidneyStoneAI\datasets\raw\classification\ct-kidney\Normal\Normal- (2892).jpg,Normal,0
D:\Final Sem Project\KidneyStoneAI\datasets\raw\classification\ct-kidney\Stone\Stone- (1140).jpg,Stone,1
D:\Final Sem Project\KidneyStoneAI\datasets\raw\classification\ct-kidney\Stone\Stone- (402).jpg,Stone,1
D:\Final Sem Project\KidneyStoneAI\datasets\raw\classification\ct-kidney\Normal\Normal- (2224).jpg,Normal,0
D:\Final Sem Project\KidneyStoneAI\datasets\raw\classification\ct-kidney\Normal\Normal- (219).jpg,Normal,0
D:\Final Sem Project\KidneyStoneAI\datasets\raw\classification\ct-kidney\Normal\Normal- (762).jpg,Normal,0
D:\Final Sem Project\KidneyStoneAI\datasets\raw\classification\ct-kidney\Normal\Normal- (111).jpg,Normal,0
D:\Final Sem Project\KidneyStoneAI\datasets\raw\classification\ct-kidney\Normal\Normal- (985).jpg,Normal,0
D:\Final Sem Project\KidneyStoneAI\datasets\raw\classification\ct-kidney\Stone\Stone- (139).jpg,Stone,1
D:\Final Sem Project\KidneyStoneAI\datasets\raw\classification\ct-kidney\Normal\Normal- (3733).jpg,Normal,0
D:\Final Sem Project\KidneyStoneAI\datasets\raw\classification\ct-kidney\Normal\Normal- (3482).jpg,Normal,0
D:\Final Sem Project\KidneyStoneAI\datasets\raw\classification\ct-kidney\Normal\Normal- (4478).jpg,Normal,0
D:\Final Sem Project\KidneyStoneAI\datasets\raw\classification\ct-kidney\Normal\Normal- (289).jpg,Normal,0
D:\Final Sem Project\KidneyStoneAI\datasets\raw\classification\ct-kidney\Normal\Normal- (3201).jpg,Normal,0
D:\Final Sem Project\KidneyStoneAI\datasets\raw\classification\ct-kidney\Normal\Normal- (4617).jpg,Normal,0
D:\Final Sem Project\KidneyStoneAI\datasets\raw\classification\ct-kidney\Normal\Normal- (1630).jpg,Normal,0
D:\Final Sem Project\KidneyStoneAI\datasets\raw\classification\ct-kidney\Normal\Normal- (18).jpg,Normal,0
D:\Final Sem Project\KidneyStoneAI\datasets\raw\classification\ct-kidney\Stone\Stone- (39).jpg,Stone,1
D:\Final Sem Project\KidneyStoneAI\datasets\raw\classification\ct-kidney\Normal\Normal- (2015).jpg,Normal,0
D:\Final Sem Project\KidneyStoneAI\datasets\raw\classification\ct-kidney\Normal\Normal- (413).jpg,Normal,0
D:\Final Sem Project\KidneyStoneAI\datasets\raw\classification\ct-kidney\Normal\Normal- (4984).jpg,Normal,0
D:\Final Sem Project\KidneyStoneAI\datasets\raw\classification\ct-kidney\Normal\Normal- (1165).jpg,Normal,0
D:\Final Sem Project\KidneyStoneAI\datasets\raw\classification\ct-kidney\Normal\Normal- (4242).jpg,Normal,0
D:\Final Sem Project\KidneyStoneAI\datasets\raw\classification\ct-kidney\Normal\Normal- (410).jpg,Normal,0
D:\Final Sem Project\KidneyStoneAI\datasets\raw\classification\ct-kidney\Normal\Normal- (4292).jpg,Normal,0
D:\Final Sem Project\KidneyStoneAI\datasets\raw\classification\ct-kidney\Normal\Normal- (4118).jpg,Normal,0
D:\Final Sem Project\KidneyStoneAI\datasets\raw\classification\ct-kidney\Normal\Normal- (1741).jpg,Normal,0
D:\Final Sem Project\KidneyStoneAI\datasets\raw\classification\ct-kidney\Normal\Normal- (3282).jpg,Normal,0
D:\Final Sem Project\KidneyStoneAI\datasets\raw\classification\ct-kidney\Normal\Normal- (4401).jpg,Normal,0
D:\Final Sem Project\KidneyStoneAI\datasets\raw\classification\ct-kidney\Normal\Normal- (998).jpg,Normal,0
D:\Final Sem Project\KidneyStoneAI\datasets\raw\classification\ct-kidney\Normal\Normal- (3547).jpg,Normal,0
D:\Final Sem Project\KidneyStoneAI\datasets\raw\classification\ct-kidney\Stone\Stone- (24).jpg,Stone,1
D:\Final Sem Project\KidneyStoneAI\datasets\raw\classification\ct-kidney\Stone\Stone- (764).jpg,Stone,1
D:\Final Sem Project\KidneyStoneAI\datasets\raw\classification\ct-kidney\Normal\Normal- (716).jpg,Normal,0
D:\Final Sem Project\KidneyStoneAI\datasets\raw\classification\ct-kidney\Normal\Normal- (1092).jpg,Normal,0
D:\Final Sem Project\KidneyStoneAI\datasets\raw\classification\ct-kidney\Normal\Normal- (2227).jpg,Normal,0
D:\Final Sem Project\KidneyStoneAI\datasets\raw\classification\ct-kidney\Normal\Normal- (4935).jpg,Normal,0
D:\Final Sem Project\KidneyStoneAI\datasets\raw\classification\ct-kidney\Normal\Normal- (2782).jpg,Normal,0
D:\Final Sem Project\KidneyStoneAI\datasets\raw\classification\ct-kidney\Normal\Normal- (1608).jpg,Normal,0
D:\Final Sem Project\KidneyStoneAI\datasets\raw\classification\ct-kidney\Stone\Stone- (276).jpg,Stone,1
D:\Final Sem Project\KidneyStoneAI\datasets\raw\classification\ct-kidney\Normal\Normal- (3629).jpg,Normal,0
D:\Final Sem Project\KidneyStoneAI\datasets\raw\classification\ct-kidney\Normal\Normal- (2865).jpg,Normal,0
D:\Final Sem Project\KidneyStoneAI\datasets\raw\classification\ct-kidney\Normal\Normal- (4571).jpg,Normal,0
D:\Final Sem Project\KidneyStoneAI\datasets\raw\classification\ct-kidney\Normal\Normal- (2589).jpg,Normal,0
D:\Final Sem Project\KidneyStoneAI\datasets\raw\classification\ct-kidney\Stone\Stone- (1154).jpg,Stone,1
D:\Final Sem Project\KidneyStoneAI\datasets\raw\classification\ct-kidney\Normal\Normal- (3111).jpg,Normal,0
D:\Final Sem Project\KidneyStoneAI\datasets\raw\classification\ct-kidney\Normal\Normal- (4704).jpg,Normal,0
D:\Final Sem Project\KidneyStoneAI\datasets\raw\classification\ct-kidney\Normal\Normal- (1427).jpg,Normal,0
D:\Final Sem Project\KidneyStoneAI\datasets\raw\classification\ct-kidney\Stone\Stone- (423).jpg,Stone,1
D:\Final Sem Project\KidneyStoneAI\datasets\raw\classification\ct-kidney\Normal\Normal- (651).jpg,Normal,0
D:\Final Sem Project\KidneyStoneAI\datasets\raw\classification\ct-kidney\Stone\Stone- (607).jpg,Stone,1
D:\Final Sem Project\KidneyStoneAI\datasets\raw\classification\ct-kidney\Normal\Normal- (665).jpg,Normal,0
D:\Final Sem Project\KidneyStoneAI\datasets\raw\classification\ct-kidney\Normal\Normal- (4858).jpg,Normal,0
D:\Final Sem Project\KidneyStoneAI\datasets\raw\classification\ct-kidney\Normal\Normal- (98).jpg,Normal,0
D:\Final Sem Project\KidneyStoneAI\datasets\raw\classification\ct-kidney\Normal\Normal- (163).jpg,Normal,0
D:\Final Sem Project\KidneyStoneAI\datasets\raw\classification\ct-kidney\Normal\Normal- (866).jpg,Normal,0
D:\Final Sem Project\KidneyStoneAI\datasets\raw\classification\ct-kidney\Normal\Normal- (231).jpg,Normal,0
D:\Final Sem Project\KidneyStoneAI\datasets\raw\classification\ct-kidney\Stone\Stone- (596).jpg,Stone,1
D:\Final Sem Project\KidneyStoneAI\datasets\raw\classification\ct-kidney\Stone\Stone- (1021).jpg,Stone,1
D:\Final Sem Project\KidneyStoneAI\datasets\raw\classification\ct-kidney\Stone\Stone- (250).jpg,Stone,1
D:\Final Sem Project\KidneyStoneAI\datasets\raw\classification\ct-kidney\Normal\Normal- (4021).jpg,Normal,0
D:\Final Sem Project\KidneyStoneAI\datasets\raw\classification\ct-kidney\Stone\Stone- (170).jpg,Stone,1
D:\Final Sem Project\KidneyStoneAI\datasets\raw\classification\ct-kidney\Normal\Normal- (484).jpg,Normal,0
D:\Final Sem Project\KidneyStoneAI\datasets\raw\classification\ct-kidney\Normal\Normal- (2536).jpg,Normal,0
D:\Final Sem Project\KidneyStoneAI\datasets\raw\classification\ct-kidney\Normal\Normal- (212).jpg,Normal,0
D:\Final Sem Project\KidneyStoneAI\datasets\raw\classification\ct-kidney\Normal\Normal- (1757).jpg,Normal,0
D:\Final Sem Project\KidneyStoneAI\datasets\raw\classification\ct-kidney\Normal\Normal- (4632).jpg,Normal,0
D:\Final Sem Project\KidneyStoneAI\datasets\raw\classification\ct-kidney\Stone\Stone- (18).jpg,Stone,1
D:\Final Sem Project\KidneyStoneAI\datasets\raw\classification\ct-kidney\Normal\Normal- (1560).jpg,Normal,0
D:\Final Sem Project\KidneyStoneAI\datasets\raw\classification\ct-kidney\Stone\Stone- (1126).jpg,Stone,1
D:\Final Sem Project\KidneyStoneAI\datasets\raw\classification\ct-kidney\Stone\Stone- (557).jpg,Stone,1
D:\Final Sem Project\KidneyStoneAI\datasets\raw\classification\ct-kidney\Normal\Normal- (747).jpg,Normal,0
D:\Final Sem Project\KidneyStoneAI\datasets\raw\classification\ct-kidney\Normal\Normal- (3226).jpg,Normal,0
D:\Final Sem Project\KidneyStoneAI\datasets\raw\classification\ct-kidney\Normal\Normal- (2302).jpg,Normal,0
D:\Final Sem Project\KidneyStoneAI\datasets\raw\classification\ct-kidney\Stone\Stone- (166).jpg,Stone,1
D:\Final Sem Project\KidneyStoneAI\datasets\raw\classification\ct-kidney\Normal\Normal- (4406).jpg,Normal,0
D:\Final Sem Project\KidneyStoneAI\datasets\raw\classification\ct-kidney\Normal\Normal- (4874).jpg,Normal,0
D:\Final Sem Project\KidneyStoneAI\datasets\raw\classification\ct-kidney\Normal\Normal- (101).jpg,Normal,0
D:\Final Sem Project\KidneyStoneAI\datasets\raw\classification\ct-kidney\Normal\Normal- (2945).jpg,Normal,0
D:\Final Sem Project\KidneyStoneAI\datasets\raw\classification\ct-kidney\Normal\Normal- (2254).jpg,Normal,0
D:\Final Sem Project\KidneyStoneAI\datasets\raw\classification\ct-kidney\Normal\Normal- (4774).jpg,Normal,0
D:\Final Sem Project\KidneyStoneAI\datasets\raw\classification\ct-kidney\Normal\Normal- (4735).jpg,Normal,0
D:\Final Sem Project\KidneyStoneAI\datasets\raw\classification\ct-kidney\Normal\Normal- (3818).jpg,Normal,0
D:\Final Sem Project\KidneyStoneAI\datasets\raw\classification\ct-kidney\Stone\Stone- (580).jpg,Stone,1
D:\Final Sem Project\KidneyStoneAI\datasets\raw\classification\ct-kidney\Normal\Normal- (2541).jpg,Normal,0
D:\Final Sem Project\KidneyStoneAI\datasets\raw\classification\ct-kidney\Normal\Normal- (140).jpg,Normal,0
D:\Final Sem Project\KidneyStoneAI\datasets\raw\classification\ct-kidney\Normal\Normal- (2934).jpg,Normal,0
D:\Final Sem Project\KidneyStoneAI\datasets\raw\classification\ct-kidney\Normal\Normal- (2569).jpg,Normal,0
D:\Final Sem Project\KidneyStoneAI\datasets\raw\classification\ct-kidney\Stone\Stone- (509).jpg,Stone,1
D:\Final Sem Project\KidneyStoneAI\datasets\raw\classification\ct-kidney\Stone\Stone- (1233).jpg,Stone,1
D:\Final Sem Project\KidneyStoneAI\datasets\raw\classification\ct-kidney\Stone\Stone- (401).jpg,Stone,1
D:\Final Sem Project\KidneyStoneAI\datasets\raw\classification\ct-kidney\Normal\Normal- (558).jpg,Normal,0
D:\Final Sem Project\KidneyStoneAI\datasets\raw\classification\ct-kidney\Normal\Normal- (4188).jpg,Normal,0
D:\Final Sem Project\KidneyStoneAI\datasets\raw\classification\ct-kidney\Normal\Normal- (2543).jpg,Normal,0
D:\Final Sem Project\KidneyStoneAI\datasets\raw\classification\ct-kidney\Normal\Normal- (4315).jpg,Normal,0
D:\Final Sem Project\KidneyStoneAI\datasets\raw\classification\ct-kidney\Normal\Normal- (333).jpg,Normal,0
D:\Final Sem Project\KidneyStoneAI\datasets\raw\classification\ct-kidney\Normal\Normal- (3219).jpg,Normal,0
D:\Final Sem Project\KidneyStoneAI\datasets\raw\classification\ct-kidney\Stone\Stone- (955).jpg,Stone,1
D:\Final Sem Project\KidneyStoneAI\datasets\raw\classification\ct-kidney\Normal\Normal- (1324).jpg,Normal,0
D:\Final Sem Project\KidneyStoneAI\datasets\raw\classification\ct-kidney\Normal\Normal- (2430).jpg,Normal,0
D:\Final Sem Project\KidneyStoneAI\datasets\raw\classification\ct-kidney\Normal\Normal- (3953).jpg,Normal,0
D:\Final Sem Project\KidneyStoneAI\datasets\raw\classification\ct-kidney\Stone\Stone- (1269).jpg,Stone,1
D:\Final Sem Project\KidneyStoneAI\datasets\raw\classification\ct-kidney\Normal\Normal- (3175).jpg,Normal,0
D:\Final Sem Project\KidneyStoneAI\datasets\raw\classification\ct-kidney\Normal\Normal- (3480).jpg,Normal,0
D:\Final Sem Project\KidneyStoneAI\datasets\raw\classification\ct-kidney\Normal\Normal- (3252).jpg,Normal,0
D:\Final Sem Project\KidneyStoneAI\datasets\raw\classification\ct-kidney\Normal\Normal- (4907).jpg,Normal,0
D:\Final Sem Project\KidneyStoneAI\datasets\raw\classification\ct-kidney\Normal\Normal- (3735).jpg,Normal,0
D:\Final Sem Project\KidneyStoneAI\datasets\raw\classification\ct-kidney\Normal\Normal- (2331).jpg,Normal,0
D:\Final Sem Project\KidneyStoneAI\datasets\raw\classification\ct-kidney\Normal\Normal- (4137).jpg,Normal,0
D:\Final Sem Project\KidneyStoneAI\datasets\raw\classification\ct-kidney\Normal\Normal- (4239).jpg,Normal,0
D:\Final Sem Project\KidneyStoneAI\datasets\raw\classification\ct-kidney\Normal\Normal- (707).jpg,Normal,0
D:\Final Sem Project\KidneyStoneAI\datasets\raw\classification\ct-kidney\Normal\Normal- (1660).jpg,Normal,0
D:\Final Sem Project\KidneyStoneAI\datasets\raw\classification\ct-kidney\Normal\Normal- (3398).jpg,Normal,0
D:\Final Sem Project\KidneyStoneAI\datasets\raw\classification\ct-kidney\Normal\Normal- (4715).jpg,Normal,0
D:\Final Sem Project\KidneyStoneAI\datasets\raw\classification\ct-kidney\Normal\Normal- (2067).jpg,Normal,0
D:\Final Sem Project\KidneyStoneAI\datasets\raw\classification\ct-kidney\Normal\Normal- (84).jpg,Normal,0
D:\Final Sem Project\KidneyStoneAI\datasets\raw\classification\ct-kidney\Stone\Stone- (555).jpg,Stone,1
D:\Final Sem Project\KidneyStoneAI\datasets\raw\classification\ct-kidney\Stone\Stone- (894).jpg,Stone,1
D:\Final Sem Project\KidneyStoneAI\datasets\raw\classification\ct-kidney\Normal\Normal- (2623).jpg,Normal,0
D:\Final Sem Project\KidneyStoneAI\datasets\raw\classification\ct-kidney\Stone\Stone- (1163).jpg,Stone,1
D:\Final Sem Project\KidneyStoneAI\datasets\raw\classification\ct-kidney\Stone\Stone- (19).jpg,Stone,1
D:\Final Sem Project\KidneyStoneAI\datasets\raw\classification\ct-kidney\Normal\Normal- (2172).jpg,Normal,0
D:\Final Sem Project\KidneyStoneAI\datasets\raw\classification\ct-kidney\Normal\Normal- (1309).jpg,Normal,0
D:\Final Sem Project\KidneyStoneAI\datasets\raw\classification\ct-kidney\Normal\Normal- (438).jpg,Normal,0
D:\Final Sem Project\KidneyStoneAI\datasets\raw\classification\ct-kidney\Normal\Normal- (3640).jpg,Normal,0
D:\Final Sem Project\KidneyStoneAI\datasets\raw\classification\ct-kidney\Normal\Normal- (1500).jpg,Normal,0
D:\Final Sem Project\KidneyStoneAI\datasets\raw\classification\ct-kidney\Normal\Normal- (3926).jpg,Normal,0
D:\Final Sem Project\KidneyStoneAI\datasets\raw\classification\ct-kidney\Normal\Normal- (1472).jpg,Normal,0
D:\Final Sem Project\KidneyStoneAI\datasets\raw\classification\ct-kidney\Stone\Stone- (636).jpg,Stone,1
D:\Final Sem Project\KidneyStoneAI\datasets\raw\classification\ct-kidney\Stone\Stone- (621).jpg,Stone,1
D:\Final Sem Project\KidneyStoneAI\datasets\raw\classification\ct-kidney\Normal\Normal- (1231).jpg,Normal,0
D:\Final Sem Project\KidneyStoneAI\datasets\raw\classification\ct-kidney\Normal\Normal- (2592).jpg,Normal,0
D:\Final Sem Project\KidneyStoneAI\datasets\raw\classification\ct-kidney\Stone\Stone- (728).jpg,Stone,1
D:\Final Sem Project\KidneyStoneAI\datasets\raw\classification\ct-kidney\Normal\Normal- (1126).jpg,Normal,0
D:\Final Sem Project\KidneyStoneAI\datasets\raw\classification\ct-kidney\Normal\Normal- (4007).jpg,Normal,0
D:\Final Sem Project\KidneyStoneAI\datasets\raw\classification\ct-kidney\Stone\Stone- (203).jpg,Stone,1
D:\Final Sem Project\KidneyStoneAI\datasets\raw\classification\ct-kidney\Normal\Normal- (2639).jpg,Normal,0
D:\Final Sem Project\KidneyStoneAI\datasets\raw\classification\ct-kidney\Normal\Normal- (676).jpg,Normal,0
D:\Final Sem Project\KidneyStoneAI\datasets\raw\classification\ct-kidney\Normal\Normal- (3693).jpg,Normal,0
D:\Final Sem Project\KidneyStoneAI\datasets\raw\classification\ct-kidney\Normal\Normal- (2388).jpg,Normal,0
D:\Final Sem Project\KidneyStoneAI\datasets\raw\classification\ct-kidney\Normal\Normal- (3107).jpg,Normal,0
D:\Final Sem Project\KidneyStoneAI\datasets\raw\classification\ct-kidney\Stone\Stone- (391).jpg,Stone,1
D:\Final Sem Project\KidneyStoneAI\datasets\raw\classification\ct-kidney\Normal\Normal- (1216).jpg,Normal,0
D:\Final Sem Project\KidneyStoneAI\datasets\raw\classification\ct-kidney\Normal\Normal- (2870).jpg,Normal,0
D:\Final Sem Project\KidneyStoneAI\datasets\raw\classification\ct-kidney\Normal\Normal- (3836).jpg,Normal,0
D:\Final Sem Project\KidneyStoneAI\datasets\raw\classification\ct-kidney\Normal\Normal- (2813).jpg,Normal,0
D:\Final Sem Project\KidneyStoneAI\datasets\raw\classification\ct-kidney\Stone\Stone- (408).jpg,Stone,1
D:\Final Sem Project\KidneyStoneAI\datasets\raw\classification\ct-kidney\Stone\Stone- (1096).jpg,Stone,1
D:\Final Sem Project\KidneyStoneAI\datasets\raw\classification\ct-kidney\Normal\Normal- (4268).jpg,Normal,0
D:\Final Sem Project\KidneyStoneAI\datasets\raw\classification\ct-kidney\Stone\Stone- (285).jpg,Stone,1
D:\Final Sem Project\KidneyStoneAI\datasets\raw\classification\ct-kidney\Stone\Stone- (272).jpg,Stone,1
D:\Final Sem Project\KidneyStoneAI\datasets\raw\classification\ct-kidney\Normal\Normal- (4111).jpg,Normal,0
D:\Final Sem Project\KidneyStoneAI\datasets\raw\classification\ct-kidney\Normal\Normal- (2453).jpg,Normal,0
D:\Final Sem Project\KidneyStoneAI\datasets\raw\classification\ct-kidney\Normal\Normal- (3166).jpg,Normal,0
D:\Final Sem Project\KidneyStoneAI\datasets\raw\classification\ct-kidney\Normal\Normal- (3647).jpg,Normal,0
D:\Final Sem Project\KidneyStoneAI\datasets\raw\classification\ct-kidney\Normal\Normal- (2286).jpg,Normal,0
D:\Final Sem Project\KidneyStoneAI\datasets\raw\classification\ct-kidney\Normal\Normal- (1515).jpg,Normal,0
D:\Final Sem Project\KidneyStoneAI\datasets\raw\classification\ct-kidney\Normal\Normal- (2072).jpg,Normal,0
D:\Final Sem Project\KidneyStoneAI\datasets\raw\classification\ct-kidney\Normal\Normal- (3835).jpg,Normal,0
D:\Final Sem Project\KidneyStoneAI\datasets\raw\classification\ct-kidney\Normal\Normal- (1114).jpg,Normal,0
D:\Final Sem Project\KidneyStoneAI\datasets\raw\classification\ct-kidney\Normal\Normal- (420).jpg,Normal,0
D:\Final Sem Project\KidneyStoneAI\datasets\raw\classification\ct-kidney\Normal\Normal- (1214).jpg,Normal,0
D:\Final Sem Project\KidneyStoneAI\datasets\raw\classification\ct-kidney\Normal\Normal- (4173).jpg,Normal,0
D:\Final Sem Project\KidneyStoneAI\datasets\raw\classification\ct-kidney\Normal\Normal- (75).jpg,Normal,0
D:\Final Sem Project\KidneyStoneAI\datasets\raw\classification\ct-kidney\Normal\Normal- (2230).jpg,Normal,0
D:\Final Sem Project\KidneyStoneAI\datasets\raw\classification\ct-kidney\Normal\Normal- (1549).jpg,Normal,0
D:\Final Sem Project\KidneyStoneAI\datasets\raw\classification\ct-kidney\Normal\Normal- (535).jpg,Normal,0
D:\Final Sem Project\KidneyStoneAI\datasets\raw\classification\ct-kidney\Stone\Stone- (1234).jpg,Stone,1
D:\Final Sem Project\KidneyStoneAI\datasets\raw\classification\ct-kidney\Stone\Stone- (331).jpg,Stone,1
D:\Final Sem Project\KidneyStoneAI\datasets\raw\classification\ct-kidney\Normal\Normal- (3229).jpg,Normal,0
D:\Final Sem Project\KidneyStoneAI\datasets\raw\classification\ct-kidney\Normal\Normal- (51).jpg,Normal,0
D:\Final Sem Project\KidneyStoneAI\datasets\raw\classification\ct-kidney\Normal\Normal- (1145).jpg,Normal,0
D:\Final Sem Project\KidneyStoneAI\datasets\raw\classification\ct-kidney\Stone\Stone- (275).jpg,Stone,1
D:\Final Sem Project\KidneyStoneAI\datasets\raw\classification\ct-kidney\Normal\Normal- (260).jpg,Normal,0
D:\Final Sem Project\KidneyStoneAI\datasets\raw\classification\ct-kidney\Stone\Stone- (908).jpg,Stone,1
D:\Final Sem Project\KidneyStoneAI\datasets\raw\classification\ct-kidney\Normal\Normal- (1906).jpg,Normal,0
D:\Final Sem Project\KidneyStoneAI\datasets\raw\classification\ct-kidney\Normal\Normal- (22).jpg,Normal,0
D:\Final Sem Project\KidneyStoneAI\datasets\raw\classification\ct-kidney\Normal\Normal- (2140).jpg,Normal,0
D:\Final Sem Project\KidneyStoneAI\datasets\raw\classification\ct-kidney\Normal\Normal- (2156).jpg,Normal,0
D:\Final Sem Project\KidneyStoneAI\datasets\raw\classification\ct-kidney\Normal\Normal- (2528).jpg,Normal,0
D:\Final Sem Project\KidneyStoneAI\datasets\raw\classification\ct-kidney\Normal\Normal- (1949).jpg,Normal,0
D:\Final Sem Project\KidneyStoneAI\datasets\raw\classification\ct-kidney\Stone\Stone- (1134).jpg,Stone,1
D:\Final Sem Project\KidneyStoneAI\datasets\raw\classification\ct-kidney\Normal\Normal- (876).jpg,Normal,0
D:\Final Sem Project\KidneyStoneAI\datasets\raw\classification\ct-kidney\Normal\Normal- (1803).jpg,Normal,0
D:\Final Sem Project\KidneyStoneAI\datasets\raw\classification\ct-kidney\Normal\Normal- (3135).jpg,Normal,0
D:\Final Sem Project\KidneyStoneAI\datasets\raw\classification\ct-kidney\Normal\Normal- (3031).jpg,Normal,0
D:\Final Sem Project\KidneyStoneAI\datasets\raw\classification\ct-kidney\Stone\Stone- (209).jpg,Stone,1
D:\Final Sem Project\KidneyStoneAI\datasets\raw\classification\ct-kidney\Normal\Normal- (3526).jpg,Normal,0
D:\Final Sem Project\KidneyStoneAI\datasets\raw\classification\ct-kidney\Stone\Stone- (421).jpg,Stone,1
D:\Final Sem Project\KidneyStoneAI\datasets\raw\classification\ct-kidney\Normal\Normal- (4012).jpg,Normal,0
D:\Final Sem Project\KidneyStoneAI\datasets\raw\classification\ct-kidney\Normal\Normal- (872).jpg,Normal,0
D:\Final Sem Project\KidneyStoneAI\datasets\raw\classification\ct-kidney\Normal\Normal- (3704).jpg,Normal,0
D:\Final Sem Project\KidneyStoneAI\datasets\raw\classification\ct-kidney\Normal\Normal- (43).jpg,Normal,0
D:\Final Sem Project\KidneyStoneAI\datasets\raw\classification\ct-kidney\Normal\Normal- (513).jpg,Normal,0
D:\Final Sem Project\KidneyStoneAI\datasets\raw\classification\ct-kidney\Normal\Normal- (1239).jpg,Normal,0
D:\Final Sem Project\KidneyStoneAI\datasets\raw\classification\ct-kidney\Normal\Normal- (3231).jpg,Normal,0
D:\Final Sem Project\KidneyStoneAI\datasets\raw\classification\ct-kidney\Normal\Normal- (2247).jpg,Normal,0
D:\Final Sem Project\KidneyStoneAI\datasets\raw\classification\ct-kidney\Normal\Normal- (580).jpg,Normal,0
D:\Final Sem Project\KidneyStoneAI\datasets\raw\classification\ct-kidney\Normal\Normal- (217).jpg,Normal,0
D:\Final Sem Project\KidneyStoneAI\datasets\raw\classification\ct-kidney\Normal\Normal- (1527).jpg,Normal,0
D:\Final Sem Project\KidneyStoneAI\datasets\raw\classification\ct-kidney\Normal\Normal- (784).jpg,Normal,0
D:\Final Sem Project\KidneyStoneAI\datasets\raw\classification\ct-kidney\Stone\Stone- (763).jpg,Stone,1
D:\Final Sem Project\KidneyStoneAI\datasets\raw\classification\ct-kidney\Normal\Normal- (3844).jpg,Normal,0
D:\Final Sem Project\KidneyStoneAI\datasets\raw\classification\ct-kidney\Normal\Normal- (4214).jpg,Normal,0
D:\Final Sem Project\KidneyStoneAI\datasets\raw\classification\ct-kidney\Normal\Normal- (1102).jpg,Normal,0
D:\Final Sem Project\KidneyStoneAI\datasets\raw\classification\ct-kidney\Normal\Normal- (3325).jpg,Normal,0
D:\Final Sem Project\KidneyStoneAI\datasets\raw\classification\ct-kidney\Stone\Stone- (949).jpg,Stone,1
D:\Final Sem Project\KidneyStoneAI\datasets\raw\classification\ct-kidney\Stone\Stone- (1219).jpg,Stone,1
D:\Final Sem Project\KidneyStoneAI\datasets\raw\classification\ct-kidney\Normal\Normal- (1432).jpg,Normal,0
D:\Final Sem Project\KidneyStoneAI\datasets\raw\classification\ct-kidney\Normal\Normal- (3005).jpg,Normal,0
D:\Final Sem Project\KidneyStoneAI\datasets\raw\classification\ct-kidney\Normal\Normal- (2858).jpg,Normal,0
D:\Final Sem Project\KidneyStoneAI\datasets\raw\classification\ct-kidney\Stone\Stone- (359).jpg,Stone,1
D:\Final Sem Project\KidneyStoneAI\datasets\raw\classification\ct-kidney\Normal\Normal- (3618).jpg,Normal,0
D:\Final Sem Project\KidneyStoneAI\datasets\raw\classification\ct-kidney\Normal\Normal- (1224).jpg,Normal,0
D:\Final Sem Project\KidneyStoneAI\datasets\raw\classification\ct-kidney\Stone\Stone- (103).jpg,Stone,1
D:\Final Sem Project\KidneyStoneAI\datasets\raw\classification\ct-kidney\Normal\Normal- (1952).jpg,Normal,0
D:\Final Sem Project\KidneyStoneAI\datasets\raw\classification\ct-kidney\Normal\Normal- (4407).jpg,Normal,0
D:\Final Sem Project\KidneyStoneAI\datasets\raw\classification\ct-kidney\Stone\Stone- (414).jpg,Stone,1
D:\Final Sem Project\KidneyStoneAI\datasets\raw\classification\ct-kidney\Normal\Normal- (828).jpg,Normal,0
D:\Final Sem Project\KidneyStoneAI\datasets\raw\classification\ct-kidney\Stone\Stone- (91).jpg,Stone,1
D:\Final Sem Project\KidneyStoneAI\datasets\raw\classification\ct-kidney\Normal\Normal- (663).jpg,Normal,0
D:\Final Sem Project\KidneyStoneAI\datasets\raw\classification\ct-kidney\Normal\Normal- (2977).jpg,Normal,0
D:\Final Sem Project\KidneyStoneAI\datasets\raw\classification\ct-kidney\Normal\Normal- (1519).jpg,Normal,0
D:\Final Sem Project\KidneyStoneAI\datasets\raw\classification\ct-kidney\Normal\Normal- (834).jpg,Normal,0
D:\Final Sem Project\KidneyStoneAI\datasets\raw\classification\ct-kidney\Normal\Normal- (2081).jpg,Normal,0
D:\Final Sem Project\KidneyStoneAI\datasets\raw\classification\ct-kidney\Normal\Normal- (2195).jpg,Normal,0
D:\Final Sem Project\KidneyStoneAI\datasets\raw\classification\ct-kidney\Stone\Stone- (1335).jpg,Stone,1
D:\Final Sem Project\KidneyStoneAI\datasets\raw\classification\ct-kidney\Normal\Normal- (2719).jpg,Normal,0
D:\Final Sem Project\KidneyStoneAI\datasets\raw\classification\ct-kidney\Normal\Normal- (2358).jpg,Normal,0
D:\Final Sem Project\KidneyStoneAI\datasets\raw\classification\ct-kidney\Normal\Normal- (1064).jpg,Normal,0
D:\Final Sem Project\KidneyStoneAI\datasets\raw\classification\ct-kidney\Normal\Normal- (2578).jpg,Normal,0
D:\Final Sem Project\KidneyStoneAI\datasets\raw\classification\ct-kidney\Stone\Stone- (576).jpg,Stone,1
D:\Final Sem Project\KidneyStoneAI\datasets\raw\classification\ct-kidney\Normal\Normal- (4038).jpg,Normal,0
D:\Final Sem Project\KidneyStoneAI\datasets\raw\classification\ct-kidney\Normal\Normal- (1620).jpg,Normal,0
D:\Final Sem Project\KidneyStoneAI\datasets\raw\classification\ct-kidney\Normal\Normal- (4256).jpg,Normal,0
D:\Final Sem Project\KidneyStoneAI\datasets\raw\classification\ct-kidney\Stone\Stone- (441).jpg,Stone,1
D:\Final Sem Project\KidneyStoneAI\datasets\raw\classification\ct-kidney\Stone\Stone- (269).jpg,Stone,1
D:\Final Sem Project\KidneyStoneAI\datasets\raw\classification\ct-kidney\Normal\Normal- (4498).jpg,Normal,0
D:\Final Sem Project\KidneyStoneAI\datasets\raw\classification\ct-kidney\Normal\Normal- (3908).jpg,Normal,0
D:\Final Sem Project\KidneyStoneAI\datasets\raw\classification\ct-kidney\Stone\Stone- (293).jpg,Stone,1
D:\Final Sem Project\KidneyStoneAI\datasets\raw\classification\ct-kidney\Normal\Normal- (810).jpg,Normal,0
D:\Final Sem Project\KidneyStoneAI\datasets\raw\classification\ct-kidney\Normal\Normal- (4804).jpg,Normal,0
D:\Final Sem Project\KidneyStoneAI\datasets\raw\classification\ct-kidney\Normal\Normal- (1761).jpg,Normal,0
D:\Final Sem Project\KidneyStoneAI\datasets\raw\classification\ct-kidney\Normal\Normal- (2005).jpg,Normal,0
D:\Final Sem Project\KidneyStoneAI\datasets\raw\classification\ct-kidney\Stone\Stone- (462).jpg,Stone,1
D:\Final Sem Project\KidneyStoneAI\datasets\raw\classification\ct-kidney\Normal\Normal- (717).jpg,Normal,0
D:\Final Sem Project\KidneyStoneAI\datasets\raw\classification\ct-kidney\Normal\Normal- (1044).jpg,Normal,0
D:\Final Sem Project\KidneyStoneAI\datasets\raw\classification\ct-kidney\Normal\Normal- (4710).jpg,Normal,0
D:\Final Sem Project\KidneyStoneAI\datasets\raw\classification\ct-kidney\Stone\Stone- (1248).jpg,Stone,1
D:\Final Sem Project\KidneyStoneAI\datasets\raw\classification\ct-kidney\Normal\Normal- (5001).jpg,Normal,0
D:\Final Sem Project\KidneyStoneAI\datasets\raw\classification\ct-kidney\Stone\Stone- (1115).jpg,Stone,1
D:\Final Sem Project\KidneyStoneAI\datasets\raw\classification\ct-kidney\Stone\Stone- (973).jpg,Stone,1
D:\Final Sem Project\KidneyStoneAI\datasets\raw\classification\ct-kidney\Normal\Normal- (5063).jpg,Normal,0
D:\Final Sem Project\KidneyStoneAI\datasets\raw\classification\ct-kidney\Stone\Stone- (1343).jpg,Stone,1
D:\Final Sem Project\KidneyStoneAI\datasets\raw\classification\ct-kidney\Stone\Stone- (651).jpg,Stone,1
D:\Final Sem Project\KidneyStoneAI\datasets\raw\classification\ct-kidney\Normal\Normal- (3671).jpg,Normal,0
D:\Final Sem Project\KidneyStoneAI\datasets\raw\classification\ct-kidney\Normal\Normal- (3306).jpg,Normal,0
D:\Final Sem Project\KidneyStoneAI\datasets\raw\classification\ct-kidney\Normal\Normal- (3791).jpg,Normal,0
D:\Final Sem Project\KidneyStoneAI\datasets\raw\classification\ct-kidney\Normal\Normal- (801).jpg,Normal,0
D:\Final Sem Project\KidneyStoneAI\datasets\raw\classification\ct-kidney\Normal\Normal- (3432).jpg,Normal,0
D:\Final Sem Project\KidneyStoneAI\datasets\raw\classification\ct-kidney\Normal\Normal- (489).jpg,Normal,0
D:\Final Sem Project\KidneyStoneAI\datasets\raw\classification\ct-kidney\Normal\Normal- (2162).jpg,Normal,0
D:\Final Sem Project\KidneyStoneAI\datasets\raw\classification\ct-kidney\Stone\Stone- (882).jpg,Stone,1
D:\Final Sem Project\KidneyStoneAI\datasets\raw\classification\ct-kidney\Normal\Normal- (4157).jpg,Normal,0
D:\Final Sem Project\KidneyStoneAI\datasets\raw\classification\ct-kidney\Normal\Normal- (599).jpg,Normal,0
D:\Final Sem Project\KidneyStoneAI\datasets\raw\classification\ct-kidney\Normal\Normal- (3323).jpg,Normal,0
D:\Final Sem Project\KidneyStoneAI\datasets\raw\classification\ct-kidney\Normal\Normal- (3184).jpg,Normal,0
D:\Final Sem Project\KidneyStoneAI\datasets\raw\classification\ct-kidney\Stone\Stone- (1227).jpg,Stone,1
D:\Final Sem Project\KidneyStoneAI\datasets\raw\classification\ct-kidney\Stone\Stone- (618).jpg,Stone,1
D:\Final Sem Project\KidneyStoneAI\datasets\raw\classification\ct-kidney\Normal\Normal- (4997).jpg,Normal,0
D:\Final Sem Project\KidneyStoneAI\datasets\raw\classification\ct-kidney\Normal\Normal- (3387).jpg,Normal,0
D:\Final Sem Project\KidneyStoneAI\datasets\raw\classification\ct-kidney\Normal\Normal- (1829).jpg,Normal,0
D:\Final Sem Project\KidneyStoneAI\datasets\raw\classification\ct-kidney\Normal\Normal- (3418).jpg,Normal,0
D:\Final Sem Project\KidneyStoneAI\datasets\raw\classification\ct-kidney\Normal\Normal- (466).jpg,Normal,0
D:\Final Sem Project\KidneyStoneAI\datasets\raw\classification\ct-kidney\Normal\Normal- (3434).jpg,Normal,0
D:\Final Sem Project\KidneyStoneAI\datasets\raw\classification\ct-kidney\Normal\Normal- (1661).jpg,Normal,0
D:\Final Sem Project\KidneyStoneAI\datasets\raw\classification\ct-kidney\Normal\Normal- (1144).jpg,Normal,0
D:\Final Sem Project\KidneyStoneAI\datasets\raw\classification\ct-kidney\Normal\Normal- (2485).jpg,Normal,0
D:\Final Sem Project\KidneyStoneAI\datasets\raw\classification\ct-kidney\Stone\Stone- (1235).jpg,Stone,1
D:\Final Sem Project\KidneyStoneAI\datasets\raw\classification\ct-kidney\Normal\Normal- (4089).jpg,Normal,0
D:\Final Sem Project\KidneyStoneAI\datasets\raw\classification\ct-kidney\Normal\Normal- (1403).jpg,Normal,0
D:\Final Sem Project\KidneyStoneAI\datasets\raw\classification\ct-kidney\Normal\Normal- (4687).jpg,Normal,0
D:\Final Sem Project\KidneyStoneAI\datasets\raw\classification\ct-kidney\Normal\Normal- (3341).jpg,Normal,0
D:\Final Sem Project\KidneyStoneAI\datasets\raw\classification\ct-kidney\Normal\Normal- (4831).jpg,Normal,0
D:\Final Sem Project\KidneyStoneAI\datasets\raw\classification\ct-kidney\Stone\Stone- (569).jpg,Stone,1
D:\Final Sem Project\KidneyStoneAI\datasets\raw\classification\ct-kidney\Normal\Normal- (4264).jpg,Normal,0
D:\Final Sem Project\KidneyStoneAI\datasets\raw\classification\ct-kidney\Normal\Normal- (96).jpg,Normal,0
D:\Final Sem Project\KidneyStoneAI\datasets\raw\classification\ct-kidney\Normal\Normal- (3700).jpg,Normal,0
D:\Final Sem Project\KidneyStoneAI\datasets\raw\classification\ct-kidney\Normal\Normal- (3186).jpg,Normal,0
D:\Final Sem Project\KidneyStoneAI\datasets\raw\classification\ct-kidney\Normal\Normal- (1992).jpg,Normal,0
D:\Final Sem Project\KidneyStoneAI\datasets\raw\classification\ct-kidney\Normal\Normal- (4301).jpg,Normal,0
D:\Final Sem Project\KidneyStoneAI\datasets\raw\classification\ct-kidney\Normal\Normal- (3007).jpg,Normal,0
D:\Final Sem Project\KidneyStoneAI\datasets\raw\classification\ct-kidney\Normal\Normal- (667).jpg,Normal,0
D:\Final Sem Project\KidneyStoneAI\datasets\raw\classification\ct-kidney\Normal\Normal- (4184).jpg,Normal,0
D:\Final Sem Project\KidneyStoneAI\datasets\raw\classification\ct-kidney\Normal\Normal- (3344).jpg,Normal,0
D:\Final Sem Project\KidneyStoneAI\datasets\raw\classification\ct-kidney\Stone\Stone- (861).jpg,Stone,1
D:\Final Sem Project\KidneyStoneAI\datasets\raw\classification\ct-kidney\Normal\Normal- (2744).jpg,Normal,0
D:\Final Sem Project\KidneyStoneAI\datasets\raw\classification\ct-kidney\Normal\Normal- (2686).jpg,Normal,0
D:\Final Sem Project\KidneyStoneAI\datasets\raw\classification\ct-kidney\Normal\Normal- (1639).jpg,Normal,0
D:\Final Sem Project\KidneyStoneAI\datasets\raw\classification\ct-kidney\Normal\Normal- (2840).jpg,Normal,0
D:\Final Sem Project\KidneyStoneAI\datasets\raw\classification\ct-kidney\Normal\Normal- (1200).jpg,Normal,0
D:\Final Sem Project\KidneyStoneAI\datasets\raw\classification\ct-kidney\Normal\Normal- (4909).jpg,Normal,0
D:\Final Sem Project\KidneyStoneAI\datasets\raw\classification\ct-kidney\Normal\Normal- (708).jpg,Normal,0
D:\Final Sem Project\KidneyStoneAI\datasets\raw\classification\ct-kidney\Normal\Normal- (4496).jpg,Normal,0
D:\Final Sem Project\KidneyStoneAI\datasets\raw\classification\ct-kidney\Normal\Normal- (1792).jpg,Normal,0
D:\Final Sem Project\KidneyStoneAI\datasets\raw\classification\ct-kidney\Normal\Normal- (1328).jpg,Normal,0
D:\Final Sem Project\KidneyStoneAI\datasets\raw\classification\ct-kidney\Normal\Normal- (2047).jpg,Normal,0
D:\Final Sem Project\KidneyStoneAI\datasets\raw\classification\ct-kidney\Normal\Normal- (4579).jpg,Normal,0
D:\Final Sem Project\KidneyStoneAI\datasets\raw\classification\ct-kidney\Normal\Normal- (1035).jpg,Normal,0
D:\Final Sem Project\KidneyStoneAI\datasets\raw\classification\ct-kidney\Normal\Normal- (1074).jpg,Normal,0
D:\Final Sem Project\KidneyStoneAI\datasets\raw\classification\ct-kidney\Normal\Normal- (3703).jpg,Normal,0
D:\Final Sem Project\KidneyStoneAI\datasets\raw\classification\ct-kidney\Stone\Stone- (1000).jpg,Stone,1
D:\Final Sem Project\KidneyStoneAI\datasets\raw\classification\ct-kidney\Normal\Normal- (1521).jpg,Normal,0
D:\Final Sem Project\KidneyStoneAI\datasets\raw\classification\ct-kidney\Stone\Stone- (1231).jpg,Stone,1
D:\Final Sem Project\KidneyStoneAI\datasets\raw\classification\ct-kidney\Normal\Normal- (1069).jpg,Normal,0
D:\Final Sem Project\KidneyStoneAI\datasets\raw\classification\ct-kidney\Normal\Normal- (2097).jpg,Normal,0
D:\Final Sem Project\KidneyStoneAI\datasets\raw\classification\ct-kidney\Normal\Normal- (679).jpg,Normal,0
D:\Final Sem Project\KidneyStoneAI\datasets\raw\classification\ct-kidney\Normal\Normal- (1325).jpg,Normal,0
D:\Final Sem Project\KidneyStoneAI\datasets\raw\classification\ct-kidney\Normal\Normal- (424).jpg,Normal,0
D:\Final Sem Project\KidneyStoneAI\datasets\raw\classification\ct-kidney\Stone\Stone- (1037).jpg,Stone,1
D:\Final Sem Project\KidneyStoneAI\datasets\raw\classification\ct-kidney\Normal\Normal- (349).jpg,Normal,0
D:\Final Sem Project\KidneyStoneAI\datasets\raw\classification\ct-kidney\Normal\Normal- (1627).jpg,Normal,0
D:\Final Sem Project\KidneyStoneAI\datasets\raw\classification\ct-kidney\Normal\Normal- (827).jpg,Normal,0
D:\Final Sem Project\KidneyStoneAI\datasets\raw\classification\ct-kidney\Normal\Normal- (7).jpg,Normal,0
D:\Final Sem Project\KidneyStoneAI\datasets\raw\classification\ct-kidney\Normal\Normal- (441).jpg,Normal,0
D:\Final Sem Project\KidneyStoneAI\datasets\raw\classification\ct-kidney\Stone\Stone- (1155).jpg,Stone,1
D:\Final Sem Project\KidneyStoneAI\datasets\raw\classification\ct-kidney\Normal\Normal- (2946).jpg,Normal,0
D:\Final Sem Project\KidneyStoneAI\datasets\raw\classification\ct-kidney\Normal\Normal- (3336).jpg,Normal,0
D:\Final Sem Project\KidneyStoneAI\datasets\raw\classification\ct-kidney\Stone\Stone- (721).jpg,Stone,1
D:\Final Sem Project\KidneyStoneAI\datasets\raw\classification\ct-kidney\Normal\Normal- (344).jpg,Normal,0
D:\Final Sem Project\KidneyStoneAI\datasets\raw\classification\ct-kidney\Normal\Normal- (2508).jpg,Normal,0
D:\Final Sem Project\KidneyStoneAI\datasets\raw\classification\ct-kidney\Normal\Normal- (1891).jpg,Normal,0
D:\Final Sem Project\KidneyStoneAI\datasets\raw\classification\ct-kidney\Normal\Normal- (2159).jpg,Normal,0
D:\Final Sem Project\KidneyStoneAI\datasets\raw\classification\ct-kidney\Normal\Normal- (4499).jpg,Normal,0
D:\Final Sem Project\KidneyStoneAI\datasets\raw\classification\ct-kidney\Stone\Stone- (1306).jpg,Stone,1
D:\Final Sem Project\KidneyStoneAI\datasets\raw\classification\ct-kidney\Normal\Normal- (3280).jpg,Normal,0
D:\Final Sem Project\KidneyStoneAI\datasets\raw\classification\ct-kidney\Normal\Normal- (2948).jpg,Normal,0
D:\Final Sem Project\KidneyStoneAI\datasets\raw\classification\ct-kidney\Normal\Normal- (3383).jpg,Normal,0
D:\Final Sem Project\KidneyStoneAI\datasets\raw\classification\ct-kidney\Normal\Normal- (3863).jpg,Normal,0
D:\Final Sem Project\KidneyStoneAI\datasets\raw\classification\ct-kidney\Stone\Stone- (581).jpg,Stone,1
D:\Final Sem Project\KidneyStoneAI\datasets\raw\classification\ct-kidney\Normal\Normal- (324).jpg,Normal,0
D:\Final Sem Project\KidneyStoneAI\datasets\raw\classification\ct-kidney\Normal\Normal- (4776).jpg,Normal,0
D:\Final Sem Project\KidneyStoneAI\datasets\raw\classification\ct-kidney\Stone\Stone- (899).jpg,Stone,1
D:\Final Sem Project\KidneyStoneAI\datasets\raw\classification\ct-kidney\Normal\Normal- (318).jpg,Normal,0
D:\Final Sem Project\KidneyStoneAI\datasets\raw\classification\ct-kidney\Normal\Normal- (1295).jpg,Normal,0
D:\Final Sem Project\KidneyStoneAI\datasets\raw\classification\ct-kidney\Stone\Stone- (1377).jpg,Stone,1
D:\Final Sem Project\KidneyStoneAI\datasets\raw\classification\ct-kidney\Normal\Normal- (2857).jpg,Normal,0
D:\Final Sem Project\KidneyStoneAI\datasets\raw\classification\ct-kidney\Normal\Normal- (99).jpg,Normal,0
D:\Final Sem Project\KidneyStoneAI\datasets\raw\classification\ct-kidney\Normal\Normal- (2278).jpg,Normal,0
D:\Final Sem Project\KidneyStoneAI\datasets\raw\classification\ct-kidney\Normal\Normal- (3906).jpg,Normal,0
D:\Final Sem Project\KidneyStoneAI\datasets\raw\classification\ct-kidney\Normal\Normal- (2756).jpg,Normal,0
D:\Final Sem Project\KidneyStoneAI\datasets\raw\classification\ct-kidney\Normal\Normal- (116).jpg,Normal,0
D:\Final Sem Project\KidneyStoneAI\datasets\raw\classification\ct-kidney\Normal\Normal- (4359).jpg,Normal,0
D:\Final Sem Project\KidneyStoneAI\datasets\raw\classification\ct-kidney\Normal\Normal- (2343).jpg,Normal,0
D:\Final Sem Project\KidneyStoneAI\datasets\raw\classification\ct-kidney\Normal\Normal- (4438).jpg,Normal,0
D:\Final Sem Project\KidneyStoneAI\datasets\raw\classification\ct-kidney\Normal\Normal- (820).jpg,Normal,0
D:\Final Sem Project\KidneyStoneAI\datasets\raw\classification\ct-kidney\Normal\Normal- (2204).jpg,Normal,0
D:\Final Sem Project\KidneyStoneAI\datasets\raw\classification\ct-kidney\Normal\Normal- (1062).jpg,Normal,0
D:\Final Sem Project\KidneyStoneAI\datasets\raw\classification\ct-kidney\Normal\Normal- (4569).jpg,Normal,0
D:\Final Sem Project\KidneyStoneAI\datasets\raw\classification\ct-kidney\Normal\Normal- (1864).jpg,Normal,0
D:\Final Sem Project\KidneyStoneAI\datasets\raw\classification\ct-kidney\Normal\Normal- (1006).jpg,Normal,0
D:\Final Sem Project\KidneyStoneAI\datasets\raw\classification\ct-kidney\Normal\Normal- (1618).jpg,Normal,0
D:\Final Sem Project\KidneyStoneAI\datasets\raw\classification\ct-kidney\Normal\Normal- (627).jpg,Normal,0
D:\Final Sem Project\KidneyStoneAI\datasets\raw\classification\ct-kidney\Normal\Normal- (4516).jpg,Normal,0
D:\Final Sem Project\KidneyStoneAI\datasets\raw\classification\ct-kidney\Normal\Normal- (863).jpg,Normal,0
D:\Final Sem Project\KidneyStoneAI\datasets\raw\classification\ct-kidney\Stone\Stone- (872).jpg,Stone,1
D:\Final Sem Project\KidneyStoneAI\datasets\raw\classification\ct-kidney\Normal\Normal- (1617).jpg,Normal,0
D:\Final Sem Project\KidneyStoneAI\datasets\raw\classification\ct-kidney\Normal\Normal- (2083).jpg,Normal,0
D:\Final Sem Project\KidneyStoneAI\datasets\raw\classification\ct-kidney\Stone\Stone- (244).jpg,Stone,1
D:\Final Sem Project\KidneyStoneAI\datasets\raw\classification\ct-kidney\Stone\Stone- (403).jpg,Stone,1
D:\Final Sem Project\KidneyStoneAI\datasets\raw\classification\ct-kidney\Normal\Normal- (2619).jpg,Normal,0
D:\Final Sem Project\KidneyStoneAI\datasets\raw\classification\ct-kidney\Normal\Normal- (3009).jpg,Normal,0
D:\Final Sem Project\KidneyStoneAI\datasets\raw\classification\ct-kidney\Normal\Normal- (656).jpg,Normal,0
D:\Final Sem Project\KidneyStoneAI\datasets\raw\classification\ct-kidney\Normal\Normal- (4730).jpg,Normal,0
D:\Final Sem Project\KidneyStoneAI\datasets\raw\classification\ct-kidney\Normal\Normal- (4528).jpg,Normal,0
D:\Final Sem Project\KidneyStoneAI\datasets\raw\classification\ct-kidney\Normal\Normal- (253).jpg,Normal,0
D:\Final Sem Project\KidneyStoneAI\datasets\raw\classification\ct-kidney\Normal\Normal- (3433).jpg,Normal,0
D:\Final Sem Project\KidneyStoneAI\datasets\raw\classification\ct-kidney\Stone\Stone- (937).jpg,Stone,1
D:\Final Sem Project\KidneyStoneAI\datasets\raw\classification\ct-kidney\Normal\Normal- (962).jpg,Normal,0
D:\Final Sem Project\KidneyStoneAI\datasets\raw\classification\ct-kidney\Stone\Stone- (1020).jpg,Stone,1
D:\Final Sem Project\KidneyStoneAI\datasets\raw\classification\ct-kidney\Stone\Stone- (1102).jpg,Stone,1
D:\Final Sem Project\KidneyStoneAI\datasets\raw\classification\ct-kidney\Normal\Normal- (2222).jpg,Normal,0
D:\Final Sem Project\KidneyStoneAI\datasets\raw\classification\ct-kidney\Normal\Normal- (2684).jpg,Normal,0
D:\Final Sem Project\KidneyStoneAI\datasets\raw\classification\ct-kidney\Normal\Normal- (3019).jpg,Normal,0
D:\Final Sem Project\KidneyStoneAI\datasets\raw\classification\ct-kidney\Stone\Stone- (255).jpg,Stone,1
D:\Final Sem Project\KidneyStoneAI\datasets\raw\classification\ct-kidney\Normal\Normal- (4555).jpg,Normal,0
D:\Final Sem Project\KidneyStoneAI\datasets\raw\classification\ct-kidney\Normal\Normal- (3495).jpg,Normal,0
D:\Final Sem Project\KidneyStoneAI\datasets\raw\classification\ct-kidney\Normal\Normal- (436).jpg,Normal,0
D:\Final Sem Project\KidneyStoneAI\datasets\raw\classification\ct-kidney\Normal\Normal- (2411).jpg,Normal,0
D:\Final Sem Project\KidneyStoneAI\datasets\raw\classification\ct-kidney\Normal\Normal- (3025).jpg,Normal,0
D:\Final Sem Project\KidneyStoneAI\datasets\raw\classification\ct-kidney\Normal\Normal- (3417).jpg,Normal,0
D:\Final Sem Project\KidneyStoneAI\datasets\raw\classification\ct-kidney\Normal\Normal- (3683).jpg,Normal,0
D:\Final Sem Project\KidneyStoneAI\datasets\raw\classification\ct-kidney\Normal\Normal- (991).jpg,Normal,0
D:\Final Sem Project\KidneyStoneAI\datasets\raw\classification\ct-kidney\Normal\Normal- (2107).jpg,Normal,0
D:\Final Sem Project\KidneyStoneAI\datasets\raw\classification\ct-kidney\Normal\Normal- (2219).jpg,Normal,0
D:\Final Sem Project\KidneyStoneAI\datasets\raw\classification\ct-kidney\Stone\Stone- (57).jpg,Stone,1
D:\Final Sem Project\KidneyStoneAI\datasets\raw\classification\ct-kidney\Stone\Stone- (83).jpg,Stone,1
D:\Final Sem Project\KidneyStoneAI\datasets\raw\classification\ct-kidney\Normal\Normal- (3634).jpg,Normal,0
D:\Final Sem Project\KidneyStoneAI\datasets\raw\classification\ct-kidney\Normal\Normal- (1870).jpg,Normal,0
D:\Final Sem Project\KidneyStoneAI\datasets\raw\classification\ct-kidney\Stone\Stone- (1182).jpg,Stone,1
D:\Final Sem Project\KidneyStoneAI\datasets\raw\classification\ct-kidney\Normal\Normal- (2000).jpg,Normal,0
D:\Final Sem Project\KidneyStoneAI\datasets\raw\classification\ct-kidney\Normal\Normal- (374).jpg,Normal,0
D:\Final Sem Project\KidneyStoneAI\datasets\raw\classification\ct-kidney\Normal\Normal- (4248).jpg,Normal,0
D:\Final Sem Project\KidneyStoneAI\datasets\raw\classification\ct-kidney\Normal\Normal- (4780).jpg,Normal,0
D:\Final Sem Project\KidneyStoneAI\datasets\raw\classification\ct-kidney\Normal\Normal- (3036).jpg,Normal,0
D:\Final Sem Project\KidneyStoneAI\datasets\raw\classification\ct-kidney\Normal\Normal- (1809).jpg,Normal,0
D:\Final Sem Project\KidneyStoneAI\datasets\raw\classification\ct-kidney\Stone\Stone- (31).jpg,Stone,1
D:\Final Sem Project\KidneyStoneAI\datasets\raw\classification\ct-kidney\Normal\Normal- (4241).jpg,Normal,0
D:\Final Sem Project\KidneyStoneAI\datasets\raw\classification\ct-kidney\Normal\Normal- (463).jpg,Normal,0
D:\Final Sem Project\KidneyStoneAI\datasets\raw\classification\ct-kidney\Normal\Normal- (4765).jpg,Normal,0
D:\Final Sem Project\KidneyStoneAI\datasets\raw\classification\ct-kidney\Normal\Normal- (2090).jpg,Normal,0
D:\Final Sem Project\KidneyStoneAI\datasets\raw\classification\ct-kidney\Normal\Normal- (2714).jpg,Normal,0
D:\Final Sem Project\KidneyStoneAI\datasets\raw\classification\ct-kidney\Stone\Stone- (249).jpg,Stone,1
D:\Final Sem Project\KidneyStoneAI\datasets\raw\classification\ct-kidney\Normal\Normal- (3284).jpg,Normal,0
D:\Final Sem Project\KidneyStoneAI\datasets\raw\classification\ct-kidney\Normal\Normal- (3207).jpg,Normal,0
D:\Final Sem Project\KidneyStoneAI\datasets\raw\classification\ct-kidney\Normal\Normal- (2066).jpg,Normal,0
D:\Final Sem Project\KidneyStoneAI\datasets\raw\classification\ct-kidney\Normal\Normal- (2414).jpg,Normal,0
D:\Final Sem Project\KidneyStoneAI\datasets\raw\classification\ct-kidney\Stone\Stone- (931).jpg,Stone,1
D:\Final Sem Project\KidneyStoneAI\datasets\raw\classification\ct-kidney\Normal\Normal- (2941).jpg,Normal,0
D:\Final Sem Project\KidneyStoneAI\datasets\raw\classification\ct-kidney\Stone\Stone- (1258).jpg,Stone,1
D:\Final Sem Project\KidneyStoneAI\datasets\raw\classification\ct-kidney\Normal\Normal- (446).jpg,Normal,0
D:\Final Sem Project\KidneyStoneAI\datasets\raw\classification\ct-kidney\Normal\Normal- (4274).jpg,Normal,0
D:\Final Sem Project\KidneyStoneAI\datasets\raw\classification\ct-kidney\Normal\Normal- (3582).jpg,Normal,0
D:\Final Sem Project\KidneyStoneAI\datasets\raw\classification\ct-kidney\Normal\Normal- (1616).jpg,Normal,0
D:\Final Sem Project\KidneyStoneAI\datasets\raw\classification\ct-kidney\Normal\Normal- (640).jpg,Normal,0
D:\Final Sem Project\KidneyStoneAI\datasets\raw\classification\ct-kidney\Normal\Normal- (4360).jpg,Normal,0
D:\Final Sem Project\KidneyStoneAI\datasets\raw\classification\ct-kidney\Normal\Normal- (4924).jpg,Normal,0
D:\Final Sem Project\KidneyStoneAI\datasets\raw\classification\ct-kidney\Normal\Normal- (549).jpg,Normal,0
D:\Final Sem Project\KidneyStoneAI\datasets\raw\classification\ct-kidney\Normal\Normal- (1982).jpg,Normal,0
D:\Final Sem Project\KidneyStoneAI\datasets\raw\classification\ct-kidney\Stone\Stone- (1071).jpg,Stone,1
D:\Final Sem Project\KidneyStoneAI\datasets\raw\classification\ct-kidney\Stone\Stone- (372).jpg,Stone,1
D:\Final Sem Project\KidneyStoneAI\datasets\raw\classification\ct-kidney\Normal\Normal- (2211).jpg,Normal,0
D:\Final Sem Project\KidneyStoneAI\datasets\raw\classification\ct-kidney\Normal\Normal- (4091).jpg,Normal,0
D:\Final Sem Project\KidneyStoneAI\datasets\raw\classification\ct-kidney\Normal\Normal- (542).jpg,Normal,0
D:\Final Sem Project\KidneyStoneAI\datasets\raw\classification\ct-kidney\Normal\Normal- (4817).jpg,Normal,0
D:\Final Sem Project\KidneyStoneAI\datasets\raw\classification\ct-kidney\Normal\Normal- (292).jpg,Normal,0
D:\Final Sem Project\KidneyStoneAI\datasets\raw\classification\ct-kidney\Normal\Normal- (1279).jpg,Normal,0
D:\Final Sem Project\KidneyStoneAI\datasets\raw\classification\ct-kidney\Normal\Normal- (3531).jpg,Normal,0
D:\Final Sem Project\KidneyStoneAI\datasets\raw\classification\ct-kidney\Normal\Normal- (3305).jpg,Normal,0
D:\Final Sem Project\KidneyStoneAI\datasets\raw\classification\ct-kidney\Normal\Normal- (793).jpg,Normal,0
D:\Final Sem Project\KidneyStoneAI\datasets\raw\classification\ct-kidney\Normal\Normal- (2882).jpg,Normal,0
D:\Final Sem Project\KidneyStoneAI\datasets\raw\classification\ct-kidney\Normal\Normal- (652).jpg,Normal,0
D:\Final Sem Project\KidneyStoneAI\datasets\raw\classification\ct-kidney\Normal\Normal- (1255).jpg,Normal,0
D:\Final Sem Project\KidneyStoneAI\datasets\raw\classification\ct-kidney\Normal\Normal- (5055).jpg,Normal,0
D:\Final Sem Project\KidneyStoneAI\datasets\raw\classification\ct-kidney\Normal\Normal- (1997).jpg,Normal,0
D:\Final Sem Project\KidneyStoneAI\datasets\raw\classification\ct-kidney\Normal\Normal- (243).jpg,Normal,0
D:\Final Sem Project\KidneyStoneAI\datasets\raw\classification\ct-kidney\Normal\Normal- (2249).jpg,Normal,0
D:\Final Sem Project\KidneyStoneAI\datasets\raw\classification\ct-kidney\Normal\Normal- (4533).jpg,Normal,0
D:\Final Sem Project\KidneyStoneAI\datasets\raw\classification\ct-kidney\Normal\Normal- (2980).jpg,Normal,0
D:\Final Sem Project\KidneyStoneAI\datasets\raw\classification\ct-kidney\Stone\Stone- (418).jpg,Stone,1
D:\Final Sem Project\KidneyStoneAI\datasets\raw\classification\ct-kidney\Normal\Normal- (1021).jpg,Normal,0
D:\Final Sem Project\KidneyStoneAI\datasets\raw\classification\ct-kidney\Normal\Normal- (3890).jpg,Normal,0
D:\Final Sem Project\KidneyStoneAI\datasets\raw\classification\ct-kidney\Normal\Normal- (3385).jpg,Normal,0
D:\Final Sem Project\KidneyStoneAI\datasets\raw\classification\ct-kidney\Normal\Normal- (142).jpg,Normal,0
D:\Final Sem Project\KidneyStoneAI\datasets\raw\classification\ct-kidney\Normal\Normal- (307).jpg,Normal,0
D:\Final Sem Project\KidneyStoneAI\datasets\raw\classification\ct-kidney\Normal\Normal- (4056).jpg,Normal,0
D:\Final Sem Project\KidneyStoneAI\datasets\raw\classification\ct-kidney\Normal\Normal- (3292).jpg,Normal,0
D:\Final Sem Project\KidneyStoneAI\datasets\raw\classification\ct-kidney\Stone\Stone- (795).jpg,Stone,1
D:\Final Sem Project\KidneyStoneAI\datasets\raw\classification\ct-kidney\Stone\Stone- (774).jpg,Stone,1
D:\Final Sem Project\KidneyStoneAI\datasets\raw\classification\ct-kidney\Normal\Normal- (2280).jpg,Normal,0
D:\Final Sem Project\KidneyStoneAI\datasets\raw\classification\ct-kidney\Normal\Normal- (914).jpg,Normal,0
D:\Final Sem Project\KidneyStoneAI\datasets\raw\classification\ct-kidney\Normal\Normal- (2115).jpg,Normal,0
D:\Final Sem Project\KidneyStoneAI\datasets\raw\classification\ct-kidney\Normal\Normal- (2615).jpg,Normal,0
D:\Final Sem Project\KidneyStoneAI\datasets\raw\classification\ct-kidney\Stone\Stone- (724).jpg,Stone,1
D:\Final Sem Project\KidneyStoneAI\datasets\raw\classification\ct-kidney\Normal\Normal- (5039).jpg,Normal,0
D:\Final Sem Project\KidneyStoneAI\datasets\raw\classification\ct-kidney\Stone\Stone- (604).jpg,Stone,1
D:\Final Sem Project\KidneyStoneAI\datasets\raw\classification\ct-kidney\Normal\Normal- (1750).jpg,Normal,0
D:\Final Sem Project\KidneyStoneAI\datasets\raw\classification\ct-kidney\Normal\Normal- (5015).jpg,Normal,0
D:\Final Sem Project\KidneyStoneAI\datasets\raw\classification\ct-kidney\Stone\Stone- (856).jpg,Stone,1
D:\Final Sem Project\KidneyStoneAI\datasets\raw\classification\ct-kidney\Normal\Normal- (1057).jpg,Normal,0
D:\Final Sem Project\KidneyStoneAI\datasets\raw\classification\ct-kidney\Normal\Normal- (4843).jpg,Normal,0
D:\Final Sem Project\KidneyStoneAI\datasets\raw\classification\ct-kidney\Stone\Stone- (970).jpg,Stone,1
D:\Final Sem Project\KidneyStoneAI\datasets\raw\classification\ct-kidney\Normal\Normal- (1796).jpg,Normal,0
D:\Final Sem Project\KidneyStoneAI\datasets\raw\classification\ct-kidney\Normal\Normal- (5041).jpg,Normal,0
D:\Final Sem Project\KidneyStoneAI\datasets\raw\classification\ct-kidney\Stone\Stone- (335).jpg,Stone,1
D:\Final Sem Project\KidneyStoneAI\datasets\raw\classification\ct-kidney\Normal\Normal- (3621).jpg,Normal,0
D:\Final Sem Project\KidneyStoneAI\datasets\raw\classification\ct-kidney\Normal\Normal- (2416).jpg,Normal,0
D:\Final Sem Project\KidneyStoneAI\datasets\raw\classification\ct-kidney\Normal\Normal- (501).jpg,Normal,0
D:\Final Sem Project\KidneyStoneAI\datasets\raw\classification\ct-kidney\Stone\Stone- (484).jpg,Stone,1
D:\Final Sem Project\KidneyStoneAI\datasets\raw\classification\ct-kidney\Normal\Normal- (320).jpg,Normal,0
D:\Final Sem Project\KidneyStoneAI\datasets\raw\classification\ct-kidney\Normal\Normal- (2704).jpg,Normal,0
D:\Final Sem Project\KidneyStoneAI\datasets\raw\classification\ct-kidney\Normal\Normal- (3156).jpg,Normal,0
D:\Final Sem Project\KidneyStoneAI\datasets\raw\classification\ct-kidney\Normal\Normal- (3573).jpg,Normal,0
D:\Final Sem Project\KidneyStoneAI\datasets\raw\classification\ct-kidney\Normal\Normal- (3900).jpg,Normal,0
D:\Final Sem Project\KidneyStoneAI\datasets\raw\classification\ct-kidney\Normal\Normal- (4949).jpg,Normal,0
D:\Final Sem Project\KidneyStoneAI\datasets\raw\classification\ct-kidney\Normal\Normal- (797).jpg,Normal,0
D:\Final Sem Project\KidneyStoneAI\datasets\raw\classification\ct-kidney\Normal\Normal- (1078).jpg,Normal,0
D:\Final Sem Project\KidneyStoneAI\datasets\raw\classification\ct-kidney\Normal\Normal- (249).jpg,Normal,0
D:\Final Sem Project\KidneyStoneAI\datasets\raw\classification\ct-kidney\Normal\Normal- (2956).jpg,Normal,0
D:\Final Sem Project\KidneyStoneAI\datasets\raw\classification\ct-kidney\Normal\Normal- (3060).jpg,Normal,0
D:\Final Sem Project\KidneyStoneAI\datasets\raw\classification\ct-kidney\Stone\Stone- (1107).jpg,Stone,1
D:\Final Sem Project\KidneyStoneAI\datasets\raw\classification\ct-kidney\Stone\Stone- (326).jpg,Stone,1
D:\Final Sem Project\KidneyStoneAI\datasets\raw\classification\ct-kidney\Normal\Normal- (3389).jpg,Normal,0
D:\Final Sem Project\KidneyStoneAI\datasets\raw\classification\ct-kidney\Normal\Normal- (3190).jpg,Normal,0
D:\Final Sem Project\KidneyStoneAI\datasets\raw\classification\ct-kidney\Normal\Normal- (4972).jpg,Normal,0
D:\Final Sem Project\KidneyStoneAI\datasets\raw\classification\ct-kidney\Stone\Stone- (720).jpg,Stone,1
D:\Final Sem Project\KidneyStoneAI\datasets\raw\classification\ct-kidney\Normal\Normal- (2397).jpg,Normal,0
D:\Final Sem Project\KidneyStoneAI\datasets\raw\classification\ct-kidney\Normal\Normal- (2588).jpg,Normal,0
D:\Final Sem Project\KidneyStoneAI\datasets\raw\classification\ct-kidney\Normal\Normal- (1662).jpg,Normal,0
D:\Final Sem Project\KidneyStoneAI\datasets\raw\classification\ct-kidney\Normal\Normal- (3155).jpg,Normal,0
D:\Final Sem Project\KidneyStoneAI\datasets\raw\classification\ct-kidney\Stone\Stone- (149).jpg,Stone,1
D:\Final Sem Project\KidneyStoneAI\datasets\raw\classification\ct-kidney\Stone\Stone- (296).jpg,Stone,1
D:\Final Sem Project\KidneyStoneAI\datasets\raw\classification\ct-kidney\Stone\Stone- (340).jpg,Stone,1
D:\Final Sem Project\KidneyStoneAI\datasets\raw\classification\ct-kidney\Normal\Normal- (361).jpg,Normal,0
D:\Final Sem Project\KidneyStoneAI\datasets\raw\classification\ct-kidney\Stone\Stone- (68).jpg,Stone,1
D:\Final Sem Project\KidneyStoneAI\datasets\raw\classification\ct-kidney\Normal\Normal- (2191).jpg,Normal,0
D:\Final Sem Project\KidneyStoneAI\datasets\raw\classification\ct-kidney\Stone\Stone- (327).jpg,Stone,1
D:\Final Sem Project\KidneyStoneAI\datasets\raw\classification\ct-kidney\Stone\Stone- (1295).jpg,Stone,1
D:\Final Sem Project\KidneyStoneAI\datasets\raw\classification\ct-kidney\Normal\Normal- (1848).jpg,Normal,0
D:\Final Sem Project\KidneyStoneAI\datasets\raw\classification\ct-kidney\Stone\Stone- (963).jpg,Stone,1
D:\Final Sem Project\KidneyStoneAI\datasets\raw\classification\ct-kidney\Normal\Normal- (2124).jpg,Normal,0
D:\Final Sem Project\KidneyStoneAI\datasets\raw\classification\ct-kidney\Normal\Normal- (4547).jpg,Normal,0
D:\Final Sem Project\KidneyStoneAI\datasets\raw\classification\ct-kidney\Normal\Normal- (262).jpg,Normal,0
D:\Final Sem Project\KidneyStoneAI\datasets\raw\classification\ct-kidney\Normal\Normal- (4517).jpg,Normal,0
D:\Final Sem Project\KidneyStoneAI\datasets\raw\classification\ct-kidney\Stone\Stone- (234).jpg,Stone,1
D:\Final Sem Project\KidneyStoneAI\datasets\raw\classification\ct-kidney\Normal\Normal- (301).jpg,Normal,0
D:\Final Sem Project\KidneyStoneAI\datasets\raw\classification\ct-kidney\Normal\Normal- (4503).jpg,Normal,0
D:\Final Sem Project\KidneyStoneAI\datasets\raw\classification\ct-kidney\Stone\Stone- (1172).jpg,Stone,1
D:\Final Sem Project\KidneyStoneAI\datasets\raw\classification\ct-kidney\Normal\Normal- (104).jpg,Normal,0
D:\Final Sem Project\KidneyStoneAI\datasets\raw\classification\ct-kidney\Normal\Normal- (1813).jpg,Normal,0
D:\Final Sem Project\KidneyStoneAI\datasets\raw\classification\ct-kidney\Normal\Normal- (3169).jpg,Normal,0
D:\Final Sem Project\KidneyStoneAI\datasets\raw\classification\ct-kidney\Normal\Normal- (5017).jpg,Normal,0
D:\Final Sem Project\KidneyStoneAI\datasets\raw\classification\ct-kidney\Stone\Stone- (644).jpg,Stone,1
D:\Final Sem Project\KidneyStoneAI\datasets\raw\classification\ct-kidney\Normal\Normal- (963).jpg,Normal,0
D:\Final Sem Project\KidneyStoneAI\datasets\raw\classification\ct-kidney\Normal\Normal- (2441).jpg,Normal,0
D:\Final Sem Project\KidneyStoneAI\datasets\raw\classification\ct-kidney\Normal\Normal- (2051).jpg,Normal,0
D:\Final Sem Project\KidneyStoneAI\datasets\raw\classification\ct-kidney\Normal\Normal- (1430).jpg,Normal,0
D:\Final Sem Project\KidneyStoneAI\datasets\raw\classification\ct-kidney\Normal\Normal- (1926).jpg,Normal,0
D:\Final Sem Project\KidneyStoneAI\datasets\raw\classification\ct-kidney\Normal\Normal- (2748).jpg,Normal,0
D:\Final Sem Project\KidneyStoneAI\datasets\raw\classification\ct-kidney\Normal\Normal- (2517).jpg,Normal,0
D:\Final Sem Project\KidneyStoneAI\datasets\raw\classification\ct-kidney\Normal\Normal- (4757).jpg,Normal,0
D:\Final Sem Project\KidneyStoneAI\datasets\raw\classification\ct-kidney\Normal\Normal- (3160).jpg,Normal,0
D:\Final Sem Project\KidneyStoneAI\datasets\raw\classification\ct-kidney\Normal\Normal- (1270).jpg,Normal,0
D:\Final Sem Project\KidneyStoneAI\datasets\raw\classification\ct-kidney\Normal\Normal- (5023).jpg,Normal,0
D:\Final Sem Project\KidneyStoneAI\datasets\raw\classification\ct-kidney\Normal\Normal- (1775).jpg,Normal,0
D:\Final Sem Project\KidneyStoneAI\datasets\raw\classification\ct-kidney\Normal\Normal- (4350).jpg,Normal,0
D:\Final Sem Project\KidneyStoneAI\datasets\raw\classification\ct-kidney\Stone\Stone- (1039).jpg,Stone,1
D:\Final Sem Project\KidneyStoneAI\datasets\raw\classification\ct-kidney\Normal\Normal- (504).jpg,Normal,0
D:\Final Sem Project\KidneyStoneAI\datasets\raw\classification\ct-kidney\Normal\Normal- (1929).jpg,Normal,0
D:\Final Sem Project\KidneyStoneAI\datasets\raw\classification\ct-kidney\Normal\Normal- (528).jpg,Normal,0
D:\Final Sem Project\KidneyStoneAI\datasets\raw\classification\ct-kidney\Normal\Normal- (352).jpg,Normal,0
D:\Final Sem Project\KidneyStoneAI\datasets\raw\classification\ct-kidney\Normal\Normal- (2911).jpg,Normal,0
D:\Final Sem Project\KidneyStoneAI\datasets\raw\classification\ct-kidney\Normal\Normal- (2666).jpg,Normal,0
D:\Final Sem Project\KidneyStoneAI\datasets\raw\classification\ct-kidney\Normal\Normal- (4307).jpg,Normal,0
D:\Final Sem Project\KidneyStoneAI\datasets\raw\classification\ct-kidney\Normal\Normal- (1082).jpg,Normal,0
D:\Final Sem Project\KidneyStoneAI\datasets\raw\classification\ct-kidney\Normal\Normal- (3566).jpg,Normal,0
D:\Final Sem Project\KidneyStoneAI\datasets\raw\classification\ct-kidney\Normal\Normal- (778).jpg,Normal,0
D:\Final Sem Project\KidneyStoneAI\datasets\raw\classification\ct-kidney\Stone\Stone- (333).jpg,Stone,1
D:\Final Sem Project\KidneyStoneAI\datasets\raw\classification\ct-kidney\Normal\Normal- (4141).jpg,Normal,0
D:\Final Sem Project\KidneyStoneAI\datasets\raw\classification\ct-kidney\Normal\Normal- (1985).jpg,Normal,0
D:\Final Sem Project\KidneyStoneAI\datasets\raw\classification\ct-kidney\Normal\Normal- (1881).jpg,Normal,0
D:\Final Sem Project\KidneyStoneAI\datasets\raw\classification\ct-kidney\Stone\Stone- (936).jpg,Stone,1
D:\Final Sem Project\KidneyStoneAI\datasets\raw\classification\ct-kidney\Stone\Stone- (830).jpg,Stone,1
D:\Final Sem Project\KidneyStoneAI\datasets\raw\classification\ct-kidney\Stone\Stone- (561).jpg,Stone,1
D:\Final Sem Project\KidneyStoneAI\datasets\raw\classification\ct-kidney\Normal\Normal- (1360).jpg,Normal,0
D:\Final Sem Project\KidneyStoneAI\datasets\raw\classification\ct-kidney\Normal\Normal- (895).jpg,Normal,0
D:\Final Sem Project\KidneyStoneAI\datasets\raw\classification\ct-kidney\Stone\Stone- (1374).jpg,Stone,1
D:\Final Sem Project\KidneyStoneAI\datasets\raw\classification\ct-kidney\Stone\Stone- (472).jpg,Stone,1
D:\Final Sem Project\KidneyStoneAI\datasets\raw\classification\ct-kidney\Normal\Normal- (506).jpg,Normal,0
D:\Final Sem Project\KidneyStoneAI\datasets\raw\classification\ct-kidney\Normal\Normal- (1939).jpg,Normal,0
D:\Final Sem Project\KidneyStoneAI\datasets\raw\classification\ct-kidney\Normal\Normal- (796).jpg,Normal,0
D:\Final Sem Project\KidneyStoneAI\datasets\raw\classification\ct-kidney\Normal\Normal- (1489).jpg,Normal,0
D:\Final Sem Project\KidneyStoneAI\datasets\raw\classification\ct-kidney\Normal\Normal- (1777).jpg,Normal,0
D:\Final Sem Project\KidneyStoneAI\datasets\raw\classification\ct-kidney\Stone\Stone- (1320).jpg,Stone,1
D:\Final Sem Project\KidneyStoneAI\datasets\raw\classification\ct-kidney\Normal\Normal- (1083).jpg,Normal,0
D:\Final Sem Project\KidneyStoneAI\datasets\raw\classification\ct-kidney\Stone\Stone- (719).jpg,Stone,1
D:\Final Sem Project\KidneyStoneAI\datasets\raw\classification\ct-kidney\Normal\Normal- (2385).jpg,Normal,0
D:\Final Sem Project\KidneyStoneAI\datasets\raw\classification\ct-kidney\Normal\Normal- (2118).jpg,Normal,0
D:\Final Sem Project\KidneyStoneAI\datasets\raw\classification\ct-kidney\Normal\Normal- (13).jpg,Normal,0
D:\Final Sem Project\KidneyStoneAI\datasets\raw\classification\ct-kidney\Normal\Normal- (1795).jpg,Normal,0
D:\Final Sem Project\KidneyStoneAI\datasets\raw\classification\ct-kidney\Normal\Normal- (1781).jpg,Normal,0
D:\Final Sem Project\KidneyStoneAI\datasets\raw\classification\ct-kidney\Normal\Normal- (2969).jpg,Normal,0
D:\Final Sem Project\KidneyStoneAI\datasets\raw\classification\ct-kidney\Normal\Normal- (1638).jpg,Normal,0
D:\Final Sem Project\KidneyStoneAI\datasets\raw\classification\ct-kidney\Normal\Normal- (3930).jpg,Normal,0
D:\Final Sem Project\KidneyStoneAI\datasets\raw\classification\ct-kidney\Normal\Normal- (2461).jpg,Normal,0
D:\Final Sem Project\KidneyStoneAI\datasets\raw\classification\ct-kidney\Normal\Normal- (2794).jpg,Normal,0
D:\Final Sem Project\KidneyStoneAI\datasets\raw\classification\ct-kidney\Normal\Normal- (1175).jpg,Normal,0
D:\Final Sem Project\KidneyStoneAI\datasets\raw\classification\ct-kidney\Normal\Normal- (1609).jpg,Normal,0
D:\Final Sem Project\KidneyStoneAI\datasets\raw\classification\ct-kidney\Stone\Stone- (1193).jpg,Stone,1
D:\Final Sem Project\KidneyStoneAI\datasets\raw\classification\ct-kidney\Stone\Stone- (1043).jpg,Stone,1
D:\Final Sem Project\KidneyStoneAI\datasets\raw\classification\ct-kidney\Normal\Normal- (1206).jpg,Normal,0
D:\Final Sem Project\KidneyStoneAI\datasets\raw\classification\ct-kidney\Normal\Normal- (240).jpg,Normal,0
D:\Final Sem Project\KidneyStoneAI\datasets\raw\classification\ct-kidney\Normal\Normal- (3616).jpg,Normal,0
D:\Final Sem Project\KidneyStoneAI\datasets\raw\classification\ct-kidney\Normal\Normal- (3328).jpg,Normal,0
D:\Final Sem Project\KidneyStoneAI\datasets\raw\classification\ct-kidney\Normal\Normal- (4727).jpg,Normal,0
D:\Final Sem Project\KidneyStoneAI\datasets\raw\classification\ct-kidney\Stone\Stone- (1095).jpg,Stone,1
D:\Final Sem Project\KidneyStoneAI\datasets\raw\classification\ct-kidney\Normal\Normal- (4753).jpg,Normal,0
D:\Final Sem Project\KidneyStoneAI\datasets\raw\classification\ct-kidney\Normal\Normal- (4746).jpg,Normal,0
D:\Final Sem Project\KidneyStoneAI\datasets\raw\classification\ct-kidney\Normal\Normal- (2345).jpg,Normal,0
D:\Final Sem Project\KidneyStoneAI\datasets\raw\classification\ct-kidney\Normal\Normal- (165).jpg,Normal,0
D:\Final Sem Project\KidneyStoneAI\datasets\raw\classification\ct-kidney\Normal\Normal- (4485).jpg,Normal,0
D:\Final Sem Project\KidneyStoneAI\datasets\raw\classification\ct-kidney\Normal\Normal- (4135).jpg,Normal,0
D:\Final Sem Project\KidneyStoneAI\datasets\raw\classification\ct-kidney\Stone\Stone- (1311).jpg,Stone,1
D:\Final Sem Project\KidneyStoneAI\datasets\raw\classification\ct-kidney\Normal\Normal- (4596).jpg,Normal,0
D:\Final Sem Project\KidneyStoneAI\datasets\raw\classification\ct-kidney\Normal\Normal- (4053).jpg,Normal,0
D:\Final Sem Project\KidneyStoneAI\datasets\raw\classification\ct-kidney\Normal\Normal- (2409).jpg,Normal,0
D:\Final Sem Project\KidneyStoneAI\datasets\raw\classification\ct-kidney\Normal\Normal- (2353).jpg,Normal,0
D:\Final Sem Project\KidneyStoneAI\datasets\raw\classification\ct-kidney\Stone\Stone- (44).jpg,Stone,1
D:\Final Sem Project\KidneyStoneAI\datasets\raw\classification\ct-kidney\Normal\Normal- (3053).jpg,Normal,0
D:\Final Sem Project\KidneyStoneAI\datasets\raw\classification\ct-kidney\Normal\Normal- (4110).jpg,Normal,0
D:\Final Sem Project\KidneyStoneAI\datasets\raw\classification\ct-kidney\Normal\Normal- (1406).jpg,Normal,0
D:\Final Sem Project\KidneyStoneAI\datasets\raw\classification\ct-kidney\Stone\Stone- (850).jpg,Stone,1
D:\Final Sem Project\KidneyStoneAI\datasets\raw\classification\ct-kidney\Normal\Normal- (2488).jpg,Normal,0
D:\Final Sem Project\KidneyStoneAI\datasets\raw\classification\ct-kidney\Normal\Normal- (1896).jpg,Normal,0
D:\Final Sem Project\KidneyStoneAI\datasets\raw\classification\ct-kidney\Stone\Stone- (494).jpg,Stone,1
D:\Final Sem Project\KidneyStoneAI\datasets\raw\classification\ct-kidney\Normal\Normal- (92).jpg,Normal,0
D:\Final Sem Project\KidneyStoneAI\datasets\raw\classification\ct-kidney\Normal\Normal- (5044).jpg,Normal,0
D:\Final Sem Project\KidneyStoneAI\datasets\raw\classification\ct-kidney\Normal\Normal- (4648).jpg,Normal,0
D:\Final Sem Project\KidneyStoneAI\datasets\raw\classification\ct-kidney\Normal\Normal- (4850).jpg,Normal,0
D:\Final Sem Project\KidneyStoneAI\datasets\raw\classification\ct-kidney\Normal\Normal- (37).jpg,Normal,0
D:\Final Sem Project\KidneyStoneAI\datasets\raw\classification\ct-kidney\Stone\Stone- (546).jpg,Stone,1
D:\Final Sem Project\KidneyStoneAI\datasets\raw\classification\ct-kidney\Normal\Normal- (4384).jpg,Normal,0
D:\Final Sem Project\KidneyStoneAI\datasets\raw\classification\ct-kidney\Normal\Normal- (739).jpg,Normal,0
D:\Final Sem Project\KidneyStoneAI\datasets\raw\classification\ct-kidney\Stone\Stone- (126).jpg,Stone,1
D:\Final Sem Project\KidneyStoneAI\datasets\raw\classification\ct-kidney\Stone\Stone- (161).jpg,Stone,1
D:\Final Sem Project\KidneyStoneAI\datasets\raw\classification\ct-kidney\Normal\Normal- (719).jpg,Normal,0
D:\Final Sem Project\KidneyStoneAI\datasets\raw\classification\ct-kidney\Normal\Normal- (2696).jpg,Normal,0
D:\Final Sem Project\KidneyStoneAI\datasets\raw\classification\ct-kidney\Normal\Normal- (4965).jpg,Normal,0
D:\Final Sem Project\KidneyStoneAI\datasets\raw\classification\ct-kidney\Normal\Normal- (4964).jpg,Normal,0
D:\Final Sem Project\KidneyStoneAI\datasets\raw\classification\ct-kidney\Stone\Stone- (711).jpg,Stone,1
D:\Final Sem Project\KidneyStoneAI\datasets\raw\classification\ct-kidney\Normal\Normal- (952).jpg,Normal,0
D:\Final Sem Project\KidneyStoneAI\datasets\raw\classification\ct-kidney\Normal\Normal- (1339).jpg,Normal,0
D:\Final Sem Project\KidneyStoneAI\datasets\raw\classification\ct-kidney\Normal\Normal- (2002).jpg,Normal,0
D:\Final Sem Project\KidneyStoneAI\datasets\raw\classification\ct-kidney\Normal\Normal- (944).jpg,Normal,0
D:\Final Sem Project\KidneyStoneAI\datasets\raw\classification\ct-kidney\Normal\Normal- (1810).jpg,Normal,0
D:\Final Sem Project\KidneyStoneAI\datasets\raw\classification\ct-kidney\Normal\Normal- (1823).jpg,Normal,0
D:\Final Sem Project\KidneyStoneAI\datasets\raw\classification\ct-kidney\Normal\Normal- (3728).jpg,Normal,0
D:\Final Sem Project\KidneyStoneAI\datasets\raw\classification\ct-kidney\Stone\Stone- (858).jpg,Stone,1
D:\Final Sem Project\KidneyStoneAI\datasets\raw\classification\ct-kidney\Normal\Normal- (3000).jpg,Normal,0
D:\Final Sem Project\KidneyStoneAI\datasets\raw\classification\ct-kidney\Normal\Normal- (2591).jpg,Normal,0
D:\Final Sem Project\KidneyStoneAI\datasets\raw\classification\ct-kidney\Normal\Normal- (3609).jpg,Normal,0
D:\Final Sem Project\KidneyStoneAI\datasets\raw\classification\ct-kidney\Normal\Normal- (4863).jpg,Normal,0
D:\Final Sem Project\KidneyStoneAI\datasets\raw\classification\ct-kidney\Normal\Normal- (3472).jpg,Normal,0
D:\Final Sem Project\KidneyStoneAI\datasets\raw\classification\ct-kidney\Stone\Stone- (248).jpg,Stone,1
D:\Final Sem Project\KidneyStoneAI\datasets\raw\classification\ct-kidney\Stone\Stone- (1322).jpg,Stone,1
D:\Final Sem Project\KidneyStoneAI\datasets\raw\classification\ct-kidney\Normal\Normal- (345).jpg,Normal,0
D:\Final Sem Project\KidneyStoneAI\datasets\raw\classification\ct-kidney\Normal\Normal- (1656).jpg,Normal,0
D:\Final Sem Project\KidneyStoneAI\datasets\raw\classification\ct-kidney\Normal\Normal- (2764).jpg,Normal,0
D:\Final Sem Project\KidneyStoneAI\datasets\raw\classification\ct-kidney\Normal\Normal- (3592).jpg,Normal,0
D:\Final Sem Project\KidneyStoneAI\datasets\raw\classification\ct-kidney\Normal\Normal- (4568).jpg,Normal,0
D:\Final Sem Project\KidneyStoneAI\datasets\raw\classification\ct-kidney\Normal\Normal- (3255).jpg,Normal,0
D:\Final Sem Project\KidneyStoneAI\datasets\raw\classification\ct-kidney\Normal\Normal- (3626).jpg,Normal,0
D:\Final Sem Project\KidneyStoneAI\datasets\raw\classification\ct-kidney\Normal\Normal- (1845).jpg,Normal,0
D:\Final Sem Project\KidneyStoneAI\datasets\raw\classification\ct-kidney\Normal\Normal- (771).jpg,Normal,0
D:\Final Sem Project\KidneyStoneAI\datasets\raw\classification\ct-kidney\Normal\Normal- (576).jpg,Normal,0
D:\Final Sem Project\KidneyStoneAI\datasets\raw\classification\ct-kidney\Normal\Normal- (699).jpg,Normal,0
D:\Final Sem Project\KidneyStoneAI\datasets\raw\classification\ct-kidney\Normal\Normal- (1573).jpg,Normal,0
D:\Final Sem Project\KidneyStoneAI\datasets\raw\classification\ct-kidney\Normal\Normal- (2311).jpg,Normal,0
D:\Final Sem Project\KidneyStoneAI\datasets\raw\classification\ct-kidney\Normal\Normal- (2838).jpg,Normal,0
D:\Final Sem Project\KidneyStoneAI\datasets\raw\classification\ct-kidney\Normal\Normal- (1490).jpg,Normal,0
D:\Final Sem Project\KidneyStoneAI\datasets\raw\classification\ct-kidney\Normal\Normal- (3981).jpg,Normal,0
D:\Final Sem Project\KidneyStoneAI\datasets\raw\classification\ct-kidney\Stone\Stone- (539).jpg,Stone,1
D:\Final Sem Project\KidneyStoneAI\datasets\raw\classification\ct-kidney\Normal\Normal- (2041).jpg,Normal,0
D:\Final Sem Project\KidneyStoneAI\datasets\raw\classification\ct-kidney\Normal\Normal- (1651).jpg,Normal,0
D:\Final Sem Project\KidneyStoneAI\datasets\raw\classification\ct-kidney\Normal\Normal- (2806).jpg,Normal,0
D:\Final Sem Project\KidneyStoneAI\datasets\raw\classification\ct-kidney\Normal\Normal- (4327).jpg,Normal,0
D:\Final Sem Project\KidneyStoneAI\datasets\raw\classification\ct-kidney\Normal\Normal- (3987).jpg,Normal,0
D:\Final Sem Project\KidneyStoneAI\datasets\raw\classification\ct-kidney\Normal\Normal- (1788).jpg,Normal,0
D:\Final Sem Project\KidneyStoneAI\datasets\raw\classification\ct-kidney\Normal\Normal- (5003).jpg,Normal,0
D:\Final Sem Project\KidneyStoneAI\datasets\raw\classification\ct-kidney\Normal\Normal- (1348).jpg,Normal,0
D:\Final Sem Project\KidneyStoneAI\datasets\raw\classification\ct-kidney\Stone\Stone- (258).jpg,Stone,1
D:\Final Sem Project\KidneyStoneAI\datasets\raw\classification\ct-kidney\Stone\Stone- (759).jpg,Stone,1
D:\Final Sem Project\KidneyStoneAI\datasets\raw\classification\ct-kidney\Stone\Stone- (344).jpg,Stone,1
D:\Final Sem Project\KidneyStoneAI\datasets\raw\classification\ct-kidney\Normal\Normal- (3695).jpg,Normal,0
D:\Final Sem Project\KidneyStoneAI\datasets\raw\classification\ct-kidney\Normal\Normal- (4991).jpg,Normal,0
D:\Final Sem Project\KidneyStoneAI\datasets\raw\classification\ct-kidney\Normal\Normal- (263).jpg,Normal,0
D:\Final Sem Project\KidneyStoneAI\datasets\raw\classification\ct-kidney\Normal\Normal- (531).jpg,Normal,0
D:\Final Sem Project\KidneyStoneAI\datasets\raw\classification\ct-kidney\Stone\Stone- (1018).jpg,Stone,1
D:\Final Sem Project\KidneyStoneAI\datasets\raw\classification\ct-kidney\Normal\Normal- (323).jpg,Normal,0
D:\Final Sem Project\KidneyStoneAI\datasets\raw\classification\ct-kidney\Normal\Normal- (1987).jpg,Normal,0
D:\Final Sem Project\KidneyStoneAI\datasets\raw\classification\ct-kidney\Normal\Normal- (1898).jpg,Normal,0
D:\Final Sem Project\KidneyStoneAI\datasets\raw\classification\ct-kidney\Normal\Normal- (1857).jpg,Normal,0
D:\Final Sem Project\KidneyStoneAI\datasets\raw\classification\ct-kidney\Normal\Normal- (2258).jpg,Normal,0
D:\Final Sem Project\KidneyStoneAI\datasets\raw\classification\ct-kidney\Stone\Stone- (145).jpg,Stone,1
D:\Final Sem Project\KidneyStoneAI\datasets\raw\classification\ct-kidney\Stone\Stone- (922).jpg,Stone,1
D:\Final Sem Project\KidneyStoneAI\datasets\raw\classification\ct-kidney\Stone\Stone- (1062).jpg,Stone,1
D:\Final Sem Project\KidneyStoneAI\datasets\raw\classification\ct-kidney\Normal\Normal- (2206).jpg,Normal,0
D:\Final Sem Project\KidneyStoneAI\datasets\raw\classification\ct-kidney\Normal\Normal- (1905).jpg,Normal,0
D:\Final Sem Project\KidneyStoneAI\datasets\raw\classification\ct-kidney\Stone\Stone- (9).jpg,Stone,1
D:\Final Sem Project\KidneyStoneAI\datasets\raw\classification\ct-kidney\Normal\Normal- (2004).jpg,Normal,0
D:\Final Sem Project\KidneyStoneAI\datasets\raw\classification\ct-kidney\Normal\Normal- (1288).jpg,Normal,0
D:\Final Sem Project\KidneyStoneAI\datasets\raw\classification\ct-kidney\Normal\Normal- (2246).jpg,Normal,0
D:\Final Sem Project\KidneyStoneAI\datasets\raw\classification\ct-kidney\Normal\Normal- (2233).jpg,Normal,0
D:\Final Sem Project\KidneyStoneAI\datasets\raw\classification\ct-kidney\Stone\Stone- (593).jpg,Stone,1
D:\Final Sem Project\KidneyStoneAI\datasets\raw\classification\ct-kidney\Normal\Normal- (4987).jpg,Normal,0
D:\Final Sem Project\KidneyStoneAI\datasets\raw\classification\ct-kidney\Stone\Stone- (190).jpg,Stone,1
D:\Final Sem Project\KidneyStoneAI\datasets\raw\classification\ct-kidney\Normal\Normal- (2655).jpg,Normal,0
D:\Final Sem Project\KidneyStoneAI\datasets\raw\classification\ct-kidney\Normal\Normal- (3132).jpg,Normal,0
D:\Final Sem Project\KidneyStoneAI\datasets\raw\classification\ct-kidney\Normal\Normal- (2486).jpg,Normal,0
D:\Final Sem Project\KidneyStoneAI\datasets\raw\classification\ct-kidney\Normal\Normal- (4294).jpg,Normal,0
D:\Final Sem Project\KidneyStoneAI\datasets\raw\classification\ct-kidney\Normal\Normal- (814).jpg,Normal,0
D:\Final Sem Project\KidneyStoneAI\datasets\raw\classification\ct-kidney\Normal\Normal- (143).jpg,Normal,0
D:\Final Sem Project\KidneyStoneAI\datasets\raw\classification\ct-kidney\Normal\Normal- (2238).jpg,Normal,0
D:\Final Sem Project\KidneyStoneAI\datasets\raw\classification\ct-kidney\Normal\Normal- (3950).jpg,Normal,0
D:\Final Sem Project\KidneyStoneAI\datasets\raw\classification\ct-kidney\Normal\Normal- (2028).jpg,Normal,0
D:\Final Sem Project\KidneyStoneAI\datasets\raw\classification\ct-kidney\Normal\Normal- (3290).jpg,Normal,0
D:\Final Sem Project\KidneyStoneAI\datasets\raw\classification\ct-kidney\Normal\Normal- (3947).jpg,Normal,0
D:\Final Sem Project\KidneyStoneAI\datasets\raw\classification\ct-kidney\Normal\Normal- (4419).jpg,Normal,0
D:\Final Sem Project\KidneyStoneAI\datasets\raw\classification\ct-kidney\Normal\Normal- (3318).jpg,Normal,0
D:\Final Sem Project\KidneyStoneAI\datasets\raw\classification\ct-kidney\Normal\Normal- (3152).jpg,Normal,0
D:\Final Sem Project\KidneyStoneAI\datasets\raw\classification\ct-kidney\Normal\Normal- (258).jpg,Normal,0
D:\Final Sem Project\KidneyStoneAI\datasets\raw\classification\ct-kidney\Normal\Normal- (1321).jpg,Normal,0
D:\Final Sem Project\KidneyStoneAI\datasets\raw\classification\ct-kidney\Normal\Normal- (3457).jpg,Normal,0
D:\Final Sem Project\KidneyStoneAI\datasets\raw\classification\ct-kidney\Normal\Normal- (4961).jpg,Normal,0
D:\Final Sem Project\KidneyStoneAI\datasets\raw\classification\ct-kidney\Normal\Normal- (1453).jpg,Normal,0
D:\Final Sem Project\KidneyStoneAI\datasets\raw\classification\ct-kidney\Stone\Stone- (25).jpg,Stone,1
D:\Final Sem Project\KidneyStoneAI\datasets\raw\classification\ct-kidney\Stone\Stone- (314).jpg,Stone,1
D:\Final Sem Project\KidneyStoneAI\datasets\raw\classification\ct-kidney\Normal\Normal- (4922).jpg,Normal,0
D:\Final Sem Project\KidneyStoneAI\datasets\raw\classification\ct-kidney\Normal\Normal- (145).jpg,Normal,0
D:\Final Sem Project\KidneyStoneAI\datasets\raw\classification\ct-kidney\Normal\Normal- (3923).jpg,Normal,0
D:\Final Sem Project\KidneyStoneAI\datasets\raw\classification\ct-kidney\Normal\Normal- (4855).jpg,Normal,0
D:\Final Sem Project\KidneyStoneAI\datasets\raw\classification\ct-kidney\Normal\Normal- (3329).jpg,Normal,0
D:\Final Sem Project\KidneyStoneAI\datasets\raw\classification\ct-kidney\Normal\Normal- (2553).jpg,Normal,0
D:\Final Sem Project\KidneyStoneAI\datasets\raw\classification\ct-kidney\Normal\Normal- (1568).jpg,Normal,0
D:\Final Sem Project\KidneyStoneAI\datasets\raw\classification\ct-kidney\Normal\Normal- (868).jpg,Normal,0
D:\Final Sem Project\KidneyStoneAI\datasets\raw\classification\ct-kidney\Normal\Normal- (4020).jpg,Normal,0
D:\Final Sem Project\KidneyStoneAI\datasets\raw\classification\ct-kidney\Normal\Normal- (4073).jpg,Normal,0
D:\Final Sem Project\KidneyStoneAI\datasets\raw\classification\ct-kidney\Normal\Normal- (746).jpg,Normal,0
D:\Final Sem Project\KidneyStoneAI\datasets\raw\classification\ct-kidney\Stone\Stone- (988).jpg,Stone,1
D:\Final Sem Project\KidneyStoneAI\datasets\raw\classification\ct-kidney\Normal\Normal- (3342).jpg,Normal,0
D:\Final Sem Project\KidneyStoneAI\datasets\raw\classification\ct-kidney\Normal\Normal- (4033).jpg,Normal,0
D:\Final Sem Project\KidneyStoneAI\datasets\raw\classification\ct-kidney\Normal\Normal- (1585).jpg,Normal,0
D:\Final Sem Project\KidneyStoneAI\datasets\raw\classification\ct-kidney\Normal\Normal- (4666).jpg,Normal,0
D:\Final Sem Project\KidneyStoneAI\datasets\raw\classification\ct-kidney\Normal\Normal- (907).jpg,Normal,0
D:\Final Sem Project\KidneyStoneAI\datasets\raw\classification\ct-kidney\Normal\Normal- (852).jpg,Normal,0
D:\Final Sem Project\KidneyStoneAI\datasets\raw\classification\ct-kidney\Normal\Normal- (986).jpg,Normal,0
D:\Final Sem Project\KidneyStoneAI\datasets\raw\classification\ct-kidney\Normal\Normal- (571).jpg,Normal,0
D:\Final Sem Project\KidneyStoneAI\datasets\raw\classification\ct-kidney\Normal\Normal- (2251).jpg,Normal,0
D:\Final Sem Project\KidneyStoneAI\datasets\raw\classification\ct-kidney\Stone\Stone- (665).jpg,Stone,1
D:\Final Sem Project\KidneyStoneAI\datasets\raw\classification\ct-kidney\Normal\Normal- (3410).jpg,Normal,0
D:\Final Sem Project\KidneyStoneAI\datasets\raw\classification\ct-kidney\Normal\Normal- (856).jpg,Normal,0
D:\Final Sem Project\KidneyStoneAI\datasets\raw\classification\ct-kidney\Normal\Normal- (2406).jpg,Normal,0
D:\Final Sem Project\KidneyStoneAI\datasets\raw\classification\ct-kidney\Normal\Normal- (2208).jpg,Normal,0
D:\Final Sem Project\KidneyStoneAI\datasets\raw\classification\ct-kidney\Normal\Normal- (515).jpg,Normal,0
D:\Final Sem Project\KidneyStoneAI\datasets\raw\classification\ct-kidney\Stone\Stone- (80).jpg,Stone,1
D:\Final Sem Project\KidneyStoneAI\datasets\raw\classification\ct-kidney\Normal\Normal- (1311).jpg,Normal,0
D:\Final Sem Project\KidneyStoneAI\datasets\raw\classification\ct-kidney\Normal\Normal- (740).jpg,Normal,0
D:\Final Sem Project\KidneyStoneAI\datasets\raw\classification\ct-kidney\Normal\Normal- (1190).jpg,Normal,0
D:\Final Sem Project\KidneyStoneAI\datasets\raw\classification\ct-kidney\Stone\Stone- (695).jpg,Stone,1
D:\Final Sem Project\KidneyStoneAI\datasets\raw\classification\ct-kidney\Normal\Normal- (4403).jpg,Normal,0
D:\Final Sem Project\KidneyStoneAI\datasets\raw\classification\ct-kidney\Normal\Normal- (3852).jpg,Normal,0
D:\Final Sem Project\KidneyStoneAI\datasets\raw\classification\ct-kidney\Normal\Normal- (607).jpg,Normal,0
D:\Final Sem Project\KidneyStoneAI\datasets\raw\classification\ct-kidney\Normal\Normal- (4800).jpg,Normal,0
D:\Final Sem Project\KidneyStoneAI\datasets\raw\classification\ct-kidney\Stone\Stone- (368).jpg,Stone,1
D:\Final Sem Project\KidneyStoneAI\datasets\raw\classification\ct-kidney\Normal\Normal- (1753).jpg,Normal,0
D:\Final Sem Project\KidneyStoneAI\datasets\raw\classification\ct-kidney\Stone\Stone- (598).jpg,Stone,1
D:\Final Sem Project\KidneyStoneAI\datasets\raw\classification\ct-kidney\Normal\Normal- (1612).jpg,Normal,0
D:\Final Sem Project\KidneyStoneAI\datasets\raw\classification\ct-kidney\Normal\Normal- (785).jpg,Normal,0
D:\Final Sem Project\KidneyStoneAI\datasets\raw\classification\ct-kidney\Normal\Normal- (860).jpg,Normal,0
D:\Final Sem Project\KidneyStoneAI\datasets\raw\classification\ct-kidney\Stone\Stone- (960).jpg,Stone,1
D:\Final Sem Project\KidneyStoneAI\datasets\raw\classification\ct-kidney\Normal\Normal- (1912).jpg,Normal,0
D:\Final Sem Project\KidneyStoneAI\datasets\raw\classification\ct-kidney\Normal\Normal- (4225).jpg,Normal,0
D:\Final Sem Project\KidneyStoneAI\datasets\raw\classification\ct-kidney\Normal\Normal- (4457).jpg,Normal,0
D:\Final Sem Project\KidneyStoneAI\datasets\raw\classification\ct-kidney\Stone\Stone- (334).jpg,Stone,1
D:\Final Sem Project\KidneyStoneAI\datasets\raw\classification\ct-kidney\Normal\Normal- (3087).jpg,Normal,0
D:\Final Sem Project\KidneyStoneAI\datasets\raw\classification\ct-kidney\Stone\Stone- (976).jpg,Stone,1
D:\Final Sem Project\KidneyStoneAI\datasets\raw\classification\ct-kidney\Normal\Normal- (2185).jpg,Normal,0
D:\Final Sem Project\KidneyStoneAI\datasets\raw\classification\ct-kidney\Normal\Normal- (545).jpg,Normal,0
D:\Final Sem Project\KidneyStoneAI\datasets\raw\classification\ct-kidney\Normal\Normal- (1376).jpg,Normal,0
D:\Final Sem Project\KidneyStoneAI\datasets\raw\classification\ct-kidney\Normal\Normal- (3542).jpg,Normal,0
D:\Final Sem Project\KidneyStoneAI\datasets\raw\classification\ct-kidney\Stone\Stone- (678).jpg,Stone,1
D:\Final Sem Project\KidneyStoneAI\datasets\raw\classification\ct-kidney\Stone\Stone- (197).jpg,Stone,1
D:\Final Sem Project\KidneyStoneAI\datasets\raw\classification\ct-kidney\Normal\Normal- (3176).jpg,Normal,0
D:\Final Sem Project\KidneyStoneAI\datasets\raw\classification\ct-kidney\Stone\Stone- (784).jpg,Stone,1
D:\Final Sem Project\KidneyStoneAI\datasets\raw\classification\ct-kidney\Normal\Normal- (1454).jpg,Normal,0
D:\Final Sem Project\KidneyStoneAI\datasets\raw\classification\ct-kidney\Normal\Normal- (2240).jpg,Normal,0
D:\Final Sem Project\KidneyStoneAI\datasets\raw\classification\ct-kidney\Normal\Normal- (799).jpg,Normal,0
D:\Final Sem Project\KidneyStoneAI\datasets\raw\classification\ct-kidney\Normal\Normal- (2143).jpg,Normal,0
D:\Final Sem Project\KidneyStoneAI\datasets\raw\classification\ct-kidney\Stone\Stone- (300).jpg,Stone,1
D:\Final Sem Project\KidneyStoneAI\datasets\raw\classification\ct-kidney\Normal\Normal- (832).jpg,Normal,0
D:\Final Sem Project\KidneyStoneAI\datasets\raw\classification\ct-kidney\Stone\Stone- (1004).jpg,Stone,1
D:\Final Sem Project\KidneyStoneAI\datasets\raw\classification\ct-kidney\Normal\Normal- (4968).jpg,Normal,0
D:\Final Sem Project\KidneyStoneAI\datasets\raw\classification\ct-kidney\Stone\Stone- (14).jpg,Stone,1
D:\Final Sem Project\KidneyStoneAI\datasets\raw\classification\ct-kidney\Normal\Normal- (2184).jpg,Normal,0
D:\Final Sem Project\KidneyStoneAI\datasets\raw\classification\ct-kidney\Stone\Stone- (140).jpg,Stone,1
D:\Final Sem Project\KidneyStoneAI\datasets\raw\classification\ct-kidney\Normal\Normal- (2523).jpg,Normal,0
D:\Final Sem Project\KidneyStoneAI\datasets\raw\classification\ct-kidney\Stone\Stone- (1174).jpg,Stone,1
D:\Final Sem Project\KidneyStoneAI\datasets\raw\classification\ct-kidney\Normal\Normal- (3775).jpg,Normal,0
D:\Final Sem Project\KidneyStoneAI\datasets\raw\classification\ct-kidney\Normal\Normal- (1191).jpg,Normal,0
D:\Final Sem Project\KidneyStoneAI\datasets\raw\classification\ct-kidney\Stone\Stone- (277).jpg,Stone,1
D:\Final Sem Project\KidneyStoneAI\datasets\raw\classification\ct-kidney\Stone\Stone- (610).jpg,Stone,1
D:\Final Sem Project\KidneyStoneAI\datasets\raw\classification\ct-kidney\Normal\Normal- (4642).jpg,Normal,0
D:\Final Sem Project\KidneyStoneAI\datasets\raw\classification\ct-kidney\Normal\Normal- (4872).jpg,Normal,0
D:\Final Sem Project\KidneyStoneAI\datasets\raw\classification\ct-kidney\Normal\Normal- (1234).jpg,Normal,0
D:\Final Sem Project\KidneyStoneAI\datasets\raw\classification\ct-kidney\Normal\Normal- (5045).jpg,Normal,0
D:\Final Sem Project\KidneyStoneAI\datasets\raw\classification\ct-kidney\Normal\Normal- (239).jpg,Normal,0
D:\Final Sem Project\KidneyStoneAI\datasets\raw\classification\ct-kidney\Stone\Stone- (657).jpg,Stone,1
D:\Final Sem Project\KidneyStoneAI\datasets\raw\classification\ct-kidney\Stone\Stone- (1061).jpg,Stone,1
D:\Final Sem Project\KidneyStoneAI\datasets\raw\classification\ct-kidney\Normal\Normal- (2104).jpg,Normal,0
D:\Final Sem Project\KidneyStoneAI\datasets\raw\classification\ct-kidney\Normal\Normal- (2290).jpg,Normal,0
D:\Final Sem Project\KidneyStoneAI\datasets\raw\classification\ct-kidney\Normal\Normal- (1459).jpg,Normal,0
D:\Final Sem Project\KidneyStoneAI\datasets\raw\classification\ct-kidney\Normal\Normal- (1213).jpg,Normal,0
D:\Final Sem Project\KidneyStoneAI\datasets\raw\classification\ct-kidney\Stone\Stone- (207).jpg,Stone,1
D:\Final Sem Project\KidneyStoneAI\datasets\raw\classification\ct-kidney\Normal\Normal- (3659).jpg,Normal,0
D:\Final Sem Project\KidneyStoneAI\datasets\raw\classification\ct-kidney\Normal\Normal- (4857).jpg,Normal,0
D:\Final Sem Project\KidneyStoneAI\datasets\raw\classification\ct-kidney\Normal\Normal- (3300).jpg,Normal,0
D:\Final Sem Project\KidneyStoneAI\datasets\raw\classification\ct-kidney\Normal\Normal- (4088).jpg,Normal,0
D:\Final Sem Project\KidneyStoneAI\datasets\raw\classification\ct-kidney\Normal\Normal- (4830).jpg,Normal,0
D:\Final Sem Project\KidneyStoneAI\datasets\raw\classification\ct-kidney\Normal\Normal- (4689).jpg,Normal,0
D:\Final Sem Project\KidneyStoneAI\datasets\raw\classification\ct-kidney\Stone\Stone- (567).jpg,Stone,1
D:\Final Sem Project\KidneyStoneAI\datasets\raw\classification\ct-kidney\Normal\Normal- (2939).jpg,Normal,0
D:\Final Sem Project\KidneyStoneAI\datasets\raw\classification\ct-kidney\Normal\Normal- (3373).jpg,Normal,0
D:\Final Sem Project\KidneyStoneAI\datasets\raw\classification\ct-kidney\Normal\Normal- (391).jpg,Normal,0
D:\Final Sem Project\KidneyStoneAI\datasets\raw\classification\ct-kidney\Stone\Stone- (47).jpg,Stone,1
D:\Final Sem Project\KidneyStoneAI\datasets\raw\classification\ct-kidney\Stone\Stone- (232).jpg,Stone,1
D:\Final Sem Project\KidneyStoneAI\datasets\raw\classification\ct-kidney\Stone\Stone- (289).jpg,Stone,1
D:\Final Sem Project\KidneyStoneAI\datasets\raw\classification\ct-kidney\Normal\Normal- (2410).jpg,Normal,0
D:\Final Sem Project\KidneyStoneAI\datasets\raw\classification\ct-kidney\Normal\Normal- (3762).jpg,Normal,0
D:\Final Sem Project\KidneyStoneAI\datasets\raw\classification\ct-kidney\Stone\Stone- (956).jpg,Stone,1
D:\Final Sem Project\KidneyStoneAI\datasets\raw\classification\ct-kidney\Normal\Normal- (4934).jpg,Normal,0
D:\Final Sem Project\KidneyStoneAI\datasets\raw\classification\ct-kidney\Stone\Stone- (251).jpg,Stone,1
D:\Final Sem Project\KidneyStoneAI\datasets\raw\classification\ct-kidney\Normal\Normal- (479).jpg,Normal,0
D:\Final Sem Project\KidneyStoneAI\datasets\raw\classification\ct-kidney\Stone\Stone- (53).jpg,Stone,1
D:\Final Sem Project\KidneyStoneAI\datasets\raw\classification\ct-kidney\Normal\Normal- (1851).jpg,Normal,0
D:\Final Sem Project\KidneyStoneAI\datasets\raw\classification\ct-kidney\Normal\Normal- (3921).jpg,Normal,0
D:\Final Sem Project\KidneyStoneAI\datasets\raw\classification\ct-kidney\Normal\Normal- (3148).jpg,Normal,0
D:\Final Sem Project\KidneyStoneAI\datasets\raw\classification\ct-kidney\Normal\Normal- (1755).jpg,Normal,0
D:\Final Sem Project\KidneyStoneAI\datasets\raw\classification\ct-kidney\Normal\Normal- (4868).jpg,Normal,0
D:\Final Sem Project\KidneyStoneAI\datasets\raw\classification\ct-kidney\Stone\Stone- (1337).jpg,Stone,1
D:\Final Sem Project\KidneyStoneAI\datasets\raw\classification\ct-kidney\Normal\Normal- (3088).jpg,Normal,0
D:\Final Sem Project\KidneyStoneAI\datasets\raw\classification\ct-kidney\Stone\Stone- (781).jpg,Stone,1
D:\Final Sem Project\KidneyStoneAI\datasets\raw\classification\ct-kidney\Normal\Normal- (1332).jpg,Normal,0
D:\Final Sem Project\KidneyStoneAI\datasets\raw\classification\ct-kidney\Normal\Normal- (4834).jpg,Normal,0
D:\Final Sem Project\KidneyStoneAI\datasets\raw\classification\ct-kidney\Stone\Stone- (1091).jpg,Stone,1
D:\Final Sem Project\KidneyStoneAI\datasets\raw\classification\ct-kidney\Normal\Normal- (2209).jpg,Normal,0
D:\Final Sem Project\KidneyStoneAI\datasets\raw\classification\ct-kidney\Normal\Normal- (1158).jpg,Normal,0
D:\Final Sem Project\KidneyStoneAI\datasets\raw\classification\ct-kidney\Normal\Normal- (3766).jpg,Normal,0
D:\Final Sem Project\KidneyStoneAI\datasets\raw\classification\ct-kidney\Normal\Normal- (3440).jpg,Normal,0
D:\Final Sem Project\KidneyStoneAI\datasets\raw\classification\ct-kidney\Normal\Normal- (3608).jpg,Normal,0
D:\Final Sem Project\KidneyStoneAI\datasets\raw\classification\ct-kidney\Normal\Normal- (1562).jpg,Normal,0
D:\Final Sem Project\KidneyStoneAI\datasets\raw\classification\ct-kidney\Normal\Normal- (1116).jpg,Normal,0
D:\Final Sem Project\KidneyStoneAI\datasets\raw\classification\ct-kidney\Stone\Stone- (734).jpg,Stone,1
D:\Final Sem Project\KidneyStoneAI\datasets\raw\classification\ct-kidney\Normal\Normal- (4768).jpg,Normal,0
D:\Final Sem Project\KidneyStoneAI\datasets\raw\classification\ct-kidney\Normal\Normal- (2841).jpg,Normal,0
D:\Final Sem Project\KidneyStoneAI\datasets\raw\classification\ct-kidney\Normal\Normal- (4348).jpg,Normal,0
D:\Final Sem Project\KidneyStoneAI\datasets\raw\classification\ct-kidney\Normal\Normal- (3529).jpg,Normal,0
D:\Final Sem Project\KidneyStoneAI\datasets\raw\classification\ct-kidney\Normal\Normal- (1497).jpg,Normal,0
D:\Final Sem Project\KidneyStoneAI\datasets\raw\classification\ct-kidney\Normal\Normal- (938).jpg,Normal,0
D:\Final Sem Project\KidneyStoneAI\datasets\raw\classification\ct-kidney\Normal\Normal- (1817).jpg,Normal,0
D:\Final Sem Project\KidneyStoneAI\datasets\raw\classification\ct-kidney\Normal\Normal- (569).jpg,Normal,0
D:\Final Sem Project\KidneyStoneAI\datasets\raw\classification\ct-kidney\Normal\Normal- (2138).jpg,Normal,0
D:\Final Sem Project\KidneyStoneAI\datasets\raw\classification\ct-kidney\Stone\Stone- (128).jpg,Stone,1
D:\Final Sem Project\KidneyStoneAI\datasets\raw\classification\ct-kidney\Normal\Normal- (4081).jpg,Normal,0
D:\Final Sem Project\KidneyStoneAI\datasets\raw\classification\ct-kidney\Normal\Normal- (2791).jpg,Normal,0
D:\Final Sem Project\KidneyStoneAI\datasets\raw\classification\ct-kidney\Normal\Normal- (3661).jpg,Normal,0
D:\Final Sem Project\KidneyStoneAI\datasets\raw\classification\ct-kidney\Normal\Normal- (4372).jpg,Normal,0
D:\Final Sem Project\KidneyStoneAI\datasets\raw\classification\ct-kidney\Normal\Normal- (2375).jpg,Normal,0
D:\Final Sem Project\KidneyStoneAI\datasets\raw\classification\ct-kidney\Stone\Stone- (1279).jpg,Stone,1
D:\Final Sem Project\KidneyStoneAI\datasets\raw\classification\ct-kidney\Normal\Normal- (1154).jpg,Normal,0
D:\Final Sem Project\KidneyStoneAI\datasets\raw\classification\ct-kidney\Normal\Normal- (1503).jpg,Normal,0
D:\Final Sem Project\KidneyStoneAI\datasets\raw\classification\ct-kidney\Normal\Normal- (3493).jpg,Normal,0
D:\Final Sem Project\KidneyStoneAI\datasets\raw\classification\ct-kidney\Stone\Stone- (141).jpg,Stone,1
D:\Final Sem Project\KidneyStoneAI\datasets\raw\classification\ct-kidney\Stone\Stone- (748).jpg,Stone,1
D:\Final Sem Project\KidneyStoneAI\datasets\raw\classification\ct-kidney\Normal\Normal- (4138).jpg,Normal,0
D:\Final Sem Project\KidneyStoneAI\datasets\raw\classification\ct-kidney\Normal\Normal- (2557).jpg,Normal,0
D:\Final Sem Project\KidneyStoneAI\datasets\raw\classification\ct-kidney\Normal\Normal- (233).jpg,Normal,0
D:\Final Sem Project\KidneyStoneAI\datasets\raw\classification\ct-kidney\Stone\Stone- (507).jpg,Stone,1
D:\Final Sem Project\KidneyStoneAI\datasets\raw\classification\ct-kidney\Normal\Normal- (4481).jpg,Normal,0
D:\Final Sem Project\KidneyStoneAI\datasets\raw\classification\ct-kidney\Stone\Stone- (762).jpg,Stone,1
D:\Final Sem Project\KidneyStoneAI\datasets\raw\classification\ct-kidney\Normal\Normal- (285).jpg,Normal,0
D:\Final Sem Project\KidneyStoneAI\datasets\raw\classification\ct-kidney\Normal\Normal- (2604).jpg,Normal,0
D:\Final Sem Project\KidneyStoneAI\datasets\raw\classification\ct-kidney\Normal\Normal- (3278).jpg,Normal,0
D:\Final Sem Project\KidneyStoneAI\datasets\raw\classification\ct-kidney\Normal\Normal- (2904).jpg,Normal,0
D:\Final Sem Project\KidneyStoneAI\datasets\raw\classification\ct-kidney\Normal\Normal- (2297).jpg,Normal,0
D:\Final Sem Project\KidneyStoneAI\datasets\raw\classification\ct-kidney\Normal\Normal- (538).jpg,Normal,0
D:\Final Sem Project\KidneyStoneAI\datasets\raw\classification\ct-kidney\Stone\Stone- (824).jpg,Stone,1
D:\Final Sem Project\KidneyStoneAI\datasets\raw\classification\ct-kidney\Normal\Normal- (3030).jpg,Normal,0
D:\Final Sem Project\KidneyStoneAI\datasets\raw\classification\ct-kidney\Normal\Normal- (4142).jpg,Normal,0
D:\Final Sem Project\KidneyStoneAI\datasets\raw\classification\ct-kidney\Stone\Stone- (1170).jpg,Stone,1
D:\Final Sem Project\KidneyStoneAI\datasets\raw\classification\ct-kidney\Normal\Normal- (1483).jpg,Normal,0
D:\Final Sem Project\KidneyStoneAI\datasets\raw\classification\ct-kidney\Normal\Normal- (4980).jpg,Normal,0
D:\Final Sem Project\KidneyStoneAI\datasets\raw\classification\ct-kidney\Normal\Normal- (3648).jpg,Normal,0
D:\Final Sem Project\KidneyStoneAI\datasets\raw\classification\ct-kidney\Stone\Stone- (1254).jpg,Stone,1
D:\Final Sem Project\KidneyStoneAI\datasets\raw\classification\ct-kidney\Normal\Normal- (1629).jpg,Normal,0
D:\Final Sem Project\KidneyStoneAI\datasets\raw\classification\ct-kidney\Stone\Stone- (23).jpg,Stone,1
D:\Final Sem Project\KidneyStoneAI\datasets\raw\classification\ct-kidney\Normal\Normal- (1281).jpg,Normal,0
D:\Final Sem Project\KidneyStoneAI\datasets\raw\classification\ct-kidney\Normal\Normal- (1976).jpg,Normal,0
D:\Final Sem Project\KidneyStoneAI\datasets\raw\classification\ct-kidney\Normal\Normal- (754).jpg,Normal,0
D:\Final Sem Project\KidneyStoneAI\datasets\raw\classification\ct-kidney\Normal\Normal- (3745).jpg,Normal,0
D:\Final Sem Project\KidneyStoneAI\datasets\raw\classification\ct-kidney\Normal\Normal- (1024).jpg,Normal,0
D:\Final Sem Project\KidneyStoneAI\datasets\raw\classification\ct-kidney\Normal\Normal- (4246).jpg,Normal,0
D:\Final Sem Project\KidneyStoneAI\datasets\raw\classification\ct-kidney\Stone\Stone- (935).jpg,Stone,1
D:\Final Sem Project\KidneyStoneAI\datasets\raw\classification\ct-kidney\Normal\Normal- (548).jpg,Normal,0
D:\Final Sem Project\KidneyStoneAI\datasets\raw\classification\ct-kidney\Normal\Normal- (1301).jpg,Normal,0
D:\Final Sem Project\KidneyStoneAI\datasets\raw\classification\ct-kidney\Normal\Normal- (12).jpg,Normal,0
D:\Final Sem Project\KidneyStoneAI\datasets\raw\classification\ct-kidney\Normal\Normal- (4152).jpg,Normal,0
D:\Final Sem Project\KidneyStoneAI\datasets\raw\classification\ct-kidney\Stone\Stone- (1284).jpg,Stone,1
D:\Final Sem Project\KidneyStoneAI\datasets\raw\classification\ct-kidney\Normal\Normal- (2114).jpg,Normal,0
D:\Final Sem Project\KidneyStoneAI\datasets\raw\classification\ct-kidney\Normal\Normal- (4797).jpg,Normal,0
D:\Final Sem Project\KidneyStoneAI\datasets\raw\classification\ct-kidney\Normal\Normal- (4192).jpg,Normal,0
D:\Final Sem Project\KidneyStoneAI\datasets\raw\classification\ct-kidney\Normal\Normal- (4809).jpg,Normal,0
D:\Final Sem Project\KidneyStoneAI\datasets\raw\classification\ct-kidney\Stone\Stone- (566).jpg,Stone,1
D:\Final Sem Project\KidneyStoneAI\datasets\raw\classification\ct-kidney\Normal\Normal- (2632).jpg,Normal,0
D:\Final Sem Project\KidneyStoneAI\datasets\raw\classification\ct-kidney\Normal\Normal- (1274).jpg,Normal,0
D:\Final Sem Project\KidneyStoneAI\datasets\raw\classification\ct-kidney\Normal\Normal- (3357).jpg,Normal,0
D:\Final Sem Project\KidneyStoneAI\datasets\raw\classification\ct-kidney\Normal\Normal- (4368).jpg,Normal,0
D:\Final Sem Project\KidneyStoneAI\datasets\raw\classification\ct-kidney\Normal\Normal- (3849).jpg,Normal,0
D:\Final Sem Project\KidneyStoneAI\datasets\raw\classification\ct-kidney\Normal\Normal- (3045).jpg,Normal,0
D:\Final Sem Project\KidneyStoneAI\datasets\raw\classification\ct-kidney\Normal\Normal- (937).jpg,Normal,0
D:\Final Sem Project\KidneyStoneAI\datasets\raw\classification\ct-kidney\Stone\Stone- (782).jpg,Stone,1
D:\Final Sem Project\KidneyStoneAI\datasets\raw\classification\ct-kidney\Normal\Normal- (4004).jpg,Normal,0
D:\Final Sem Project\KidneyStoneAI\datasets\raw\classification\ct-kidney\Normal\Normal- (390).jpg,Normal,0
D:\Final Sem Project\KidneyStoneAI\datasets\raw\classification\ct-kidney\Normal\Normal- (303).jpg,Normal,0
D:\Final Sem Project\KidneyStoneAI\datasets\raw\classification\ct-kidney\Normal\Normal- (4917).jpg,Normal,0
D:\Final Sem Project\KidneyStoneAI\datasets\raw\classification\ct-kidney\Normal\Normal- (112).jpg,Normal,0
D:\Final Sem Project\KidneyStoneAI\datasets\raw\classification\ct-kidney\Normal\Normal- (4549).jpg,Normal,0
D:\Final Sem Project\KidneyStoneAI\datasets\raw\classification\ct-kidney\Stone\Stone- (1298).jpg,Stone,1
D:\Final Sem Project\KidneyStoneAI\datasets\raw\classification\ct-kidney\Stone\Stone- (1300).jpg,Stone,1
D:\Final Sem Project\KidneyStoneAI\datasets\raw\classification\ct-kidney\Normal\Normal- (2262).jpg,Normal,0
D:\Final Sem Project\KidneyStoneAI\datasets\raw\classification\ct-kidney\Normal\Normal- (2689).jpg,Normal,0
D:\Final Sem Project\KidneyStoneAI\datasets\raw\classification\ct-kidney\Normal\Normal- (3530).jpg,Normal,0
D:\Final Sem Project\KidneyStoneAI\datasets\raw\classification\ct-kidney\Normal\Normal- (1203).jpg,Normal,0
D:\Final Sem Project\KidneyStoneAI\datasets\raw\classification\ct-kidney\Normal\Normal- (1094).jpg,Normal,0
D:\Final Sem Project\KidneyStoneAI\datasets\raw\classification\ct-kidney\Normal\Normal- (2991).jpg,Normal,0
D:\Final Sem Project\KidneyStoneAI\datasets\raw\classification\ct-kidney\Normal\Normal- (619).jpg,Normal,0
D:\Final Sem Project\KidneyStoneAI\datasets\raw\classification\ct-kidney\Normal\Normal- (758).jpg,Normal,0
D:\Final Sem Project\KidneyStoneAI\datasets\raw\classification\ct-kidney\Normal\Normal- (214).jpg,Normal,0
D:\Final Sem Project\KidneyStoneAI\datasets\raw\classification\ct-kidney\Normal\Normal- (2351).jpg,Normal,0
D:\Final Sem Project\KidneyStoneAI\datasets\raw\classification\ct-kidney\Stone\Stone- (233).jpg,Stone,1
D:\Final Sem Project\KidneyStoneAI\datasets\raw\classification\ct-kidney\Normal\Normal- (4681).jpg,Normal,0
D:\Final Sem Project\KidneyStoneAI\datasets\raw\classification\ct-kidney\Normal\Normal- (2504).jpg,Normal,0
D:\Final Sem Project\KidneyStoneAI\datasets\raw\classification\ct-kidney\Stone\Stone- (723).jpg,Stone,1
D:\Final Sem Project\KidneyStoneAI\datasets\raw\classification\ct-kidney\Normal\Normal- (2769).jpg,Normal,0
D:\Final Sem Project\KidneyStoneAI\datasets\raw\classification\ct-kidney\Normal\Normal- (378).jpg,Normal,0
D:\Final Sem Project\KidneyStoneAI\datasets\raw\classification\ct-kidney\Normal\Normal- (2915).jpg,Normal,0
D:\Final Sem Project\KidneyStoneAI\datasets\raw\classification\ct-kidney\Normal\Normal- (1760).jpg,Normal,0
D:\Final Sem Project\KidneyStoneAI\datasets\raw\classification\ct-kidney\Stone\Stone- (220).jpg,Stone,1
D:\Final Sem Project\KidneyStoneAI\datasets\raw\classification\ct-kidney\Normal\Normal- (1831).jpg,Normal,0
D:\Final Sem Project\KidneyStoneAI\datasets\raw\classification\ct-kidney\Normal\Normal- (2563).jpg,Normal,0
D:\Final Sem Project\KidneyStoneAI\datasets\raw\classification\ct-kidney\Stone\Stone- (1242).jpg,Stone,1
D:\Final Sem Project\KidneyStoneAI\datasets\raw\classification\ct-kidney\Normal\Normal- (1276).jpg,Normal,0
D:\Final Sem Project\KidneyStoneAI\datasets\raw\classification\ct-kidney\Stone\Stone- (133).jpg,Stone,1
D:\Final Sem Project\KidneyStoneAI\datasets\raw\classification\ct-kidney\Normal\Normal- (467).jpg,Normal,0
D:\Final Sem Project\KidneyStoneAI\datasets\raw\classification\ct-kidney\Stone\Stone- (849).jpg,Stone,1
D:\Final Sem Project\KidneyStoneAI\datasets\raw\classification\ct-kidney\Stone\Stone- (729).jpg,Stone,1
D:\Final Sem Project\KidneyStoneAI\datasets\raw\classification\ct-kidney\Normal\Normal- (2491).jpg,Normal,0
D:\Final Sem Project\KidneyStoneAI\datasets\raw\classification\ct-kidney\Stone\Stone- (100).jpg,Stone,1
D:\Final Sem Project\KidneyStoneAI\datasets\raw\classification\ct-kidney\Stone\Stone- (1247).jpg,Stone,1
D:\Final Sem Project\KidneyStoneAI\datasets\raw\classification\ct-kidney\Normal\Normal- (1543).jpg,Normal,0
D:\Final Sem Project\KidneyStoneAI\datasets\raw\classification\ct-kidney\Normal\Normal- (3749).jpg,Normal,0
D:\Final Sem Project\KidneyStoneAI\datasets\raw\classification\ct-kidney\Normal\Normal- (3955).jpg,Normal,0
D:\Final Sem Project\KidneyStoneAI\datasets\raw\classification\ct-kidney\Normal\Normal- (4712).jpg,Normal,0
D:\Final Sem Project\KidneyStoneAI\datasets\raw\classification\ct-kidney\Normal\Normal- (596).jpg,Normal,0
D:\Final Sem Project\KidneyStoneAI\datasets\raw\classification\ct-kidney\Normal\Normal- (2492).jpg,Normal,0
D:\Final Sem Project\KidneyStoneAI\datasets\raw\classification\ct-kidney\Normal\Normal- (4480).jpg,Normal,0
D:\Final Sem Project\KidneyStoneAI\datasets\raw\classification\ct-kidney\Normal\Normal- (3904).jpg,Normal,0
D:\Final Sem Project\KidneyStoneAI\datasets\raw\classification\ct-kidney\Stone\Stone- (1308).jpg,Stone,1
D:\Final Sem Project\KidneyStoneAI\datasets\raw\classification\ct-kidney\Normal\Normal- (3483).jpg,Normal,0
D:\Final Sem Project\KidneyStoneAI\datasets\raw\classification\ct-kidney\Normal\Normal- (3856).jpg,Normal,0
D:\Final Sem Project\KidneyStoneAI\datasets\raw\classification\ct-kidney\Normal\Normal- (849).jpg,Normal,0
D:\Final Sem Project\KidneyStoneAI\datasets\raw\classification\ct-kidney\Normal\Normal- (4018).jpg,Normal,0
D:\Final Sem Project\KidneyStoneAI\datasets\raw\classification\ct-kidney\Normal\Normal- (4415).jpg,Normal,0
D:\Final Sem Project\KidneyStoneAI\datasets\raw\classification\ct-kidney\Stone\Stone- (583).jpg,Stone,1
D:\Final Sem Project\KidneyStoneAI\datasets\raw\classification\ct-kidney\Normal\Normal- (3071).jpg,Normal,0
D:\Final Sem Project\KidneyStoneAI\datasets\raw\classification\ct-kidney\Stone\Stone- (800).jpg,Stone,1
D:\Final Sem Project\KidneyStoneAI\datasets\raw\classification\ct-kidney\Normal\Normal- (3622).jpg,Normal,0
D:\Final Sem Project\KidneyStoneAI\datasets\raw\classification\ct-kidney\Normal\Normal- (3356).jpg,Normal,0
D:\Final Sem Project\KidneyStoneAI\datasets\raw\classification\ct-kidney\Normal\Normal- (108).jpg,Normal,0
D:\Final Sem Project\KidneyStoneAI\datasets\raw\classification\ct-kidney\Normal\Normal- (1842).jpg,Normal,0
D:\Final Sem Project\KidneyStoneAI\datasets\raw\classification\ct-kidney\Normal\Normal- (4792).jpg,Normal,0
D:\Final Sem Project\KidneyStoneAI\datasets\raw\classification\ct-kidney\Normal\Normal- (4538).jpg,Normal,0
D:\Final Sem Project\KidneyStoneAI\datasets\raw\classification\ct-kidney\Normal\Normal- (2635).jpg,Normal,0
D:\Final Sem Project\KidneyStoneAI\datasets\raw\classification\ct-kidney\Normal\Normal- (4883).jpg,Normal,0
D:\Final Sem Project\KidneyStoneAI\datasets\raw\classification\ct-kidney\Stone\Stone- (558).jpg,Stone,1
D:\Final Sem Project\KidneyStoneAI\datasets\raw\classification\ct-kidney\Normal\Normal- (2660).jpg,Normal,0
D:\Final Sem Project\KidneyStoneAI\datasets\raw\classification\ct-kidney\Normal\Normal- (3937).jpg,Normal,0
D:\Final Sem Project\KidneyStoneAI\datasets\raw\classification\ct-kidney\Stone\Stone- (798).jpg,Stone,1
D:\Final Sem Project\KidneyStoneAI\datasets\raw\classification\ct-kidney\Normal\Normal- (4729).jpg,Normal,0
D:\Final Sem Project\KidneyStoneAI\datasets\raw\classification\ct-kidney\Normal\Normal- (3481).jpg,Normal,0
D:\Final Sem Project\KidneyStoneAI\datasets\raw\classification\ct-kidney\Stone\Stone- (926).jpg,Stone,1
D:\Final Sem Project\KidneyStoneAI\datasets\raw\classification\ct-kidney\Normal\Normal- (4870).jpg,Normal,0
D:\Final Sem Project\KidneyStoneAI\datasets\raw\classification\ct-kidney\Normal\Normal- (3527).jpg,Normal,0
D:\Final Sem Project\KidneyStoneAI\datasets\raw\classification\ct-kidney\Stone\Stone- (1221).jpg,Stone,1
D:\Final Sem Project\KidneyStoneAI\datasets\raw\classification\ct-kidney\Normal\Normal- (476).jpg,Normal,0
D:\Final Sem Project\KidneyStoneAI\datasets\raw\classification\ct-kidney\Stone\Stone- (669).jpg,Stone,1
D:\Final Sem Project\KidneyStoneAI\datasets\raw\classification\ct-kidney\Normal\Normal- (1299).jpg,Normal,0
D:\Final Sem Project\KidneyStoneAI\datasets\raw\classification\ct-kidney\Normal\Normal- (376).jpg,Normal,0
D:\Final Sem Project\KidneyStoneAI\datasets\raw\classification\ct-kidney\Normal\Normal- (3855).jpg,Normal,0
D:\Final Sem Project\KidneyStoneAI\datasets\raw\classification\ct-kidney\Normal\Normal- (388).jpg,Normal,0
D:\Final Sem Project\KidneyStoneAI\datasets\raw\classification\ct-kidney\Normal\Normal- (265).jpg,Normal,0
D:\Final Sem Project\KidneyStoneAI\datasets\raw\classification\ct-kidney\Normal\Normal- (1974).jpg,Normal,0
D:\Final Sem Project\KidneyStoneAI\datasets\raw\classification\ct-kidney\Normal\Normal- (400).jpg,Normal,0
D:\Final Sem Project\KidneyStoneAI\datasets\raw\classification\ct-kidney\Normal\Normal- (846).jpg,Normal,0
D:\Final Sem Project\KidneyStoneAI\datasets\raw\classification\ct-kidney\Normal\Normal- (2252).jpg,Normal,0
D:\Final Sem Project\KidneyStoneAI\datasets\raw\classification\ct-kidney\Normal\Normal- (2123).jpg,Normal,0
D:\Final Sem Project\KidneyStoneAI\datasets\raw\classification\ct-kidney\Stone\Stone- (1265).jpg,Stone,1
D:\Final Sem Project\KidneyStoneAI\datasets\raw\classification\ct-kidney\Normal\Normal- (2064).jpg,Normal,0
D:\Final Sem Project\KidneyStoneAI\datasets\raw\classification\ct-kidney\Normal\Normal- (885).jpg,Normal,0
D:\Final Sem Project\KidneyStoneAI\datasets\raw\classification\ct-kidney\Normal\Normal- (4865).jpg,Normal,0
D:\Final Sem Project\KidneyStoneAI\datasets\raw\classification\ct-kidney\Normal\Normal- (3763).jpg,Normal,0
D:\Final Sem Project\KidneyStoneAI\datasets\raw\classification\ct-kidney\Normal\Normal- (4783).jpg,Normal,0
D:\Final Sem Project\KidneyStoneAI\datasets\raw\classification\ct-kidney\Stone\Stone- (96).jpg,Stone,1
D:\Final Sem Project\KidneyStoneAI\datasets\raw\classification\ct-kidney\Normal\Normal- (2457).jpg,Normal,0
D:\Final Sem Project\KidneyStoneAI\datasets\raw\classification\ct-kidney\Stone\Stone- (366).jpg,Stone,1
D:\Final Sem Project\KidneyStoneAI\datasets\raw\classification\ct-kidney\Normal\Normal- (2662).jpg,Normal,0
D:\Final Sem Project\KidneyStoneAI\datasets\raw\classification\ct-kidney\Normal\Normal- (2350).jpg,Normal,0
D:\Final Sem Project\KidneyStoneAI\datasets\raw\classification\ct-kidney\Normal\Normal- (972).jpg,Normal,0
D:\Final Sem Project\KidneyStoneAI\datasets\raw\classification\ct-kidney\Normal\Normal- (377).jpg,Normal,0
D:\Final Sem Project\KidneyStoneAI\datasets\raw\classification\ct-kidney\Normal\Normal- (1561).jpg,Normal,0
D:\Final Sem Project\KidneyStoneAI\datasets\raw\classification\ct-kidney\Normal\Normal- (2132).jpg,Normal,0
D:\Final Sem Project\KidneyStoneAI\datasets\raw\classification\ct-kidney\Normal\Normal- (2134).jpg,Normal,0
D:\Final Sem Project\KidneyStoneAI\datasets\raw\classification\ct-kidney\Normal\Normal- (4994).jpg,Normal,0
D:\Final Sem Project\KidneyStoneAI\datasets\raw\classification\ct-kidney\Normal\Normal- (3521).jpg,Normal,0
D:\Final Sem Project\KidneyStoneAI\datasets\raw\classification\ct-kidney\Normal\Normal- (634).jpg,Normal,0
D:\Final Sem Project\KidneyStoneAI\datasets\raw\classification\ct-kidney\Stone\Stone- (919).jpg,Stone,1
D:\Final Sem Project\KidneyStoneAI\datasets\raw\classification\ct-kidney\Stone\Stone- (656).jpg,Stone,1
D:\Final Sem Project\KidneyStoneAI\datasets\raw\classification\ct-kidney\Normal\Normal- (1388).jpg,Normal,0
D:\Final Sem Project\KidneyStoneAI\datasets\raw\classification\ct-kidney\Normal\Normal- (4716).jpg,Normal,0
D:\Final Sem Project\KidneyStoneAI\datasets\raw\classification\ct-kidney\Normal\Normal- (579).jpg,Normal,0
D:\Final Sem Project\KidneyStoneAI\datasets\raw\classification\ct-kidney\Normal\Normal- (641).jpg,Normal,0
D:\Final Sem Project\KidneyStoneAI\datasets\raw\classification\ct-kidney\Normal\Normal- (3517).jpg,Normal,0
D:\Final Sem Project\KidneyStoneAI\datasets\raw\classification\ct-kidney\Normal\Normal- (3262).jpg,Normal,0
D:\Final Sem Project\KidneyStoneAI\datasets\raw\classification\ct-kidney\Normal\Normal- (1008).jpg,Normal,0
D:\Final Sem Project\KidneyStoneAI\datasets\raw\classification\ct-kidney\Stone\Stone- (733).jpg,Stone,1
D:\Final Sem Project\KidneyStoneAI\datasets\raw\classification\ct-kidney\Normal\Normal- (1529).jpg,Normal,0
D:\Final Sem Project\KidneyStoneAI\datasets\raw\classification\ct-kidney\Stone\Stone- (599).jpg,Stone,1
D:\Final Sem Project\KidneyStoneAI\datasets\raw\classification\ct-kidney\Normal\Normal- (2473).jpg,Normal,0
D:\Final Sem Project\KidneyStoneAI\datasets\raw\classification\ct-kidney\Normal\Normal- (2470).jpg,Normal,0
D:\Final Sem Project\KidneyStoneAI\datasets\raw\classification\ct-kidney\Stone\Stone- (16).jpg,Stone,1
D:\Final Sem Project\KidneyStoneAI\datasets\raw\classification\ct-kidney\Normal\Normal- (170).jpg,Normal,0
D:\Final Sem Project\KidneyStoneAI\datasets\raw\classification\ct-kidney\Normal\Normal- (3267).jpg,Normal,0
D:\Final Sem Project\KidneyStoneAI\datasets\raw\classification\ct-kidney\Normal\Normal- (995).jpg,Normal,0
D:\Final Sem Project\KidneyStoneAI\datasets\raw\classification\ct-kidney\Stone\Stone- (450).jpg,Stone,1
D:\Final Sem Project\KidneyStoneAI\datasets\raw\classification\ct-kidney\Normal\Normal- (3556).jpg,Normal,0
D:\Final Sem Project\KidneyStoneAI\datasets\raw\classification\ct-kidney\Normal\Normal- (4970).jpg,Normal,0
D:\Final Sem Project\KidneyStoneAI\datasets\raw\classification\ct-kidney\Stone\Stone- (952).jpg,Stone,1
D:\Final Sem Project\KidneyStoneAI\datasets\raw\classification\ct-kidney\Normal\Normal- (4458).jpg,Normal,0
D:\Final Sem Project\KidneyStoneAI\datasets\raw\classification\ct-kidney\Stone\Stone- (1139).jpg,Stone,1
D:\Final Sem Project\KidneyStoneAI\datasets\raw\classification\ct-kidney\Normal\Normal- (2336).jpg,Normal,0
D:\Final Sem Project\KidneyStoneAI\datasets\raw\classification\ct-kidney\Normal\Normal- (1567).jpg,Normal,0
D:\Final Sem Project\KidneyStoneAI\datasets\raw\classification\ct-kidney\Normal\Normal- (149).jpg,Normal,0
D:\Final Sem Project\KidneyStoneAI\datasets\raw\classification\ct-kidney\Normal\Normal- (4985).jpg,Normal,0
D:\Final Sem Project\KidneyStoneAI\datasets\raw\classification\ct-kidney\Normal\Normal- (4733).jpg,Normal,0
D:\Final Sem Project\KidneyStoneAI\datasets\raw\classification\ct-kidney\Normal\Normal- (4553).jpg,Normal,0
D:\Final Sem Project\KidneyStoneAI\datasets\raw\classification\ct-kidney\Normal\Normal- (1981).jpg,Normal,0
D:\Final Sem Project\KidneyStoneAI\datasets\raw\classification\ct-kidney\Normal\Normal- (1310).jpg,Normal,0
D:\Final Sem Project\KidneyStoneAI\datasets\raw\classification\ct-kidney\Normal\Normal- (620).jpg,Normal,0
D:\Final Sem Project\KidneyStoneAI\datasets\raw\classification\ct-kidney\Normal\Normal- (3845).jpg,Normal,0
D:\Final Sem Project\KidneyStoneAI\datasets\raw\classification\ct-kidney\Normal\Normal- (4903).jpg,Normal,0
D:\Final Sem Project\KidneyStoneAI\datasets\raw\classification\ct-kidney\Normal\Normal- (3549).jpg,Normal,0
D:\Final Sem Project\KidneyStoneAI\datasets\raw\classification\ct-kidney\Normal\Normal- (791).jpg,Normal,0
D:\Final Sem Project\KidneyStoneAI\datasets\raw\classification\ct-kidney\Normal\Normal- (1910).jpg,Normal,0
D:\Final Sem Project\KidneyStoneAI\datasets\raw\classification\ct-kidney\Stone\Stone- (104).jpg,Stone,1
D:\Final Sem Project\KidneyStoneAI\datasets\raw\classification\ct-kidney\Normal\Normal- (4067).jpg,Normal,0
D:\Final Sem Project\KidneyStoneAI\datasets\raw\classification\ct-kidney\Normal\Normal- (4901).jpg,Normal,0
D:\Final Sem Project\KidneyStoneAI\datasets\raw\classification\ct-kidney\Normal\Normal- (36).jpg,Normal,0
D:\Final Sem Project\KidneyStoneAI\datasets\raw\classification\ct-kidney\Stone\Stone- (897).jpg,Stone,1
D:\Final Sem Project\KidneyStoneAI\datasets\raw\classification\ct-kidney\Normal\Normal- (156).jpg,Normal,0
D:\Final Sem Project\KidneyStoneAI\datasets\raw\classification\ct-kidney\Normal\Normal- (1297).jpg,Normal,0
D:\Final Sem Project\KidneyStoneAI\datasets\raw\classification\ct-kidney\Stone\Stone- (923).jpg,Stone,1
D:\Final Sem Project\KidneyStoneAI\datasets\raw\classification\ct-kidney\Normal\Normal- (3644).jpg,Normal,0
D:\Final Sem Project\KidneyStoneAI\datasets\raw\classification\ct-kidney\Stone\Stone- (498).jpg,Stone,1
D:\Final Sem Project\KidneyStoneAI\datasets\raw\classification\ct-kidney\Normal\Normal- (584).jpg,Normal,0
D:\Final Sem Project\KidneyStoneAI\datasets\raw\classification\ct-kidney\Normal\Normal- (586).jpg,Normal,0
D:\Final Sem Project\KidneyStoneAI\datasets\raw\classification\ct-kidney\Normal\Normal- (2359).jpg,Normal,0
D:\Final Sem Project\KidneyStoneAI\datasets\raw\classification\ct-kidney\Normal\Normal- (2817).jpg,Normal,0
D:\Final Sem Project\KidneyStoneAI\datasets\raw\classification\ct-kidney\Normal\Normal- (4638).jpg,Normal,0
D:\Final Sem Project\KidneyStoneAI\datasets\raw\classification\ct-kidney\Normal\Normal- (386).jpg,Normal,0
D:\Final Sem Project\KidneyStoneAI\datasets\raw\classification\ct-kidney\Normal\Normal- (1002).jpg,Normal,0
D:\Final Sem Project\KidneyStoneAI\datasets\raw\classification\ct-kidney\Normal\Normal- (3346).jpg,Normal,0
D:\Final Sem Project\KidneyStoneAI\datasets\raw\classification\ct-kidney\Stone\Stone- (787).jpg,Stone,1
D:\Final Sem Project\KidneyStoneAI\datasets\raw\classification\ct-kidney\Normal\Normal- (2357).jpg,Normal,0
D:\Final Sem Project\KidneyStoneAI\datasets\raw\classification\ct-kidney\Normal\Normal- (1379).jpg,Normal,0
D:\Final Sem Project\KidneyStoneAI\datasets\raw\classification\ct-kidney\Normal\Normal- (2998).jpg,Normal,0
D:\Final Sem Project\KidneyStoneAI\datasets\raw\classification\ct-kidney\Normal\Normal- (3891).jpg,Normal,0
D:\Final Sem Project\KidneyStoneAI\datasets\raw\classification\ct-kidney\Normal\Normal- (15).jpg,Normal,0
D:\Final Sem Project\KidneyStoneAI\datasets\raw\classification\ct-kidney\Normal\Normal- (3188).jpg,Normal,0
D:\Final Sem Project\KidneyStoneAI\datasets\raw\classification\ct-kidney\Normal\Normal- (1250).jpg,Normal,0
D:\Final Sem Project\KidneyStoneAI\datasets\raw\classification\ct-kidney\Normal\Normal- (4762).jpg,Normal,0
D:\Final Sem Project\KidneyStoneAI\datasets\raw\classification\ct-kidney\Normal\Normal- (4431).jpg,Normal,0
D:\Final Sem Project\KidneyStoneAI\datasets\raw\classification\ct-kidney\Normal\Normal- (2552).jpg,Normal,0
D:\Final Sem Project\KidneyStoneAI\datasets\raw\classification\ct-kidney\Normal\Normal- (1537).jpg,Normal,0
D:\Final Sem Project\KidneyStoneAI\datasets\raw\classification\ct-kidney\Normal\Normal- (2181).jpg,Normal,0
D:\Final Sem Project\KidneyStoneAI\datasets\raw\classification\ct-kidney\Stone\Stone- (896).jpg,Stone,1
D:\Final Sem Project\KidneyStoneAI\datasets\raw\classification\ct-kidney\Stone\Stone- (457).jpg,Stone,1
D:\Final Sem Project\KidneyStoneAI\datasets\raw\classification\ct-kidney\Normal\Normal- (887).jpg,Normal,0
D:\Final Sem Project\KidneyStoneAI\datasets\raw\classification\ct-kidney\Normal\Normal- (1193).jpg,Normal,0
D:\Final Sem Project\KidneyStoneAI\datasets\raw\classification\ct-kidney\Normal\Normal- (2376).jpg,Normal,0
D:\Final Sem Project\KidneyStoneAI\datasets\raw\classification\ct-kidney\Stone\Stone- (65).jpg,Stone,1
D:\Final Sem Project\KidneyStoneAI\datasets\raw\classification\ct-kidney\Normal\Normal- (2647).jpg,Normal,0
D:\Final Sem Project\KidneyStoneAI\datasets\raw\classification\ct-kidney\Stone\Stone- (1290).jpg,Stone,1
D:\Final Sem Project\KidneyStoneAI\datasets\raw\classification\ct-kidney\Normal\Normal- (1919).jpg,Normal,0
D:\Final Sem Project\KidneyStoneAI\datasets\raw\classification\ct-kidney\Normal\Normal- (4078).jpg,Normal,0
D:\Final Sem Project\KidneyStoneAI\datasets\raw\classification\ct-kidney\Stone\Stone- (1035).jpg,Stone,1
D:\Final Sem Project\KidneyStoneAI\datasets\raw\classification\ct-kidney\Normal\Normal- (1856).jpg,Normal,0
D:\Final Sem Project\KidneyStoneAI\datasets\raw\classification\ct-kidney\Normal\Normal- (4204).jpg,Normal,0
D:\Final Sem Project\KidneyStoneAI\datasets\raw\classification\ct-kidney\Normal\Normal- (5052).jpg,Normal,0
D:\Final Sem Project\KidneyStoneAI\datasets\raw\classification\ct-kidney\Normal\Normal- (2891).jpg,Normal,0
D:\Final Sem Project\KidneyStoneAI\datasets\raw\classification\ct-kidney\Normal\Normal- (3972).jpg,Normal,0
D:\Final Sem Project\KidneyStoneAI\datasets\raw\classification\ct-kidney\Normal\Normal- (1202).jpg,Normal,0
D:\Final Sem Project\KidneyStoneAI\datasets\raw\classification\ct-kidney\Normal\Normal- (4531).jpg,Normal,0
D:\Final Sem Project\KidneyStoneAI\datasets\raw\classification\ct-kidney\Stone\Stone- (982).jpg,Stone,1
D:\Final Sem Project\KidneyStoneAI\datasets\raw\classification\ct-kidney\Stone\Stone- (627).jpg,Stone,1
D:\Final Sem Project\KidneyStoneAI\datasets\raw\classification\ct-kidney\Normal\Normal- (1108).jpg,Normal,0
D:\Final Sem Project\KidneyStoneAI\datasets\raw\classification\ct-kidney\Normal\Normal- (35).jpg,Normal,0
D:\Final Sem Project\KidneyStoneAI\datasets\raw\classification\ct-kidney\Normal\Normal- (650).jpg,Normal,0
D:\Final Sem Project\KidneyStoneAI\datasets\raw\classification\ct-kidney\Normal\Normal- (4162).jpg,Normal,0
D:\Final Sem Project\KidneyStoneAI\datasets\raw\classification\ct-kidney\Stone\Stone- (1261).jpg,Stone,1
D:\Final Sem Project\KidneyStoneAI\datasets\raw\classification\ct-kidney\Stone\Stone- (827).jpg,Stone,1
D:\Final Sem Project\KidneyStoneAI\datasets\raw\classification\ct-kidney\Normal\Normal- (275).jpg,Normal,0
D:\Final Sem Project\KidneyStoneAI\datasets\raw\classification\ct-kidney\Stone\Stone- (1340).jpg,Stone,1
D:\Final Sem Project\KidneyStoneAI\datasets\raw\classification\ct-kidney\Normal\Normal- (2394).jpg,Normal,0
D:\Final Sem Project\KidneyStoneAI\datasets\raw\classification\ct-kidney\Stone\Stone- (337).jpg,Stone,1
D:\Final Sem Project\KidneyStoneAI\datasets\raw\classification\ct-kidney\Normal\Normal- (2366).jpg,Normal,0
D:\Final Sem Project\KidneyStoneAI\datasets\raw\classification\ct-kidney\Normal\Normal- (59).jpg,Normal,0
D:\Final Sem Project\KidneyStoneAI\datasets\raw\classification\ct-kidney\Normal\Normal- (236).jpg,Normal,0
D:\Final Sem Project\KidneyStoneAI\datasets\raw\classification\ct-kidney\Normal\Normal- (2834).jpg,Normal,0
D:\Final Sem Project\KidneyStoneAI\datasets\raw\classification\ct-kidney\Normal\Normal- (610).jpg,Normal,0
D:\Final Sem Project\KidneyStoneAI\datasets\raw\classification\ct-kidney\Normal\Normal- (1586).jpg,Normal,0
D:\Final Sem Project\KidneyStoneAI\datasets\raw\classification\ct-kidney\Normal\Normal- (4380).jpg,Normal,0
D:\Final Sem Project\KidneyStoneAI\datasets\raw\classification\ct-kidney\Stone\Stone- (1082).jpg,Stone,1
D:\Final Sem Project\KidneyStoneAI\datasets\raw\classification\ct-kidney\Normal\Normal- (3560).jpg,Normal,0
D:\Final Sem Project\KidneyStoneAI\datasets\raw\classification\ct-kidney\Stone\Stone- (82).jpg,Stone,1
D:\Final Sem Project\KidneyStoneAI\datasets\raw\classification\ct-kidney\Normal\Normal- (3508).jpg,Normal,0
D:\Final Sem Project\KidneyStoneAI\datasets\raw\classification\ct-kidney\Stone\Stone- (806).jpg,Stone,1
D:\Final Sem Project\KidneyStoneAI\datasets\raw\classification\ct-kidney\Normal\Normal- (2792).jpg,Normal,0
D:\Final Sem Project\KidneyStoneAI\datasets\raw\classification\ct-kidney\Normal\Normal- (993).jpg,Normal,0
D:\Final Sem Project\KidneyStoneAI\datasets\raw\classification\ct-kidney\Normal\Normal- (5009).jpg,Normal,0
D:\Final Sem Project\KidneyStoneAI\datasets\raw\classification\ct-kidney\Normal\Normal- (844).jpg,Normal,0
D:\Final Sem Project\KidneyStoneAI\datasets\raw\classification\ct-kidney\Stone\Stone- (2).jpg,Stone,1
D:\Final Sem Project\KidneyStoneAI\datasets\raw\classification\ct-kidney\Normal\Normal- (3222).jpg,Normal,0
D:\Final Sem Project\KidneyStoneAI\datasets\raw\classification\ct-kidney\Stone\Stone- (1006).jpg,Stone,1
D:\Final Sem Project\KidneyStoneAI\datasets\raw\classification\ct-kidney\Normal\Normal- (806).jpg,Normal,0
D:\Final Sem Project\KidneyStoneAI\datasets\raw\classification\ct-kidney\Normal\Normal- (1048).jpg,Normal,0
D:\Final Sem Project\KidneyStoneAI\datasets\raw\classification\ct-kidney\Normal\Normal- (3697).jpg,Normal,0
D:\Final Sem Project\KidneyStoneAI\datasets\raw\classification\ct-kidney\Normal\Normal- (3414).jpg,Normal,0
D:\Final Sem Project\KidneyStoneAI\datasets\raw\classification\ct-kidney\Normal\Normal- (3097).jpg,Normal,0
D:\Final Sem Project\KidneyStoneAI\datasets\raw\classification\ct-kidney\Normal\Normal- (2535).jpg,Normal,0
D:\Final Sem Project\KidneyStoneAI\datasets\raw\classification\ct-kidney\Normal\Normal- (148).jpg,Normal,0
D:\Final Sem Project\KidneyStoneAI\datasets\raw\classification\ct-kidney\Normal\Normal- (3103).jpg,Normal,0
D:\Final Sem Project\KidneyStoneAI\datasets\raw\classification\ct-kidney\Stone\Stone- (320).jpg,Stone,1
D:\Final Sem Project\KidneyStoneAI\datasets\raw\classification\ct-kidney\Normal\Normal- (692).jpg,Normal,0
D:\Final Sem Project\KidneyStoneAI\datasets\raw\classification\ct-kidney\Normal\Normal- (2095).jpg,Normal,0
D:\Final Sem Project\KidneyStoneAI\datasets\raw\classification\ct-kidney\Normal\Normal- (2076).jpg,Normal,0
D:\Final Sem Project\KidneyStoneAI\datasets\raw\classification\ct-kidney\Normal\Normal- (3637).jpg,Normal,0
D:\Final Sem Project\KidneyStoneAI\datasets\raw\classification\ct-kidney\Stone\Stone- (655).jpg,Stone,1
D:\Final Sem Project\KidneyStoneAI\datasets\raw\classification\ct-kidney\Normal\Normal- (2100).jpg,Normal,0
D:\Final Sem Project\KidneyStoneAI\datasets\raw\classification\ct-kidney\Stone\Stone- (852).jpg,Stone,1
D:\Final Sem Project\KidneyStoneAI\datasets\raw\classification\ct-kidney\Normal\Normal- (4176).jpg,Normal,0
D:\Final Sem Project\KidneyStoneAI\datasets\raw\classification\ct-kidney\Normal\Normal- (3814).jpg,Normal,0
D:\Final Sem Project\KidneyStoneAI\datasets\raw\classification\ct-kidney\Normal\Normal- (3752).jpg,Normal,0
D:\Final Sem Project\KidneyStoneAI\datasets\raw\classification\ct-kidney\Normal\Normal- (4877).jpg,Normal,0
D:\Final Sem Project\KidneyStoneAI\datasets\raw\classification\ct-kidney\Normal\Normal- (3145).jpg,Normal,0
D:\Final Sem Project\KidneyStoneAI\datasets\raw\classification\ct-kidney\Normal\Normal- (1631).jpg,Normal,0
D:\Final Sem Project\KidneyStoneAI\datasets\raw\classification\ct-kidney\Stone\Stone- (941).jpg,Stone,1
D:\Final Sem Project\KidneyStoneAI\datasets\raw\classification\ct-kidney\Stone\Stone- (397).jpg,Stone,1
D:\Final Sem Project\KidneyStoneAI\datasets\raw\classification\ct-kidney\Normal\Normal- (4006).jpg,Normal,0
D:\Final Sem Project\KidneyStoneAI\datasets\raw\classification\ct-kidney\Normal\Normal- (210).jpg,Normal,0
D:\Final Sem Project\KidneyStoneAI\datasets\raw\classification\ct-kidney\Normal\Normal- (578).jpg,Normal,0
D:\Final Sem Project\KidneyStoneAI\datasets\raw\classification\ct-kidney\Stone\Stone- (777).jpg,Stone,1
D:\Final Sem Project\KidneyStoneAI\datasets\raw\classification\ct-kidney\Normal\Normal- (1510).jpg,Normal,0
D:\Final Sem Project\KidneyStoneAI\datasets\raw\classification\ct-kidney\Normal\Normal- (2837).jpg,Normal,0
D:\Final Sem Project\KidneyStoneAI\datasets\raw\classification\ct-kidney\Normal\Normal- (4593).jpg,Normal,0
D:\Final Sem Project\KidneyStoneAI\datasets\raw\classification\ct-kidney\Normal\Normal- (1341).jpg,Normal,0
D:\Final Sem Project\KidneyStoneAI\datasets\raw\classification\ct-kidney\Stone\Stone- (1260).jpg,Stone,1
D:\Final Sem Project\KidneyStoneAI\datasets\raw\classification\ct-kidney\Normal\Normal- (1742).jpg,Normal,0
D:\Final Sem Project\KidneyStoneAI\datasets\raw\classification\ct-kidney\Normal\Normal- (3896).jpg,Normal,0
D:\Final Sem Project\KidneyStoneAI\datasets\raw\classification\ct-kidney\Normal\Normal- (2995).jpg,Normal,0
D:\Final Sem Project\KidneyStoneAI\datasets\raw\classification\ct-kidney\Normal\Normal- (3380).jpg,Normal,0
D:\Final Sem Project\KidneyStoneAI\datasets\raw\classification\ct-kidney\Normal\Normal- (3134).jpg,Normal,0
D:\Final Sem Project\KidneyStoneAI\datasets\raw\classification\ct-kidney\Normal\Normal- (4754).jpg,Normal,0
D:\Final Sem Project\KidneyStoneAI\datasets\raw\classification\ct-kidney\Normal\Normal- (122).jpg,Normal,0
D:\Final Sem Project\KidneyStoneAI\datasets\raw\classification\ct-kidney\Normal\Normal- (723).jpg,Normal,0
D:\Final Sem Project\KidneyStoneAI\datasets\raw\classification\ct-kidney\Stone\Stone- (1223).jpg,Stone,1
D:\Final Sem Project\KidneyStoneAI\datasets\raw\classification\ct-kidney\Normal\Normal- (3841).jpg,Normal,0
D:\Final Sem Project\KidneyStoneAI\datasets\raw\classification\ct-kidney\Stone\Stone- (241).jpg,Stone,1
D:\Final Sem Project\KidneyStoneAI\datasets\raw\classification\ct-kidney\Normal\Normal- (4105).jpg,Normal,0
D:\Final Sem Project\KidneyStoneAI\datasets\raw\classification\ct-kidney\Stone\Stone- (1171).jpg,Stone,1
D:\Final Sem Project\KidneyStoneAI\datasets\raw\classification\ct-kidney\Normal\Normal- (3023).jpg,Normal,0
D:\Final Sem Project\KidneyStoneAI\datasets\raw\classification\ct-kidney\Normal\Normal- (2402).jpg,Normal,0
D:\Final Sem Project\KidneyStoneAI\datasets\raw\classification\ct-kidney\Normal\Normal- (34).jpg,Normal,0
D:\Final Sem Project\KidneyStoneAI\datasets\raw\classification\ct-kidney\Normal\Normal- (4331).jpg,Normal,0
D:\Final Sem Project\KidneyStoneAI\datasets\raw\classification\ct-kidney\Normal\Normal- (294).jpg,Normal,0
D:\Final Sem Project\KidneyStoneAI\datasets\raw\classification\ct-kidney\Normal\Normal- (1347).jpg,Normal,0
D:\Final Sem Project\KidneyStoneAI\datasets\raw\classification\ct-kidney\Normal\Normal- (3118).jpg,Normal,0
D:\Final Sem Project\KidneyStoneAI\datasets\raw\classification\ct-kidney\Normal\Normal- (2019).jpg,Normal,0
D:\Final Sem Project\KidneyStoneAI\datasets\raw\classification\ct-kidney\Normal\Normal- (1928).jpg,Normal,0
D:\Final Sem Project\KidneyStoneAI\datasets\raw\classification\ct-kidney\Normal\Normal- (4908).jpg,Normal,0
D:\Final Sem Project\KidneyStoneAI\datasets\raw\classification\ct-kidney\Normal\Normal- (3404).jpg,Normal,0
D:\Final Sem Project\KidneyStoneAI\datasets\raw\classification\ct-kidney\Normal\Normal- (4255).jpg,Normal,0
D:\Final Sem Project\KidneyStoneAI\datasets\raw\classification\ct-kidney\Normal\Normal- (1938).jpg,Normal,0
D:\Final Sem Project\KidneyStoneAI\datasets\raw\classification\ct-kidney\Normal\Normal- (3113).jpg,Normal,0
D:\Final Sem Project\KidneyStoneAI\datasets\raw\classification\ct-kidney\Normal\Normal- (4790).jpg,Normal,0
D:\Final Sem Project\KidneyStoneAI\datasets\raw\classification\ct-kidney\Normal\Normal- (3824).jpg,Normal,0
D:\Final Sem Project\KidneyStoneAI\datasets\raw\classification\ct-kidney\Normal\Normal- (4148).jpg,Normal,0
D:\Final Sem Project\KidneyStoneAI\datasets\raw\classification\ct-kidney\Normal\Normal- (1292).jpg,Normal,0
D:\Final Sem Project\KidneyStoneAI\datasets\raw\classification\ct-kidney\Normal\Normal- (180).jpg,Normal,0
D:\Final Sem Project\KidneyStoneAI\datasets\raw\classification\ct-kidney\Normal\Normal- (2889).jpg,Normal,0
D:\Final Sem Project\KidneyStoneAI\datasets\raw\classification\ct-kidney\Normal\Normal- (5011).jpg,Normal,0
D:\Final Sem Project\KidneyStoneAI\datasets\raw\classification\ct-kidney\Normal\Normal- (1524).jpg,Normal,0
D:\Final Sem Project\KidneyStoneAI\datasets\raw\classification\ct-kidney\Normal\Normal- (4191).jpg,Normal,0
D:\Final Sem Project\KidneyStoneAI\datasets\raw\classification\ct-kidney\Normal\Normal- (1265).jpg,Normal,0
D:\Final Sem Project\KidneyStoneAI\datasets\raw\classification\ct-kidney\Normal\Normal- (2537).jpg,Normal,0
D:\Final Sem Project\KidneyStoneAI\datasets\raw\classification\ct-kidney\Normal\Normal- (1859).jpg,Normal,0
D:\Final Sem Project\KidneyStoneAI\datasets\raw\classification\ct-kidney\Normal\Normal- (1418).jpg,Normal,0
D:\Final Sem Project\KidneyStoneAI\datasets\raw\classification\ct-kidney\Normal\Normal- (1377).jpg,Normal,0
D:\Final Sem Project\KidneyStoneAI\datasets\raw\classification\ct-kidney\Normal\Normal- (1113).jpg,Normal,0
D:\Final Sem Project\KidneyStoneAI\datasets\raw\classification\ct-kidney\Normal\Normal- (3954).jpg,Normal,0
D:\Final Sem Project\KidneyStoneAI\datasets\raw\classification\ct-kidney\Normal\Normal- (2675).jpg,Normal,0
D:\Final Sem Project\KidneyStoneAI\datasets\raw\classification\ct-kidney\Stone\Stone- (304).jpg,Stone,1
D:\Final Sem Project\KidneyStoneAI\datasets\raw\classification\ct-kidney\Normal\Normal- (1588).jpg,Normal,0
D:\Final Sem Project\KidneyStoneAI\datasets\raw\classification\ct-kidney\Normal\Normal- (565).jpg,Normal,0
D:\Final Sem Project\KidneyStoneAI\datasets\raw\classification\ct-kidney\Normal\Normal- (3800).jpg,Normal,0
D:\Final Sem Project\KidneyStoneAI\datasets\raw\classification\ct-kidney\Normal\Normal- (1240).jpg,Normal,0
D:\Final Sem Project\KidneyStoneAI\datasets\raw\classification\ct-kidney\Normal\Normal- (1534).jpg,Normal,0
D:\Final Sem Project\KidneyStoneAI\datasets\raw\classification\ct-kidney\Normal\Normal- (4470).jpg,Normal,0
D:\Final Sem Project\KidneyStoneAI\datasets\raw\classification\ct-kidney\Normal\Normal- (4119).jpg,Normal,0
D:\Final Sem Project\KidneyStoneAI\datasets\raw\classification\ct-kidney\Normal\Normal- (4420).jpg,Normal,0
D:\Final Sem Project\KidneyStoneAI\datasets\raw\classification\ct-kidney\Normal\Normal- (78).jpg,Normal,0
D:\Final Sem Project\KidneyStoneAI\datasets\raw\classification\ct-kidney\Normal\Normal- (4886).jpg,Normal,0
D:\Final Sem Project\KidneyStoneAI\datasets\raw\classification\ct-kidney\Stone\Stone- (274).jpg,Stone,1
D:\Final Sem Project\KidneyStoneAI\datasets\raw\classification\ct-kidney\Stone\Stone- (440).jpg,Stone,1
D:\Final Sem Project\KidneyStoneAI\datasets\raw\classification\ct-kidney\Normal\Normal- (4835).jpg,Normal,0
D:\Final Sem Project\KidneyStoneAI\datasets\raw\classification\ct-kidney\Normal\Normal- (3751).jpg,Normal,0
D:\Final Sem Project\KidneyStoneAI\datasets\raw\classification\ct-kidney\Stone\Stone- (1076).jpg,Stone,1
D:\Final Sem Project\KidneyStoneAI\datasets\raw\classification\ct-kidney\Normal\Normal- (1409).jpg,Normal,0
D:\Final Sem Project\KidneyStoneAI\datasets\raw\classification\ct-kidney\Stone\Stone- (698).jpg,Stone,1
D:\Final Sem Project\KidneyStoneAI\datasets\raw\classification\ct-kidney\Stone\Stone- (470).jpg,Stone,1
D:\Final Sem Project\KidneyStoneAI\datasets\raw\classification\ct-kidney\Normal\Normal- (1028).jpg,Normal,0
D:\Final Sem Project\KidneyStoneAI\datasets\raw\classification\ct-kidney\Stone\Stone- (138).jpg,Stone,1
D:\Final Sem Project\KidneyStoneAI\datasets\raw\classification\ct-kidney\Stone\Stone- (1059).jpg,Stone,1
D:\Final Sem Project\KidneyStoneAI\datasets\raw\classification\ct-kidney\Normal\Normal- (1749).jpg,Normal,0
D:\Final Sem Project\KidneyStoneAI\datasets\raw\classification\ct-kidney\Normal\Normal- (4574).jpg,Normal,0
D:\Final Sem Project\KidneyStoneAI\datasets\raw\classification\ct-kidney\Normal\Normal- (3352).jpg,Normal,0
D:\Final Sem Project\KidneyStoneAI\datasets\raw\classification\ct-kidney\Normal\Normal- (72).jpg,Normal,0
D:\Final Sem Project\KidneyStoneAI\datasets\raw\classification\ct-kidney\Normal\Normal- (274).jpg,Normal,0
D:\Final Sem Project\KidneyStoneAI\datasets\raw\classification\ct-kidney\Normal\Normal- (1260).jpg,Normal,0
D:\Final Sem Project\KidneyStoneAI\datasets\raw\classification\ct-kidney\Normal\Normal- (2487).jpg,Normal,0
D:\Final Sem Project\KidneyStoneAI\datasets\raw\classification\ct-kidney\Normal\Normal- (4361).jpg,Normal,0
D:\Final Sem Project\KidneyStoneAI\datasets\raw\classification\ct-kidney\Normal\Normal- (1940).jpg,Normal,0
D:\Final Sem Project\KidneyStoneAI\datasets\raw\classification\ct-kidney\Normal\Normal- (4668).jpg,Normal,0
D:\Final Sem Project\KidneyStoneAI\datasets\raw\classification\ct-kidney\Normal\Normal- (2749).jpg,Normal,0
D:\Final Sem Project\KidneyStoneAI\datasets\raw\classification\ct-kidney\Stone\Stone- (572).jpg,Stone,1
D:\Final Sem Project\KidneyStoneAI\datasets\raw\classification\ct-kidney\Normal\Normal- (1888).jpg,Normal,0
D:\Final Sem Project\KidneyStoneAI\datasets\raw\classification\ct-kidney\Normal\Normal- (4287).jpg,Normal,0
D:\Final Sem Project\KidneyStoneAI\datasets\raw\classification\ct-kidney\Normal\Normal- (1895).jpg,Normal,0
D:\Final Sem Project\KidneyStoneAI\datasets\raw\classification\ct-kidney\Normal\Normal- (1294).jpg,Normal,0
D:\Final Sem Project\KidneyStoneAI\datasets\raw\classification\ct-kidney\Normal\Normal- (1805).jpg,Normal,0
D:\Final Sem Project\KidneyStoneAI\datasets\raw\classification\ct-kidney\Normal\Normal- (2059).jpg,Normal,0
D:\Final Sem Project\KidneyStoneAI\datasets\raw\classification\ct-kidney\Normal\Normal- (988).jpg,Normal,0
D:\Final Sem Project\KidneyStoneAI\datasets\raw\classification\ct-kidney\Normal\Normal- (4782).jpg,Normal,0
D:\Final Sem Project\KidneyStoneAI\datasets\raw\classification\ct-kidney\Normal\Normal- (1747).jpg,Normal,0
D:\Final Sem Project\KidneyStoneAI\datasets\raw\classification\ct-kidney\Normal\Normal- (4932).jpg,Normal,0
D:\Final Sem Project\KidneyStoneAI\datasets\raw\classification\ct-kidney\Normal\Normal- (1408).jpg,Normal,0
D:\Final Sem Project\KidneyStoneAI\datasets\raw\classification\ct-kidney\Stone\Stone- (163).jpg,Stone,1
D:\Final Sem Project\KidneyStoneAI\datasets\raw\classification\ct-kidney\Stone\Stone- (410).jpg,Stone,1
D:\Final Sem Project\KidneyStoneAI\datasets\raw\classification\ct-kidney\Normal\Normal- (941).jpg,Normal,0
D:\Final Sem Project\KidneyStoneAI\datasets\raw\classification\ct-kidney\Normal\Normal- (2332).jpg,Normal,0
D:\Final Sem Project\KidneyStoneAI\datasets\raw\classification\ct-kidney\Normal\Normal- (2512).jpg,Normal,0
D:\Final Sem Project\KidneyStoneAI\datasets\raw\classification\ct-kidney\Normal\Normal- (2898).jpg,Normal,0
D:\Final Sem Project\KidneyStoneAI\datasets\raw\classification\ct-kidney\Normal\Normal- (617).jpg,Normal,0
D:\Final Sem Project\KidneyStoneAI\datasets\raw\classification\ct-kidney\Normal\Normal- (53).jpg,Normal,0
D:\Final Sem Project\KidneyStoneAI\datasets\raw\classification\ct-kidney\Normal\Normal- (1576).jpg,Normal,0
D:\Final Sem Project\KidneyStoneAI\datasets\raw\classification\ct-kidney\Normal\Normal- (5032).jpg,Normal,0
D:\Final Sem Project\KidneyStoneAI\datasets\raw\classification\ct-kidney\Stone\Stone- (686).jpg,Stone,1
D:\Final Sem Project\KidneyStoneAI\datasets\raw\classification\ct-kidney\Normal\Normal- (4982).jpg,Normal,0
D:\Final Sem Project\KidneyStoneAI\datasets\raw\classification\ct-kidney\Normal\Normal- (4956).jpg,Normal,0
D:\Final Sem Project\KidneyStoneAI\datasets\raw\classification\ct-kidney\Normal\Normal- (4630).jpg,Normal,0
D:\Final Sem Project\KidneyStoneAI\datasets\raw\classification\ct-kidney\Normal\Normal- (3223).jpg,Normal,0
D:\Final Sem Project\KidneyStoneAI\datasets\raw\classification\ct-kidney\Normal\Normal- (3276).jpg,Normal,0
D:\Final Sem Project\KidneyStoneAI\datasets\raw\classification\ct-kidney\Normal\Normal- (4028).jpg,Normal,0
D:\Final Sem Project\KidneyStoneAI\datasets\raw\classification\ct-kidney\Normal\Normal- (2324).jpg,Normal,0
D:\Final Sem Project\KidneyStoneAI\datasets\raw\classification\ct-kidney\Normal\Normal- (2372).jpg,Normal,0
D:\Final Sem Project\KidneyStoneAI\datasets\raw\classification\ct-kidney\Normal\Normal- (3660).jpg,Normal,0
D:\Final Sem Project\KidneyStoneAI\datasets\raw\classification\ct-kidney\Normal\Normal- (4376).jpg,Normal,0
D:\Final Sem Project\KidneyStoneAI\datasets\raw\classification\ct-kidney\Normal\Normal- (1740).jpg,Normal,0
D:\Final Sem Project\KidneyStoneAI\datasets\raw\classification\ct-kidney\Stone\Stone- (1122).jpg,Stone,1
D:\Final Sem Project\KidneyStoneAI\datasets\raw\classification\ct-kidney\Normal\Normal- (353).jpg,Normal,0
D:\Final Sem Project\KidneyStoneAI\datasets\raw\classification\ct-kidney\Normal\Normal- (4686).jpg,Normal,0
D:\Final Sem Project\KidneyStoneAI\datasets\raw\classification\ct-kidney\Normal\Normal- (1602).jpg,Normal,0
D:\Final Sem Project\KidneyStoneAI\datasets\raw\classification\ct-kidney\Normal\Normal- (3505).jpg,Normal,0
D:\Final Sem Project\KidneyStoneAI\datasets\raw\classification\ct-kidney\Normal\Normal- (2653).jpg,Normal,0
D:\Final Sem Project\KidneyStoneAI\datasets\raw\classification\ct-kidney\Normal\Normal- (1194).jpg,Normal,0
D:\Final Sem Project\KidneyStoneAI\datasets\raw\classification\ct-kidney\Normal\Normal- (837).jpg,Normal,0
D:\Final Sem Project\KidneyStoneAI\datasets\raw\classification\ct-kidney\Stone\Stone- (1199).jpg,Stone,1
D:\Final Sem Project\KidneyStoneAI\datasets\raw\classification\ct-kidney\Stone\Stone- (384).jpg,Stone,1
D:\Final Sem Project\KidneyStoneAI\datasets\raw\classification\ct-kidney\Normal\Normal- (2681).jpg,Normal,0
D:\Final Sem Project\KidneyStoneAI\datasets\raw\classification\ct-kidney\Stone\Stone- (280).jpg,Stone,1
D:\Final Sem Project\KidneyStoneAI\datasets\raw\classification\ct-kidney\Normal\Normal- (4229).jpg,Normal,0
D:\Final Sem Project\KidneyStoneAI\datasets\raw\classification\ct-kidney\Stone\Stone- (642).jpg,Stone,1
D:\Final Sem Project\KidneyStoneAI\datasets\raw\classification\ct-kidney\Stone\Stone- (708).jpg,Stone,1
D:\Final Sem Project\KidneyStoneAI\datasets\raw\classification\ct-kidney\Stone\Stone- (898).jpg,Stone,1
D:\Final Sem Project\KidneyStoneAI\datasets\raw\classification\ct-kidney\Normal\Normal- (4288).jpg,Normal,0
D:\Final Sem Project\KidneyStoneAI\datasets\raw\classification\ct-kidney\Stone\Stone- (93).jpg,Stone,1
D:\Final Sem Project\KidneyStoneAI\datasets\raw\classification\ct-kidney\Normal\Normal- (934).jpg,Normal,0
D:\Final Sem Project\KidneyStoneAI\datasets\raw\classification\ct-kidney\Stone\Stone- (260).jpg,Stone,1
D:\Final Sem Project\KidneyStoneAI\datasets\raw\classification\ct-kidney\Stone\Stone- (1303).jpg,Stone,1
D:\Final Sem Project\KidneyStoneAI\datasets\raw\classification\ct-kidney\Stone\Stone- (860).jpg,Stone,1
D:\Final Sem Project\KidneyStoneAI\datasets\raw\classification\ct-kidney\Normal\Normal- (1536).jpg,Normal,0
D:\Final Sem Project\KidneyStoneAI\datasets\raw\classification\ct-kidney\Stone\Stone- (453).jpg,Stone,1
D:\Final Sem Project\KidneyStoneAI\datasets\raw\classification\ct-kidney\Stone\Stone- (875).jpg,Stone,1
D:\Final Sem Project\KidneyStoneAI\datasets\raw\classification\ct-kidney\Normal\Normal- (2874).jpg,Normal,0
D:\Final Sem Project\KidneyStoneAI\datasets\raw\classification\ct-kidney\Normal\Normal- (2746).jpg,Normal,0
D:\Final Sem Project\KidneyStoneAI\datasets\raw\classification\ct-kidney\Stone\Stone- (705).jpg,Stone,1
D:\Final Sem Project\KidneyStoneAI\datasets\raw\classification\ct-kidney\Normal\Normal- (3892).jpg,Normal,0
D:\Final Sem Project\KidneyStoneAI\datasets\raw\classification\ct-kidney\Normal\Normal- (592).jpg,Normal,0
D:\Final Sem Project\KidneyStoneAI\datasets\raw\classification\ct-kidney\Stone\Stone- (679).jpg,Stone,1
D:\Final Sem Project\KidneyStoneAI\datasets\raw\classification\ct-kidney\Normal\Normal- (525).jpg,Normal,0
D:\Final Sem Project\KidneyStoneAI\datasets\raw\classification\ct-kidney\Stone\Stone- (482).jpg,Stone,1
D:\Final Sem Project\KidneyStoneAI\datasets\raw\classification\ct-kidney\Normal\Normal- (979).jpg,Normal,0
D:\Final Sem Project\KidneyStoneAI\datasets\raw\classification\ct-kidney\Normal\Normal- (2646).jpg,Normal,0
D:\Final Sem Project\KidneyStoneAI\datasets\raw\classification\ct-kidney\Normal\Normal- (2819).jpg,Normal,0
D:\Final Sem Project\KidneyStoneAI\datasets\raw\classification\ct-kidney\Normal\Normal- (2455).jpg,Normal,0
D:\Final Sem Project\KidneyStoneAI\datasets\raw\classification\ct-kidney\Normal\Normal- (4186).jpg,Normal,0
D:\Final Sem Project\KidneyStoneAI\datasets\raw\classification\ct-kidney\Normal\Normal- (4504).jpg,Normal,0
D:\Final Sem Project\KidneyStoneAI\datasets\raw\classification\ct-kidney\Stone\Stone- (510).jpg,Stone,1
D:\Final Sem Project\KidneyStoneAI\datasets\raw\classification\ct-kidney\Normal\Normal- (2862).jpg,Normal,0
D:\Final Sem Project\KidneyStoneAI\datasets\raw\classification\ct-kidney\Normal\Normal- (900).jpg,Normal,0
D:\Final Sem Project\KidneyStoneAI\datasets\raw\classification\ct-kidney\Normal\Normal- (2362).jpg,Normal,0
D:\Final Sem Project\KidneyStoneAI\datasets\raw\classification\ct-kidney\Normal\Normal- (2802).jpg,Normal,0
D:\Final Sem Project\KidneyStoneAI\datasets\raw\classification\ct-kidney\Normal\Normal- (4605).jpg,Normal,0
D:\Final Sem Project\KidneyStoneAI\datasets\raw\classification\ct-kidney\Normal\Normal- (3046).jpg,Normal,0
D:\Final Sem Project\KidneyStoneAI\datasets\raw\classification\ct-kidney\Stone\Stone- (396).jpg,Stone,1
D:\Final Sem Project\KidneyStoneAI\datasets\raw\classification\ct-kidney\Normal\Normal- (3459).jpg,Normal,0
D:\Final Sem Project\KidneyStoneAI\datasets\raw\classification\ct-kidney\Normal\Normal- (4075).jpg,Normal,0
D:\Final Sem Project\KidneyStoneAI\datasets\raw\classification\ct-kidney\Stone\Stone- (1162).jpg,Stone,1
D:\Final Sem Project\KidneyStoneAI\datasets\raw\classification\ct-kidney\Stone\Stone- (202).jpg,Stone,1
D:\Final Sem Project\KidneyStoneAI\datasets\raw\classification\ct-kidney\Stone\Stone- (746).jpg,Stone,1
D:\Final Sem Project\KidneyStoneAI\datasets\raw\classification\ct-kidney\Normal\Normal- (4103).jpg,Normal,0
D:\Final Sem Project\KidneyStoneAI\datasets\raw\classification\ct-kidney\Normal\Normal- (493).jpg,Normal,0
D:\Final Sem Project\KidneyStoneAI\datasets\raw\classification\ct-kidney\Normal\Normal- (5051).jpg,Normal,0
D:\Final Sem Project\KidneyStoneAI\datasets\raw\classification\ct-kidney\Normal\Normal- (2658).jpg,Normal,0
D:\Final Sem Project\KidneyStoneAI\datasets\raw\classification\ct-kidney\Normal\Normal- (2135).jpg,Normal,0
D:\Final Sem Project\KidneyStoneAI\datasets\raw\classification\ct-kidney\Normal\Normal- (468).jpg,Normal,0
D:\Final Sem Project\KidneyStoneAI\datasets\raw\classification\ct-kidney\Normal\Normal- (5043).jpg,Normal,0
D:\Final Sem Project\KidneyStoneAI\datasets\raw\classification\ct-kidney\Normal\Normal- (2683).jpg,Normal,0
D:\Final Sem Project\KidneyStoneAI\datasets\raw\classification\ct-kidney\Normal\Normal- (4514).jpg,Normal,0
D:\Final Sem Project\KidneyStoneAI\datasets\raw\classification\ct-kidney\Normal\Normal- (3658).jpg,Normal,0
D:\Final Sem Project\KidneyStoneAI\datasets\raw\classification\ct-kidney\Normal\Normal- (360).jpg,Normal,0
D:\Final Sem Project\KidneyStoneAI\datasets\raw\classification\ct-kidney\Normal\Normal- (3093).jpg,Normal,0
D:\Final Sem Project\KidneyStoneAI\datasets\raw\classification\ct-kidney\Normal\Normal- (2716).jpg,Normal,0
D:\Final Sem Project\KidneyStoneAI\datasets\raw\classification\ct-kidney\Stone\Stone- (635).jpg,Stone,1
D:\Final Sem Project\KidneyStoneAI\datasets\raw\classification\ct-kidney\Normal\Normal- (5019).jpg,Normal,0
D:\Final Sem Project\KidneyStoneAI\datasets\raw\classification\ct-kidney\Normal\Normal- (175).jpg,Normal,0
D:\Final Sem Project\KidneyStoneAI\datasets\raw\classification\ct-kidney\Normal\Normal- (4253).jpg,Normal,0
D:\Final Sem Project\KidneyStoneAI\datasets\raw\classification\ct-kidney\Normal\Normal- (95).jpg,Normal,0
D:\Final Sem Project\KidneyStoneAI\datasets\raw\classification\ct-kidney\Normal\Normal- (3072).jpg,Normal,0
D:\Final Sem Project\KidneyStoneAI\datasets\raw\classification\ct-kidney\Normal\Normal- (3607).jpg,Normal,0
D:\Final Sem Project\KidneyStoneAI\datasets\raw\classification\ct-kidney\Normal\Normal- (2271).jpg,Normal,0
D:\Final Sem Project\KidneyStoneAI\datasets\raw\classification\ct-kidney\Normal\Normal- (2943).jpg,Normal,0
D:\Final Sem Project\KidneyStoneAI\datasets\raw\classification\ct-kidney\Stone\Stone- (945).jpg,Stone,1
D:\Final Sem Project\KidneyStoneAI\datasets\raw\classification\ct-kidney\Normal\Normal- (346).jpg,Normal,0
D:\Final Sem Project\KidneyStoneAI\datasets\raw\classification\ct-kidney\Normal\Normal- (3489).jpg,Normal,0
D:\Final Sem Project\KidneyStoneAI\datasets\raw\classification\ct-kidney\Normal\Normal- (4692).jpg,Normal,0
D:\Final Sem Project\KidneyStoneAI\datasets\raw\classification\ct-kidney\Normal\Normal- (1211).jpg,Normal,0
D:\Final Sem Project\KidneyStoneAI\datasets\raw\classification\ct-kidney\Normal\Normal- (3159).jpg,Normal,0
D:\Final Sem Project\KidneyStoneAI\datasets\raw\classification\ct-kidney\Normal\Normal- (1861).jpg,Normal,0
D:\Final Sem Project\KidneyStoneAI\datasets\raw\classification\ct-kidney\Stone\Stone- (1138).jpg,Stone,1
D:\Final Sem Project\KidneyStoneAI\datasets\raw\classification\ct-kidney\Stone\Stone- (467).jpg,Stone,1
D:\Final Sem Project\KidneyStoneAI\datasets\raw\classification\ct-kidney\Normal\Normal- (3379).jpg,Normal,0
D:\Final Sem Project\KidneyStoneAI\datasets\raw\classification\ct-kidney\Stone\Stone- (1118).jpg,Stone,1
D:\Final Sem Project\KidneyStoneAI\datasets\raw\classification\ct-kidney\Normal\Normal- (666).jpg,Normal,0
D:\Final Sem Project\KidneyStoneAI\datasets\raw\classification\ct-kidney\Normal\Normal- (2690).jpg,Normal,0
D:\Final Sem Project\KidneyStoneAI\datasets\raw\classification\ct-kidney\Normal\Normal- (3538).jpg,Normal,0
D:\Final Sem Project\KidneyStoneAI\datasets\raw\classification\ct-kidney\Normal\Normal- (1765).jpg,Normal,0
D:\Final Sem Project\KidneyStoneAI\datasets\raw\classification\ct-kidney\Normal\Normal- (416).jpg,Normal,0
D:\Final Sem Project\KidneyStoneAI\datasets\raw\classification\ct-kidney\Stone\Stone- (229).jpg,Stone,1
D:\Final Sem Project\KidneyStoneAI\datasets\raw\classification\ct-kidney\Normal\Normal- (3801).jpg,Normal,0
D:\Final Sem Project\KidneyStoneAI\datasets\raw\classification\ct-kidney\Normal\Normal- (1366).jpg,Normal,0
D:\Final Sem Project\KidneyStoneAI\datasets\raw\classification\ct-kidney\Normal\Normal- (574).jpg,Normal,0
D:\Final Sem Project\KidneyStoneAI\datasets\raw\classification\ct-kidney\Normal\Normal- (3110).jpg,Normal,0
D:\Final Sem Project\KidneyStoneAI\datasets\raw\classification\ct-kidney\Normal\Normal- (1779).jpg,Normal,0
D:\Final Sem Project\KidneyStoneAI\datasets\raw\classification\ct-kidney\Stone\Stone- (690).jpg,Stone,1
D:\Final Sem Project\KidneyStoneAI\datasets\raw\classification\ct-kidney\Normal\Normal- (1494).jpg,Normal,0
D:\Final Sem Project\KidneyStoneAI\datasets\raw\classification\ct-kidney\Normal\Normal- (2920).jpg,Normal,0
D:\Final Sem Project\KidneyStoneAI\datasets\raw\classification\ct-kidney\Stone\Stone- (1225).jpg,Stone,1
D:\Final Sem Project\KidneyStoneAI\datasets\raw\classification\ct-kidney\Normal\Normal- (2478).jpg,Normal,0
D:\Final Sem Project\KidneyStoneAI\datasets\raw\classification\ct-kidney\Normal\Normal- (2073).jpg,Normal,0
D:\Final Sem Project\KidneyStoneAI\datasets\raw\classification\ct-kidney\Normal\Normal- (1015).jpg,Normal,0
D:\Final Sem Project\KidneyStoneAI\datasets\raw\classification\ct-kidney\Normal\Normal- (411).jpg,Normal,0
D:\Final Sem Project\KidneyStoneAI\datasets\raw\classification\ct-kidney\Normal\Normal- (4567).jpg,Normal,0
D:\Final Sem Project\KidneyStoneAI\datasets\raw\classification\ct-kidney\Stone\Stone- (1013).jpg,Stone,1
D:\Final Sem Project\KidneyStoneAI\datasets\raw\classification\ct-kidney\Stone\Stone- (416).jpg,Stone,1
D:\Final Sem Project\KidneyStoneAI\datasets\raw\classification\ct-kidney\Stone\Stone- (110).jpg,Stone,1
D:\Final Sem Project\KidneyStoneAI\datasets\raw\classification\ct-kidney\Normal\Normal- (4990).jpg,Normal,0
D:\Final Sem Project\KidneyStoneAI\datasets\raw\classification\ct-kidney\Stone\Stone- (497).jpg,Stone,1
D:\Final Sem Project\KidneyStoneAI\datasets\raw\classification\ct-kidney\Normal\Normal- (4561).jpg,Normal,0
D:\Final Sem Project\KidneyStoneAI\datasets\raw\classification\ct-kidney\Normal\Normal- (1655).jpg,Normal,0
D:\Final Sem Project\KidneyStoneAI\datasets\raw\classification\ct-kidney\Normal\Normal- (1465).jpg,Normal,0
D:\Final Sem Project\KidneyStoneAI\datasets\raw\classification\ct-kidney\Normal\Normal- (4796).jpg,Normal,0
D:\Final Sem Project\KidneyStoneAI\datasets\raw\classification\ct-kidney\Normal\Normal- (1444).jpg,Normal,0
D:\Final Sem Project\KidneyStoneAI\datasets\raw\classification\ct-kidney\Normal\Normal- (847).jpg,Normal,0
D:\Final Sem Project\KidneyStoneAI\datasets\raw\classification\ct-kidney\Normal\Normal- (401).jpg,Normal,0
D:\Final Sem Project\KidneyStoneAI\datasets\raw\classification\ct-kidney\Normal\Normal- (537).jpg,Normal,0
D:\Final Sem Project\KidneyStoneAI\datasets\raw\classification\ct-kidney\Normal\Normal- (2154).jpg,Normal,0
D:\Final Sem Project\KidneyStoneAI\datasets\raw\classification\ct-kidney\Normal\Normal- (1889).jpg,Normal,0
D:\Final Sem Project\KidneyStoneAI\datasets\raw\classification\ct-kidney\Normal\Normal- (2334).jpg,Normal,0
D:\Final Sem Project\KidneyStoneAI\datasets\raw\classification\ct-kidney\Normal\Normal- (1596).jpg,Normal,0
D:\Final Sem Project\KidneyStoneAI\datasets\raw\classification\ct-kidney\Stone\Stone- (804).jpg,Stone,1
D:\Final Sem Project\KidneyStoneAI\datasets\raw\classification\ct-kidney\Stone\Stone- (33).jpg,Stone,1
D:\Final Sem Project\KidneyStoneAI\datasets\raw\classification\ct-kidney\Normal\Normal- (3469).jpg,Normal,0
D:\Final Sem Project\KidneyStoneAI\datasets\raw\classification\ct-kidney\Normal\Normal- (1517).jpg,Normal,0
D:\Final Sem Project\KidneyStoneAI\datasets\raw\classification\ct-kidney\Normal\Normal- (4479).jpg,Normal,0
D:\Final Sem Project\KidneyStoneAI\datasets\raw\classification\ct-kidney\Normal\Normal- (4269).jpg,Normal,0
D:\Final Sem Project\KidneyStoneAI\datasets\raw\classification\ct-kidney\Stone\Stone- (629).jpg,Stone,1
D:\Final Sem Project\KidneyStoneAI\datasets\raw\classification\ct-kidney\Normal\Normal- (3182).jpg,Normal,0
D:\Final Sem Project\KidneyStoneAI\datasets\raw\classification\ct-kidney\Normal\Normal- (1251).jpg,Normal,0
D:\Final Sem Project\KidneyStoneAI\datasets\raw\classification\ct-kidney\Normal\Normal- (3624).jpg,Normal,0
D:\Final Sem Project\KidneyStoneAI\datasets\raw\classification\ct-kidney\Normal\Normal- (2337).jpg,Normal,0
D:\Final Sem Project\KidneyStoneAI\datasets\raw\classification\ct-kidney\Normal\Normal- (4476).jpg,Normal,0
D:\Final Sem Project\KidneyStoneAI\datasets\raw\classification\ct-kidney\Stone\Stone- (370).jpg,Stone,1
D:\Final Sem Project\KidneyStoneAI\datasets\raw\classification\ct-kidney\Normal\Normal- (1131).jpg,Normal,0
D:\Final Sem Project\KidneyStoneAI\datasets\raw\classification\ct-kidney\Normal\Normal- (562).jpg,Normal,0
D:\Final Sem Project\KidneyStoneAI\datasets\raw\classification\ct-kidney\Normal\Normal- (3204).jpg,Normal,0
D:\Final Sem Project\KidneyStoneAI\datasets\raw\classification\ct-kidney\Normal\Normal- (136).jpg,Normal,0
D:\Final Sem Project\KidneyStoneAI\datasets\raw\classification\ct-kidney\Stone\Stone- (488).jpg,Stone,1
D:\Final Sem Project\KidneyStoneAI\datasets\raw\classification\ct-kidney\Stone\Stone- (547).jpg,Stone,1
D:\Final Sem Project\KidneyStoneAI\datasets\raw\classification\ct-kidney\Normal\Normal- (4954).jpg,Normal,0
D:\Final Sem Project\KidneyStoneAI\datasets\raw\classification\ct-kidney\Normal\Normal- (1600).jpg,Normal,0
D:\Final Sem Project\KidneyStoneAI\datasets\raw\classification\ct-kidney\Normal\Normal- (1900).jpg,Normal,0
D:\Final Sem Project\KidneyStoneAI\datasets\raw\classification\ct-kidney\Normal\Normal- (2320).jpg,Normal,0
D:\Final Sem Project\KidneyStoneAI\datasets\raw\classification\ct-kidney\Stone\Stone- (419).jpg,Stone,1
D:\Final Sem Project\KidneyStoneAI\datasets\raw\classification\ct-kidney\Normal\Normal- (3854).jpg,Normal,0
D:\Final Sem Project\KidneyStoneAI\datasets\raw\classification\ct-kidney\Normal\Normal- (1298).jpg,Normal,0
D:\Final Sem Project\KidneyStoneAI\datasets\raw\classification\ct-kidney\Stone\Stone- (480).jpg,Stone,1
D:\Final Sem Project\KidneyStoneAI\datasets\raw\classification\ct-kidney\Normal\Normal- (2606).jpg,Normal,0
D:\Final Sem Project\KidneyStoneAI\datasets\raw\classification\ct-kidney\Stone\Stone- (328).jpg,Stone,1
D:\Final Sem Project\KidneyStoneAI\datasets\raw\classification\ct-kidney\Normal\Normal- (2974).jpg,Normal,0
D:\Final Sem Project\KidneyStoneAI\datasets\raw\classification\ct-kidney\Stone\Stone- (52).jpg,Stone,1
D:\Final Sem Project\KidneyStoneAI\datasets\raw\classification\ct-kidney\Normal\Normal- (3297).jpg,Normal,0
D:\Final Sem Project\KidneyStoneAI\datasets\raw\classification\ct-kidney\Normal\Normal- (2356).jpg,Normal,0
D:\Final Sem Project\KidneyStoneAI\datasets\raw\classification\ct-kidney\Normal\Normal- (2507).jpg,Normal,0
D:\Final Sem Project\KidneyStoneAI\datasets\raw\classification\ct-kidney\Normal\Normal- (1650).jpg,Normal,0
D:\Final Sem Project\KidneyStoneAI\datasets\raw\classification\ct-kidney\Normal\Normal- (2370).jpg,Normal,0
D:\Final Sem Project\KidneyStoneAI\datasets\raw\classification\ct-kidney\Normal\Normal- (2961).jpg,Normal,0
D:\Final Sem Project\KidneyStoneAI\datasets\raw\classification\ct-kidney\Normal\Normal- (2742).jpg,Normal,0
D:\Final Sem Project\KidneyStoneAI\datasets\raw\classification\ct-kidney\Normal\Normal- (2371).jpg,Normal,0
D:\Final Sem Project\KidneyStoneAI\datasets\raw\classification\ct-kidney\Normal\Normal- (2673).jpg,Normal,0
D:\Final Sem Project\KidneyStoneAI\datasets\raw\classification\ct-kidney\Normal\Normal- (4232).jpg,Normal,0
D:\Final Sem Project\KidneyStoneAI\datasets\raw\classification\ct-kidney\Normal\Normal- (1262).jpg,Normal,0
D:\Final Sem Project\KidneyStoneAI\datasets\raw\classification\ct-kidney\Normal\Normal- (2985).jpg,Normal,0
D:\Final Sem Project\KidneyStoneAI\datasets\raw\classification\ct-kidney\Stone\Stone- (1121).jpg,Stone,1
D:\Final Sem Project\KidneyStoneAI\datasets\raw\classification\ct-kidney\Normal\Normal- (3120).jpg,Normal,0
D:\Final Sem Project\KidneyStoneAI\datasets\raw\classification\ct-kidney\Normal\Normal- (3511).jpg,Normal,0
D:\Final Sem Project\KidneyStoneAI\datasets\raw\classification\ct-kidney\Normal\Normal- (2529).jpg,Normal,0
D:\Final Sem Project\KidneyStoneAI\datasets\raw\classification\ct-kidney\Normal\Normal- (2501).jpg,Normal,0
D:\Final Sem Project\KidneyStoneAI\datasets\raw\classification\ct-kidney\Normal\Normal- (3215).jpg,Normal,0
D:\Final Sem Project\KidneyStoneAI\datasets\raw\classification\ct-kidney\Stone\Stone- (632).jpg,Stone,1
D:\Final Sem Project\KidneyStoneAI\datasets\raw\classification\ct-kidney\Normal\Normal- (631).jpg,Normal,0
D:\Final Sem Project\KidneyStoneAI\datasets\raw\classification\ct-kidney\Normal\Normal- (2718).jpg,Normal,0
D:\Final Sem Project\KidneyStoneAI\datasets\raw\classification\ct-kidney\Normal\Normal- (597).jpg,Normal,0
D:\Final Sem Project\KidneyStoneAI\datasets\raw\classification\ct-kidney\Normal\Normal- (2774).jpg,Normal,0
D:\Final Sem Project\KidneyStoneAI\datasets\raw\classification\ct-kidney\Stone\Stone- (984).jpg,Stone,1
D:\Final Sem Project\KidneyStoneAI\datasets\raw\classification\ct-kidney\Stone\Stone- (560).jpg,Stone,1
D:\Final Sem Project\KidneyStoneAI\datasets\raw\classification\ct-kidney\Normal\Normal- (809).jpg,Normal,0
D:\Final Sem Project\KidneyStoneAI\datasets\raw\classification\ct-kidney\Normal\Normal- (4613).jpg,Normal,0
D:\Final Sem Project\KidneyStoneAI\datasets\raw\classification\ct-kidney\Normal\Normal- (3269).jpg,Normal,0
D:\Final Sem Project\KidneyStoneAI\datasets\raw\classification\ct-kidney\Normal\Normal- (2068).jpg,Normal,0
D:\Final Sem Project\KidneyStoneAI\datasets\raw\classification\ct-kidney\Normal\Normal- (3984).jpg,Normal,0
D:\Final Sem Project\KidneyStoneAI\datasets\raw\classification\ct-kidney\Normal\Normal- (4572).jpg,Normal,0
D:\Final Sem Project\KidneyStoneAI\datasets\raw\classification\ct-kidney\Normal\Normal- (4300).jpg,Normal,0
D:\Final Sem Project\KidneyStoneAI\datasets\raw\classification\ct-kidney\Normal\Normal- (1010).jpg,Normal,0
D:\Final Sem Project\KidneyStoneAI\datasets\raw\classification\ct-kidney\Normal\Normal- (1962).jpg,Normal,0
D:\Final Sem Project\KidneyStoneAI\datasets\raw\classification\ct-kidney\Normal\Normal- (1819).jpg,Normal,0
D:\Final Sem Project\KidneyStoneAI\datasets\raw\classification\ct-kidney\Normal\Normal- (1797).jpg,Normal,0
D:\Final Sem Project\KidneyStoneAI\datasets\raw\classification\ct-kidney\Stone\Stone- (1130).jpg,Stone,1
D:\Final Sem Project\KidneyStoneAI\datasets\raw\classification\ct-kidney\Normal\Normal- (4603).jpg,Normal,0
D:\Final Sem Project\KidneyStoneAI\datasets\raw\classification\ct-kidney\Normal\Normal- (4684).jpg,Normal,0
D:\Final Sem Project\KidneyStoneAI\datasets\raw\classification\ct-kidney\Normal\Normal- (4125).jpg,Normal,0
D:\Final Sem Project\KidneyStoneAI\datasets\raw\classification\ct-kidney\Normal\Normal- (1053).jpg,Normal,0
D:\Final Sem Project\KidneyStoneAI\datasets\raw\classification\ct-kidney\Normal\Normal- (2207).jpg,Normal,0
D:\Final Sem Project\KidneyStoneAI\datasets\raw\classification\ct-kidney\Normal\Normal- (3464).jpg,Normal,0
D:\Final Sem Project\KidneyStoneAI\datasets\raw\classification\ct-kidney\Normal\Normal- (1607).jpg,Normal,0
D:\Final Sem Project\KidneyStoneAI\datasets\raw\classification\ct-kidney\Normal\Normal- (2200).jpg,Normal,0
D:\Final Sem Project\KidneyStoneAI\datasets\raw\classification\ct-kidney\Stone\Stone- (1127).jpg,Stone,1
D:\Final Sem Project\KidneyStoneAI\datasets\raw\classification\ct-kidney\Normal\Normal- (1473).jpg,Normal,0
D:\Final Sem Project\KidneyStoneAI\datasets\raw\classification\ct-kidney\Normal\Normal- (2299).jpg,Normal,0
D:\Final Sem Project\KidneyStoneAI\datasets\raw\classification\ct-kidney\Normal\Normal- (1344).jpg,Normal,0
D:\Final Sem Project\KidneyStoneAI\datasets\raw\classification\ct-kidney\Normal\Normal- (4444).jpg,Normal,0
D:\Final Sem Project\KidneyStoneAI\datasets\raw\classification\ct-kidney\Stone\Stone- (1349).jpg,Stone,1
D:\Final Sem Project\KidneyStoneAI\datasets\raw\classification\ct-kidney\Stone\Stone- (3).jpg,Stone,1
D:\Final Sem Project\KidneyStoneAI\datasets\raw\classification\ct-kidney\Normal\Normal- (3725).jpg,Normal,0
D:\Final Sem Project\KidneyStoneAI\datasets\raw\classification\ct-kidney\Normal\Normal- (3015).jpg,Normal,0
D:\Final Sem Project\KidneyStoneAI\datasets\raw\classification\ct-kidney\Normal\Normal- (1336).jpg,Normal,0
D:\Final Sem Project\KidneyStoneAI\datasets\raw\classification\ct-kidney\Normal\Normal- (3928).jpg,Normal,0
D:\Final Sem Project\KidneyStoneAI\datasets\raw\classification\ct-kidney\Normal\Normal- (4751).jpg,Normal,0
D:\Final Sem Project\KidneyStoneAI\datasets\raw\classification\ct-kidney\Normal\Normal- (1951).jpg,Normal,0
D:\Final Sem Project\KidneyStoneAI\datasets\raw\classification\ct-kidney\Normal\Normal- (4688).jpg,Normal,0
D:\Final Sem Project\KidneyStoneAI\datasets\raw\classification\ct-kidney\Normal\Normal- (458).jpg,Normal,0
D:\Final Sem Project\KidneyStoneAI\datasets\raw\classification\ct-kidney\Stone\Stone- (692).jpg,Stone,1
D:\Final Sem Project\KidneyStoneAI\datasets\raw\classification\ct-kidney\Stone\Stone- (238).jpg,Stone,1
D:\Final Sem Project\KidneyStoneAI\datasets\raw\classification\ct-kidney\Normal\Normal- (805).jpg,Normal,0
D:\Final Sem Project\KidneyStoneAI\datasets\raw\classification\ct-kidney\Normal\Normal- (3876).jpg,Normal,0
D:\Final Sem Project\KidneyStoneAI\datasets\raw\classification\ct-kidney\Normal\Normal- (3899).jpg,Normal,0
D:\Final Sem Project\KidneyStoneAI\datasets\raw\classification\ct-kidney\Stone\Stone- (448).jpg,Stone,1
D:\Final Sem Project\KidneyStoneAI\datasets\raw\classification\ct-kidney\Normal\Normal- (2).jpg,Normal,0
D:\Final Sem Project\KidneyStoneAI\datasets\raw\classification\ct-kidney\Normal\Normal- (625).jpg,Normal,0
D:\Final Sem Project\KidneyStoneAI\datasets\raw\classification\ct-kidney\Normal\Normal- (2476).jpg,Normal,0
D:\Final Sem Project\KidneyStoneAI\datasets\raw\classification\ct-kidney\Normal\Normal- (3310).jpg,Normal,0
D:\Final Sem Project\KidneyStoneAI\datasets\raw\classification\ct-kidney\Normal\Normal- (1357).jpg,Normal,0
D:\Final Sem Project\KidneyStoneAI\datasets\raw\classification\ct-kidney\Stone\Stone- (671).jpg,Stone,1
D:\Final Sem Project\KidneyStoneAI\datasets\raw\classification\ct-kidney\Stone\Stone- (662).jpg,Stone,1
D:\Final Sem Project\KidneyStoneAI\datasets\raw\classification\ct-kidney\Normal\Normal- (3401).jpg,Normal,0
D:\Final Sem Project\KidneyStoneAI\datasets\raw\classification\ct-kidney\Normal\Normal- (4714).jpg,Normal,0
D:\Final Sem Project\KidneyStoneAI\datasets\raw\classification\ct-kidney\Normal\Normal- (298).jpg,Normal,0
D:\Final Sem Project\KidneyStoneAI\datasets\raw\classification\ct-kidney\Normal\Normal- (674).jpg,Normal,0
D:\Final Sem Project\KidneyStoneAI\datasets\raw\classification\ct-kidney\Normal\Normal- (2112).jpg,Normal,0
D:\Final Sem Project\KidneyStoneAI\datasets\raw\classification\ct-kidney\Normal\Normal- (3302).jpg,Normal,0
D:\Final Sem Project\KidneyStoneAI\datasets\raw\classification\ct-kidney\Stone\Stone- (716).jpg,Stone,1
D:\Final Sem Project\KidneyStoneAI\datasets\raw\classification\ct-kidney\Normal\Normal- (4456).jpg,Normal,0
D:\Final Sem Project\KidneyStoneAI\datasets\raw\classification\ct-kidney\Normal\Normal- (3382).jpg,Normal,0
D:\Final Sem Project\KidneyStoneAI\datasets\raw\classification\ct-kidney\Stone\Stone- (464).jpg,Stone,1
D:\Final Sem Project\KidneyStoneAI\datasets\raw\classification\ct-kidney\Normal\Normal- (1032).jpg,Normal,0
D:\Final Sem Project\KidneyStoneAI\datasets\raw\classification\ct-kidney\Normal\Normal- (450).jpg,Normal,0
D:\Final Sem Project\KidneyStoneAI\datasets\raw\classification\ct-kidney\Normal\Normal- (4471).jpg,Normal,0
D:\Final Sem Project\KidneyStoneAI\datasets\raw\classification\ct-kidney\Normal\Normal- (2700).jpg,Normal,0
D:\Final Sem Project\KidneyStoneAI\datasets\raw\classification\ct-kidney\Stone\Stone- (1106).jpg,Stone,1
D:\Final Sem Project\KidneyStoneAI\datasets\raw\classification\ct-kidney\Normal\Normal- (5050).jpg,Normal,0
D:\Final Sem Project\KidneyStoneAI\datasets\raw\classification\ct-kidney\Normal\Normal- (4959).jpg,Normal,0
D:\Final Sem Project\KidneyStoneAI\datasets\raw\classification\ct-kidney\Normal\Normal- (4259).jpg,Normal,0
D:\Final Sem Project\KidneyStoneAI\datasets\raw\classification\ct-kidney\Normal\Normal- (2417).jpg,Normal,0
D:\Final Sem Project\KidneyStoneAI\datasets\raw\classification\ct-kidney\Stone\Stone- (638).jpg,Stone,1
D:\Final Sem Project\KidneyStoneAI\datasets\raw\classification\ct-kidney\Normal\Normal- (3859).jpg,Normal,0
D:\Final Sem Project\KidneyStoneAI\datasets\raw\classification\ct-kidney\Stone\Stone- (1309).jpg,Stone,1
D:\Final Sem Project\KidneyStoneAI\datasets\raw\classification\ct-kidney\Normal\Normal- (583).jpg,Normal,0
D:\Final Sem Project\KidneyStoneAI\datasets\raw\classification\ct-kidney\Normal\Normal- (3767).jpg,Normal,0
D:\Final Sem Project\KidneyStoneAI\datasets\raw\classification\ct-kidney\Normal\Normal- (2065).jpg,Normal,0
D:\Final Sem Project\KidneyStoneAI\datasets\raw\classification\ct-kidney\Stone\Stone- (111).jpg,Stone,1
D:\Final Sem Project\KidneyStoneAI\datasets\raw\classification\ct-kidney\Stone\Stone- (925).jpg,Stone,1
D:\Final Sem Project\KidneyStoneAI\datasets\raw\classification\ct-kidney\Normal\Normal- (3011).jpg,Normal,0
D:\Final Sem Project\KidneyStoneAI\datasets\raw\classification\ct-kidney\Normal\Normal- (955).jpg,Normal,0
D:\Final Sem Project\KidneyStoneAI\datasets\raw\classification\ct-kidney\Normal\Normal- (57).jpg,Normal,0
D:\Final Sem Project\KidneyStoneAI\datasets\raw\classification\ct-kidney\Normal\Normal- (4521).jpg,Normal,0
D:\Final Sem Project\KidneyStoneAI\datasets\raw\classification\ct-kidney\Normal\Normal- (2754).jpg,Normal,0
D:\Final Sem Project\KidneyStoneAI\datasets\raw\classification\ct-kidney\Normal\Normal- (644).jpg,Normal,0
D:\Final Sem Project\KidneyStoneAI\datasets\raw\classification\ct-kidney\Normal\Normal- (4417).jpg,Normal,0
D:\Final Sem Project\KidneyStoneAI\datasets\raw\classification\ct-kidney\Normal\Normal- (924).jpg,Normal,0
D:\Final Sem Project\KidneyStoneAI\datasets\raw\classification\ct-kidney\Normal\Normal- (2221).jpg,Normal,0
D:\Final Sem Project\KidneyStoneAI\datasets\raw\classification\ct-kidney\Normal\Normal- (931).jpg,Normal,0
D:\Final Sem Project\KidneyStoneAI\datasets\raw\classification\ct-kidney\Normal\Normal- (3830).jpg,Normal,0
D:\Final Sem Project\KidneyStoneAI\datasets\raw\classification\ct-kidney\Stone\Stone- (148).jpg,Stone,1
D:\Final Sem Project\KidneyStoneAI\datasets\raw\classification\ct-kidney\Normal\Normal- (4040).jpg,Normal,0
D:\Final Sem Project\KidneyStoneAI\datasets\raw\classification\ct-kidney\Normal\Normal- (338).jpg,Normal,0
D:\Final Sem Project\KidneyStoneAI\datasets\raw\classification\ct-kidney\Stone\Stone- (987).jpg,Stone,1
D:\Final Sem Project\KidneyStoneAI\datasets\raw\classification\ct-kidney\Normal\Normal- (2540).jpg,Normal,0
D:\Final Sem Project\KidneyStoneAI\datasets\raw\classification\ct-kidney\Normal\Normal- (2938).jpg,Normal,0
D:\Final Sem Project\KidneyStoneAI\datasets\raw\classification\ct-kidney\Normal\Normal- (598).jpg,Normal,0
D:\Final Sem Project\KidneyStoneAI\datasets\raw\classification\ct-kidney\Stone\Stone- (887).jpg,Stone,1
D:\Final Sem Project\KidneyStoneAI\datasets\raw\classification\ct-kidney\Normal\Normal- (3784).jpg,Normal,0
D:\Final Sem Project\KidneyStoneAI\datasets\raw\classification\ct-kidney\Normal\Normal- (4971).jpg,Normal,0
D:\Final Sem Project\KidneyStoneAI\datasets\raw\classification\ct-kidney\Normal\Normal- (4680).jpg,Normal,0
D:\Final Sem Project\KidneyStoneAI\datasets\raw\classification\ct-kidney\Normal\Normal- (4501).jpg,Normal,0
D:\Final Sem Project\KidneyStoneAI\datasets\raw\classification\ct-kidney\Normal\Normal- (1354).jpg,Normal,0
D:\Final Sem Project\KidneyStoneAI\datasets\raw\classification\ct-kidney\Normal\Normal- (2725).jpg,Normal,0
D:\Final Sem Project\KidneyStoneAI\datasets\raw\classification\ct-kidney\Normal\Normal- (2168).jpg,Normal,0
D:\Final Sem Project\KidneyStoneAI\datasets\raw\classification\ct-kidney\Normal\Normal- (152).jpg,Normal,0
D:\Final Sem Project\KidneyStoneAI\datasets\raw\classification\ct-kidney\Stone\Stone- (165).jpg,Stone,1
D:\Final Sem Project\KidneyStoneAI\datasets\raw\classification\ct-kidney\Normal\Normal- (1580).jpg,Normal,0
D:\Final Sem Project\KidneyStoneAI\datasets\raw\classification\ct-kidney\Normal\Normal- (2268).jpg,Normal,0
D:\Final Sem Project\KidneyStoneAI\datasets\raw\classification\ct-kidney\Normal\Normal- (4627).jpg,Normal,0
D:\Final Sem Project\KidneyStoneAI\datasets\raw\classification\ct-kidney\Normal\Normal- (4303).jpg,Normal,0
D:\Final Sem Project\KidneyStoneAI\datasets\raw\classification\ct-kidney\Normal\Normal- (2542).jpg,Normal,0
D:\Final Sem Project\KidneyStoneAI\datasets\raw\classification\ct-kidney\Normal\Normal- (4771).jpg,Normal,0
D:\Final Sem Project\KidneyStoneAI\datasets\raw\classification\ct-kidney\Normal\Normal- (1841).jpg,Normal,0
D:\Final Sem Project\KidneyStoneAI\datasets\raw\classification\ct-kidney\Normal\Normal- (643).jpg,Normal,0
D:\Final Sem Project\KidneyStoneAI\datasets\raw\classification\ct-kidney\Stone\Stone- (1041).jpg,Stone,1
D:\Final Sem Project\KidneyStoneAI\datasets\raw\classification\ct-kidney\Normal\Normal- (160).jpg,Normal,0
D:\Final Sem Project\KidneyStoneAI\datasets\raw\classification\ct-kidney\Stone\Stone- (732).jpg,Stone,1
D:\Final Sem Project\KidneyStoneAI\datasets\raw\classification\ct-kidney\Normal\Normal- (3298).jpg,Normal,0
D:\Final Sem Project\KidneyStoneAI\datasets\raw\classification\ct-kidney\Normal\Normal- (1776).jpg,Normal,0
D:\Final Sem Project\KidneyStoneAI\datasets\raw\classification\ct-kidney\Normal\Normal- (1245).jpg,Normal,0
D:\Final Sem Project\KidneyStoneAI\datasets\raw\classification\ct-kidney\Normal\Normal- (1097).jpg,Normal,0
D:\Final Sem Project\KidneyStoneAI\datasets\raw\classification\ct-kidney\Normal\Normal- (3993).jpg,Normal,0
D:\Final Sem Project\KidneyStoneAI\datasets\raw\classification\ct-kidney\Normal\Normal- (4295).jpg,Normal,0
D:\Final Sem Project\KidneyStoneAI\datasets\raw\classification\ct-kidney\Stone\Stone- (42).jpg,Stone,1
D:\Final Sem Project\KidneyStoneAI\datasets\raw\classification\ct-kidney\Normal\Normal- (166).jpg,Normal,0
D:\Final Sem Project\KidneyStoneAI\datasets\raw\classification\ct-kidney\Normal\Normal- (1518).jpg,Normal,0
D:\Final Sem Project\KidneyStoneAI\datasets\raw\classification\ct-kidney\Stone\Stone- (601).jpg,Stone,1
D:\Final Sem Project\KidneyStoneAI\datasets\raw\classification\ct-kidney\Stone\Stone- (305).jpg,Stone,1
D:\Final Sem Project\KidneyStoneAI\datasets\raw\classification\ct-kidney\Normal\Normal- (2382).jpg,Normal,0
D:\Final Sem Project\KidneyStoneAI\datasets\raw\classification\ct-kidney\Normal\Normal- (532).jpg,Normal,0
D:\Final Sem Project\KidneyStoneAI\datasets\raw\classification\ct-kidney\Normal\Normal- (4066).jpg,Normal,0
D:\Final Sem Project\KidneyStoneAI\datasets\raw\classification\ct-kidney\Normal\Normal- (4587).jpg,Normal,0
D:\Final Sem Project\KidneyStoneAI\datasets\raw\classification\ct-kidney\Normal\Normal- (2833).jpg,Normal,0
D:\Final Sem Project\KidneyStoneAI\datasets\raw\classification\ct-kidney\Normal\Normal- (3050).jpg,Normal,0
D:\Final Sem Project\KidneyStoneAI\datasets\raw\classification\ct-kidney\Normal\Normal- (1001).jpg,Normal,0
D:\Final Sem Project\KidneyStoneAI\datasets\raw\classification\ct-kidney\Normal\Normal- (1763).jpg,Normal,0
D:\Final Sem Project\KidneyStoneAI\datasets\raw\classification\ct-kidney\Normal\Normal- (1429).jpg,Normal,0
D:\Final Sem Project\KidneyStoneAI\datasets\raw\classification\ct-kidney\Normal\Normal- (3821).jpg,Normal,0
D:\Final Sem Project\KidneyStoneAI\datasets\raw\classification\ct-kidney\Normal\Normal- (929).jpg,Normal,0
D:\Final Sem Project\KidneyStoneAI\datasets\raw\classification\ct-kidney\Stone\Stone- (174).jpg,Stone,1
D:\Final Sem Project\KidneyStoneAI\datasets\raw\classification\ct-kidney\Normal\Normal- (2466).jpg,Normal,0
D:\Final Sem Project\KidneyStoneAI\datasets\raw\classification\ct-kidney\Normal\Normal- (1117).jpg,Normal,0
D:\Final Sem Project\KidneyStoneAI\datasets\raw\classification\ct-kidney\Normal\Normal- (544).jpg,Normal,0
D:\Final Sem Project\KidneyStoneAI\datasets\raw\classification\ct-kidney\Normal\Normal- (4450).jpg,Normal,0
D:\Final Sem Project\KidneyStoneAI\datasets\raw\classification\ct-kidney\Normal\Normal- (4240).jpg,Normal,0
D:\Final Sem Project\KidneyStoneAI\datasets\raw\classification\ct-kidney\Normal\Normal- (2923).jpg,Normal,0
D:\Final Sem Project\KidneyStoneAI\datasets\raw\classification\ct-kidney\Normal\Normal- (4639).jpg,Normal,0
D:\Final Sem Project\KidneyStoneAI\datasets\raw\classification\ct-kidney\Normal\Normal- (2674).jpg,Normal,0
D:\Final Sem Project\KidneyStoneAI\datasets\raw\classification\ct-kidney\Normal\Normal- (2796).jpg,Normal,0
D:\Final Sem Project\KidneyStoneAI\datasets\raw\classification\ct-kidney\Normal\Normal- (2570).jpg,Normal,0
D:\Final Sem Project\KidneyStoneAI\datasets\raw\classification\ct-kidney\Normal\Normal- (4652).jpg,Normal,0
D:\Final Sem Project\KidneyStoneAI\datasets\raw\classification\ct-kidney\Stone\Stone- (693).jpg,Stone,1
D:\Final Sem Project\KidneyStoneAI\datasets\raw\classification\ct-kidney\Normal\Normal- (3085).jpg,Normal,0
D:\Final Sem Project\KidneyStoneAI\datasets\raw\classification\ct-kidney\Normal\Normal- (4892).jpg,Normal,0
D:\Final Sem Project\KidneyStoneAI\datasets\raw\classification\ct-kidney\Stone\Stone- (226).jpg,Stone,1
D:\Final Sem Project\KidneyStoneAI\datasets\raw\classification\ct-kidney\Stone\Stone- (508).jpg,Stone,1
D:\Final Sem Project\KidneyStoneAI\datasets\raw\classification\ct-kidney\Normal\Normal- (2288).jpg,Normal,0
D:\Final Sem Project\KidneyStoneAI\datasets\raw\classification\ct-kidney\Normal\Normal- (1743).jpg,Normal,0
D:\Final Sem Project\KidneyStoneAI\datasets\raw\classification\ct-kidney\Normal\Normal- (4621).jpg,Normal,0
D:\Final Sem Project\KidneyStoneAI\datasets\raw\classification\ct-kidney\Normal\Normal- (1007).jpg,Normal,0
D:\Final Sem Project\KidneyStoneAI\datasets\raw\classification\ct-kidney\Stone\Stone- (1277).jpg,Stone,1
D:\Final Sem Project\KidneyStoneAI\datasets\raw\classification\ct-kidney\Normal\Normal- (1115).jpg,Normal,0
D:\Final Sem Project\KidneyStoneAI\datasets\raw\classification\ct-kidney\Normal\Normal- (2484).jpg,Normal,0
D:\Final Sem Project\KidneyStoneAI\datasets\raw\classification\ct-kidney\Normal\Normal- (1751).jpg,Normal,0
D:\Final Sem Project\KidneyStoneAI\datasets\raw\classification\ct-kidney\Normal\Normal- (2511).jpg,Normal,0
D:\Final Sem Project\KidneyStoneAI\datasets\raw\classification\ct-kidney\Normal\Normal- (3237).jpg,Normal,0
D:\Final Sem Project\KidneyStoneAI\datasets\raw\classification\ct-kidney\Normal\Normal- (783).jpg,Normal,0
D:\Final Sem Project\KidneyStoneAI\datasets\raw\classification\ct-kidney\Normal\Normal- (2912).jpg,Normal,0
D:\Final Sem Project\KidneyStoneAI\datasets\raw\classification\ct-kidney\Normal\Normal- (2745).jpg,Normal,0
D:\Final Sem Project\KidneyStoneAI\datasets\raw\classification\ct-kidney\Normal\Normal- (2992).jpg,Normal,0
D:\Final Sem Project\KidneyStoneAI\datasets\raw\classification\ct-kidney\Normal\Normal- (443).jpg,Normal,0
D:\Final Sem Project\KidneyStoneAI\datasets\raw\classification\ct-kidney\Normal\Normal- (1393).jpg,Normal,0
D:\Final Sem Project\KidneyStoneAI\datasets\raw\classification\ct-kidney\Stone\Stone- (1167).jpg,Stone,1
D:\Final Sem Project\KidneyStoneAI\datasets\raw\classification\ct-kidney\Normal\Normal- (4725).jpg,Normal,0
D:\Final Sem Project\KidneyStoneAI\datasets\raw\classification\ct-kidney\Normal\Normal- (647).jpg,Normal,0
D:\Final Sem Project\KidneyStoneAI\datasets\raw\classification\ct-kidney\Stone\Stone- (709).jpg,Stone,1
D:\Final Sem Project\KidneyStoneAI\datasets\raw\classification\ct-kidney\Normal\Normal- (3028).jpg,Normal,0
D:\Final Sem Project\KidneyStoneAI\datasets\raw\classification\ct-kidney\Normal\Normal- (731).jpg,Normal,0
D:\Final Sem Project\KidneyStoneAI\datasets\raw\classification\ct-kidney\Normal\Normal- (314).jpg,Normal,0
D:\Final Sem Project\KidneyStoneAI\datasets\raw\classification\ct-kidney\Normal\Normal- (4465).jpg,Normal,0
D:\Final Sem Project\KidneyStoneAI\datasets\raw\classification\ct-kidney\Normal\Normal- (1884).jpg,Normal,0
D:\Final Sem Project\KidneyStoneAI\datasets\raw\classification\ct-kidney\Normal\Normal- (63).jpg,Normal,0
D:\Final Sem Project\KidneyStoneAI\datasets\raw\classification\ct-kidney\Normal\Normal- (680).jpg,Normal,0
D:\Final Sem Project\KidneyStoneAI\datasets\raw\classification\ct-kidney\Normal\Normal- (2921).jpg,Normal,0
D:\Final Sem Project\KidneyStoneAI\datasets\raw\classification\ct-kidney\Normal\Normal- (2129).jpg,Normal,0
D:\Final Sem Project\KidneyStoneAI\datasets\raw\classification\ct-kidney\Normal\Normal- (3770).jpg,Normal,0
D:\Final Sem Project\KidneyStoneAI\datasets\raw\classification\ct-kidney\Normal\Normal- (364).jpg,Normal,0
D:\Final Sem Project\KidneyStoneAI\datasets\raw\classification\ct-kidney\Stone\Stone- (993).jpg,Stone,1
D:\Final Sem Project\KidneyStoneAI\datasets\raw\classification\ct-kidney\Normal\Normal- (2144).jpg,Normal,0
D:\Final Sem Project\KidneyStoneAI\datasets\raw\classification\ct-kidney\Normal\Normal- (117).jpg,Normal,0
D:\Final Sem Project\KidneyStoneAI\datasets\raw\classification\ct-kidney\Stone\Stone- (1342).jpg,Stone,1
D:\Final Sem Project\KidneyStoneAI\datasets\raw\classification\ct-kidney\Normal\Normal- (348).jpg,Normal,0
D:\Final Sem Project\KidneyStoneAI\datasets\raw\classification\ct-kidney\Normal\Normal- (4936).jpg,Normal,0
D:\Final Sem Project\KidneyStoneAI\datasets\raw\classification\ct-kidney\Normal\Normal- (1793).jpg,Normal,0
D:\Final Sem Project\KidneyStoneAI\datasets\raw\classification\ct-kidney\Normal\Normal- (1509).jpg,Normal,0
D:\Final Sem Project\KidneyStoneAI\datasets\raw\classification\ct-kidney\Stone\Stone- (316).jpg,Stone,1
D:\Final Sem Project\KidneyStoneAI\datasets\raw\classification\ct-kidney\Stone\Stone- (1161).jpg,Stone,1
D:\Final Sem Project\KidneyStoneAI\datasets\raw\classification\ct-kidney\Stone\Stone- (689).jpg,Stone,1
D:\Final Sem Project\KidneyStoneAI\datasets\raw\classification\ct-kidney\Normal\Normal- (4522).jpg,Normal,0
D:\Final Sem Project\KidneyStoneAI\datasets\raw\classification\ct-kidney\Normal\Normal- (230).jpg,Normal,0
D:\Final Sem Project\KidneyStoneAI\datasets\raw\classification\ct-kidney\Normal\Normal- (2396).jpg,Normal,0
D:\Final Sem Project\KidneyStoneAI\datasets\raw\classification\ct-kidney\Stone\Stone- (838).jpg,Stone,1
D:\Final Sem Project\KidneyStoneAI\datasets\raw\classification\ct-kidney\Stone\Stone- (210).jpg,Stone,1
D:\Final Sem Project\KidneyStoneAI\datasets\raw\classification\ct-kidney\Normal\Normal- (4100).jpg,Normal,0
D:\Final Sem Project\KidneyStoneAI\datasets\raw\classification\ct-kidney\Stone\Stone- (847).jpg,Stone,1
D:\Final Sem Project\KidneyStoneAI\datasets\raw\classification\ct-kidney\Normal\Normal- (2652).jpg,Normal,0
D:\Final Sem Project\KidneyStoneAI\datasets\raw\classification\ct-kidney\Stone\Stone- (309).jpg,Stone,1
D:\Final Sem Project\KidneyStoneAI\datasets\raw\classification\ct-kidney\Normal\Normal- (3807).jpg,Normal,0
D:\Final Sem Project\KidneyStoneAI\datasets\raw\classification\ct-kidney\Normal\Normal- (3986).jpg,Normal,0
D:\Final Sem Project\KidneyStoneAI\datasets\raw\classification\ct-kidney\Normal\Normal- (3702).jpg,Normal,0
D:\Final Sem Project\KidneyStoneAI\datasets\raw\classification\ct-kidney\Normal\Normal- (1623).jpg,Normal,0
D:\Final Sem Project\KidneyStoneAI\datasets\raw\classification\ct-kidney\Normal\Normal- (4741).jpg,Normal,0
D:\Final Sem Project\KidneyStoneAI\datasets\raw\classification\ct-kidney\Stone\Stone- (225).jpg,Stone,1
D:\Final Sem Project\KidneyStoneAI\datasets\raw\classification\ct-kidney\Stone\Stone- (977).jpg,Stone,1
D:\Final Sem Project\KidneyStoneAI\datasets\raw\classification\ct-kidney\Normal\Normal- (4815).jpg,Normal,0
D:\Final Sem Project\KidneyStoneAI\datasets\raw\classification\ct-kidney\Stone\Stone- (758).jpg,Stone,1
D:\Final Sem Project\KidneyStoneAI\datasets\raw\classification\ct-kidney\Normal\Normal- (554).jpg,Normal,0
D:\Final Sem Project\KidneyStoneAI\datasets\raw\classification\ct-kidney\Normal\Normal- (1055).jpg,Normal,0
D:\Final Sem Project\KidneyStoneAI\datasets\raw\classification\ct-kidney\Normal\Normal- (4661).jpg,Normal,0
D:\Final Sem Project\KidneyStoneAI\datasets\raw\classification\ct-kidney\Normal\Normal- (1880).jpg,Normal,0
D:\Final Sem Project\KidneyStoneAI\datasets\raw\classification\ct-kidney\Normal\Normal- (2034).jpg,Normal,0
D:\Final Sem Project\KidneyStoneAI\datasets\raw\classification\ct-kidney\Normal\Normal- (1544).jpg,Normal,0
D:\Final Sem Project\KidneyStoneAI\datasets\raw\classification\ct-kidney\Normal\Normal- (1254).jpg,Normal,0
D:\Final Sem Project\KidneyStoneAI\datasets\raw\classification\ct-kidney\Normal\Normal- (1969).jpg,Normal,0
D:\Final Sem Project\KidneyStoneAI\datasets\raw\classification\ct-kidney\Stone\Stone- (261).jpg,Stone,1
D:\Final Sem Project\KidneyStoneAI\datasets\raw\classification\ct-kidney\Stone\Stone- (972).jpg,Stone,1
D:\Final Sem Project\KidneyStoneAI\datasets\raw\classification\ct-kidney\Stone\Stone- (1157).jpg,Stone,1
D:\Final Sem Project\KidneyStoneAI\datasets\raw\classification\ct-kidney\Normal\Normal- (3368).jpg,Normal,0
D:\Final Sem Project\KidneyStoneAI\datasets\raw\classification\ct-kidney\Normal\Normal- (1446).jpg,Normal,0
D:\Final Sem Project\KidneyStoneAI\datasets\raw\classification\ct-kidney\Normal\Normal- (3242).jpg,Normal,0
D:\Final Sem Project\KidneyStoneAI\datasets\raw\classification\ct-kidney\Normal\Normal- (86).jpg,Normal,0
D:\Final Sem Project\KidneyStoneAI\datasets\raw\classification\ct-kidney\Normal\Normal- (3545).jpg,Normal,0
D:\Final Sem Project\KidneyStoneAI\datasets\raw\classification\ct-kidney\Normal\Normal- (1358).jpg,Normal,0
D:\Final Sem Project\KidneyStoneAI\datasets\raw\classification\ct-kidney\Normal\Normal- (3437).jpg,Normal,0
D:\Final Sem Project\KidneyStoneAI\datasets\raw\classification\ct-kidney\Normal\Normal- (926).jpg,Normal,0
D:\Final Sem Project\KidneyStoneAI\datasets\raw\classification\ct-kidney\Normal\Normal- (694).jpg,Normal,0
D:\Final Sem Project\KidneyStoneAI\datasets\raw\classification\ct-kidney\Normal\Normal- (3112).jpg,Normal,0
D:\Final Sem Project\KidneyStoneAI\datasets\raw\classification\ct-kidney\Normal\Normal- (589).jpg,Normal,0
D:\Final Sem Project\KidneyStoneAI\datasets\raw\classification\ct-kidney\Normal\Normal- (3125).jpg,Normal,0
D:\Final Sem Project\KidneyStoneAI\datasets\raw\classification\ct-kidney\Normal\Normal- (520).jpg,Normal,0
D:\Final Sem Project\KidneyStoneAI\datasets\raw\classification\ct-kidney\Normal\Normal- (5073).jpg,Normal,0
D:\Final Sem Project\KidneyStoneAI\datasets\raw\classification\ct-kidney\Stone\Stone- (1124).jpg,Stone,1
D:\Final Sem Project\KidneyStoneAI\datasets\raw\classification\ct-kidney\Normal\Normal- (1157).jpg,Normal,0
D:\Final Sem Project\KidneyStoneAI\datasets\raw\classification\ct-kidney\Normal\Normal- (1512).jpg,Normal,0
D:\Final Sem Project\KidneyStoneAI\datasets\raw\classification\ct-kidney\Normal\Normal- (2728).jpg,Normal,0
D:\Final Sem Project\KidneyStoneAI\datasets\raw\classification\ct-kidney\Stone\Stone- (1180).jpg,Stone,1
D:\Final Sem Project\KidneyStoneAI\datasets\raw\classification\ct-kidney\Normal\Normal- (4308).jpg,Normal,0
D:\Final Sem Project\KidneyStoneAI\datasets\raw\classification\ct-kidney\Normal\Normal- (4678).jpg,Normal,0
D:\Final Sem Project\KidneyStoneAI\datasets\raw\classification\ct-kidney\Normal\Normal- (3711).jpg,Normal,0
D:\Final Sem Project\KidneyStoneAI\datasets\raw\classification\ct-kidney\Stone\Stone- (626).jpg,Stone,1
D:\Final Sem Project\KidneyStoneAI\datasets\raw\classification\ct-kidney\Stone\Stone- (11).jpg,Stone,1
D:\Final Sem Project\KidneyStoneAI\datasets\raw\classification\ct-kidney\Normal\Normal- (833).jpg,Normal,0
D:\Final Sem Project\KidneyStoneAI\datasets\raw\classification\ct-kidney\Normal\Normal- (2733).jpg,Normal,0
D:\Final Sem Project\KidneyStoneAI\datasets\raw\classification\ct-kidney\Normal\Normal- (1826).jpg,Normal,0
D:\Final Sem Project\KidneyStoneAI\datasets\raw\classification\ct-kidney\Normal\Normal- (3999).jpg,Normal,0
D:\Final Sem Project\KidneyStoneAI\datasets\raw\classification\ct-kidney\Normal\Normal- (2035).jpg,Normal,0
D:\Final Sem Project\KidneyStoneAI\datasets\raw\classification\ct-kidney\Stone\Stone- (352).jpg,Stone,1
D:\Final Sem Project\KidneyStoneAI\datasets\raw\classification\ct-kidney\Normal\Normal- (1134).jpg,Normal,0
D:\Final Sem Project\KidneyStoneAI\datasets\raw\classification\ct-kidney\Normal\Normal- (3552).jpg,Normal,0
D:\Final Sem Project\KidneyStoneAI\datasets\raw\classification\ct-kidney\Normal\Normal- (4912).jpg,Normal,0
D:\Final Sem Project\KidneyStoneAI\datasets\raw\classification\ct-kidney\Stone\Stone- (40).jpg,Stone,1
D:\Final Sem Project\KidneyStoneAI\datasets\raw\classification\ct-kidney\Stone\Stone- (1005).jpg,Stone,1
D:\Final Sem Project\KidneyStoneAI\datasets\raw\classification\ct-kidney\Normal\Normal- (4967).jpg,Normal,0
D:\Final Sem Project\KidneyStoneAI\datasets\raw\classification\ct-kidney\Stone\Stone- (1262).jpg,Stone,1
D:\Final Sem Project\KidneyStoneAI\datasets\raw\classification\ct-kidney\Normal\Normal- (3486).jpg,Normal,0
D:\Final Sem Project\KidneyStoneAI\datasets\raw\classification\ct-kidney\Stone\Stone- (637).jpg,Stone,1
D:\Final Sem Project\KidneyStoneAI\datasets\raw\classification\ct-kidney\Normal\Normal- (1077).jpg,Normal,0
D:\Final Sem Project\KidneyStoneAI\datasets\raw\classification\ct-kidney\Normal\Normal- (455).jpg,Normal,0
D:\Final Sem Project\KidneyStoneAI\datasets\raw\classification\ct-kidney\Normal\Normal- (2693).jpg,Normal,0
D:\Final Sem Project\KidneyStoneAI\datasets\raw\classification\ct-kidney\Normal\Normal- (383).jpg,Normal,0
D:\Final Sem Project\KidneyStoneAI\datasets\raw\classification\ct-kidney\Stone\Stone- (353).jpg,Stone,1
D:\Final Sem Project\KidneyStoneAI\datasets\raw\classification\ct-kidney\Normal\Normal- (3858).jpg,Normal,0
D:\Final Sem Project\KidneyStoneAI\datasets\raw\classification\ct-kidney\Stone\Stone- (485).jpg,Stone,1
D:\Final Sem Project\KidneyStoneAI\datasets\raw\classification\ct-kidney\Normal\Normal- (1598).jpg,Normal,0
D:\Final Sem Project\KidneyStoneAI\datasets\raw\classification\ct-kidney\Normal\Normal- (2863).jpg,Normal,0
D:\Final Sem Project\KidneyStoneAI\datasets\raw\classification\ct-kidney\Stone\Stone- (828).jpg,Stone,1
D:\Final Sem Project\KidneyStoneAI\datasets\raw\classification\ct-kidney\Normal\Normal- (3546).jpg,Normal,0
D:\Final Sem Project\KidneyStoneAI\datasets\raw\classification\ct-kidney\Stone\Stone- (286).jpg,Stone,1
D:\Final Sem Project\KidneyStoneAI\datasets\raw\classification\ct-kidney\Normal\Normal- (3317).jpg,Normal,0
D:\Final Sem Project\KidneyStoneAI\datasets\raw\classification\ct-kidney\Stone\Stone- (206).jpg,Stone,1
D:\Final Sem Project\KidneyStoneAI\datasets\raw\classification\ct-kidney\Normal\Normal- (2631).jpg,Normal,0
D:\Final Sem Project\KidneyStoneAI\datasets\raw\classification\ct-kidney\Normal\Normal- (2731).jpg,Normal,0
D:\Final Sem Project\KidneyStoneAI\datasets\raw\classification\ct-kidney\Normal\Normal- (5010).jpg,Normal,0
D:\Final Sem Project\KidneyStoneAI\datasets\raw\classification\ct-kidney\Normal\Normal- (4677).jpg,Normal,0
D:\Final Sem Project\KidneyStoneAI\datasets\raw\classification\ct-kidney\Normal\Normal- (3936).jpg,Normal,0
D:\Final Sem Project\KidneyStoneAI\datasets\raw\classification\ct-kidney\Normal\Normal- (3916).jpg,Normal,0
D:\Final Sem Project\KidneyStoneAI\datasets\raw\classification\ct-kidney\Normal\Normal- (1128).jpg,Normal,0
D:\Final Sem Project\KidneyStoneAI\datasets\raw\classification\ct-kidney\Stone\Stone- (1283).jpg,Stone,1
D:\Final Sem Project\KidneyStoneAI\datasets\raw\classification\ct-kidney\Normal\Normal- (2380).jpg,Normal,0
D:\Final Sem Project\KidneyStoneAI\datasets\raw\classification\ct-kidney\Normal\Normal- (1227).jpg,Normal,0
D:\Final Sem Project\KidneyStoneAI\datasets\raw\classification\ct-kidney\Stone\Stone- (256).jpg,Stone,1
D:\Final Sem Project\KidneyStoneAI\datasets\raw\classification\ct-kidney\Stone\Stone- (1312).jpg,Stone,1
D:\Final Sem Project\KidneyStoneAI\datasets\raw\classification\ct-kidney\Normal\Normal- (1526).jpg,Normal,0
D:\Final Sem Project\KidneyStoneAI\datasets\raw\classification\ct-kidney\Normal\Normal- (3681).jpg,Normal,0
D:\Final Sem Project\KidneyStoneAI\datasets\raw\classification\ct-kidney\Normal\Normal- (304).jpg,Normal,0
D:\Final Sem Project\KidneyStoneAI\datasets\raw\classification\ct-kidney\Normal\Normal- (3465).jpg,Normal,0
D:\Final Sem Project\KidneyStoneAI\datasets\raw\classification\ct-kidney\Normal\Normal- (2705).jpg,Normal,0
D:\Final Sem Project\KidneyStoneAI\datasets\raw\classification\ct-kidney\Normal\Normal- (4378).jpg,Normal,0
D:\Final Sem Project\KidneyStoneAI\datasets\raw\classification\ct-kidney\Normal\Normal- (1487).jpg,Normal,0
D:\Final Sem Project\KidneyStoneAI\datasets\raw\classification\ct-kidney\Normal\Normal- (4996).jpg,Normal,0
D:\Final Sem Project\KidneyStoneAI\datasets\raw\classification\ct-kidney\Normal\Normal- (3879).jpg,Normal,0
D:\Final Sem Project\KidneyStoneAI\datasets\raw\classification\ct-kidney\Normal\Normal- (2390).jpg,Normal,0
D:\Final Sem Project\KidneyStoneAI\datasets\raw\classification\ct-kidney\Stone\Stone- (876).jpg,Stone,1
D:\Final Sem Project\KidneyStoneAI\datasets\raw\classification\ct-kidney\Normal\Normal- (3153).jpg,Normal,0
D:\Final Sem Project\KidneyStoneAI\datasets\raw\classification\ct-kidney\Normal\Normal- (3655).jpg,Normal,0
D:\Final Sem Project\KidneyStoneAI\datasets\raw\classification\ct-kidney\Normal\Normal- (4254).jpg,Normal,0
D:\Final Sem Project\KidneyStoneAI\datasets\raw\classification\ct-kidney\Normal\Normal- (1652).jpg,Normal,0
D:\Final Sem Project\KidneyStoneAI\datasets\raw\classification\ct-kidney\Normal\Normal- (1909).jpg,Normal,0
D:\Final Sem Project\KidneyStoneAI\datasets\raw\classification\ct-kidney\Normal\Normal- (3811).jpg,Normal,0
D:\Final Sem Project\KidneyStoneAI\datasets\raw\classification\ct-kidney\Normal\Normal- (1084).jpg,Normal,0
D:\Final Sem Project\KidneyStoneAI\datasets\raw\classification\ct-kidney\Normal\Normal- (2267).jpg,Normal,0
D:\Final Sem Project\KidneyStoneAI\datasets\raw\classification\ct-kidney\Normal\Normal- (2713).jpg,Normal,0
D:\Final Sem Project\KidneyStoneAI\datasets\raw\classification\ct-kidney\Normal\Normal- (2084).jpg,Normal,0
D:\Final Sem Project\KidneyStoneAI\datasets\raw\classification\ct-kidney\Normal\Normal- (2767).jpg,Normal,0
D:\Final Sem Project\KidneyStoneAI\datasets\raw\classification\ct-kidney\Normal\Normal- (770).jpg,Normal,0
D:\Final Sem Project\KidneyStoneAI\datasets\raw\classification\ct-kidney\Normal\Normal- (197).jpg,Normal,0
D:\Final Sem Project\KidneyStoneAI\datasets\raw\classification\ct-kidney\Normal\Normal- (2633).jpg,Normal,0
D:\Final Sem Project\KidneyStoneAI\datasets\raw\classification\ct-kidney\Normal\Normal- (2940).jpg,Normal,0
D:\Final Sem Project\KidneyStoneAI\datasets\raw\classification\ct-kidney\Normal\Normal- (1374).jpg,Normal,0
D:\Final Sem Project\KidneyStoneAI\datasets\raw\classification\ct-kidney\Normal\Normal- (1491).jpg,Normal,0
D:\Final Sem Project\KidneyStoneAI\datasets\raw\classification\ct-kidney\Stone\Stone- (932).jpg,Stone,1
D:\Final Sem Project\KidneyStoneAI\datasets\raw\classification\ct-kidney\Normal\Normal- (68).jpg,Normal,0
D:\Final Sem Project\KidneyStoneAI\datasets\raw\classification\ct-kidney\Stone\Stone- (75).jpg,Stone,1
D:\Final Sem Project\KidneyStoneAI\datasets\raw\classification\ct-kidney\Normal\Normal- (519).jpg,Normal,0
D:\Final Sem Project\KidneyStoneAI\datasets\raw\classification\ct-kidney\Normal\Normal- (4875).jpg,Normal,0
D:\Final Sem Project\KidneyStoneAI\datasets\raw\classification\ct-kidney\Normal\Normal- (2562).jpg,Normal,0
D:\Final Sem Project\KidneyStoneAI\datasets\raw\classification\ct-kidney\Normal\Normal- (1571).jpg,Normal,0
D:\Final Sem Project\KidneyStoneAI\datasets\raw\classification\ct-kidney\Normal\Normal- (3903).jpg,Normal,0
D:\Final Sem Project\KidneyStoneAI\datasets\raw\classification\ct-kidney\Normal\Normal- (4552).jpg,Normal,0
D:\Final Sem Project\KidneyStoneAI\datasets\raw\classification\ct-kidney\Stone\Stone- (559).jpg,Stone,1
D:\Final Sem Project\KidneyStoneAI\datasets\raw\classification\ct-kidney\Normal\Normal- (2724).jpg,Normal,0
D:\Final Sem Project\KidneyStoneAI\datasets\raw\classification\ct-kidney\Normal\Normal- (1420).jpg,Normal,0
D:\Final Sem Project\KidneyStoneAI\datasets\raw\classification\ct-kidney\Normal\Normal- (1784).jpg,Normal,0
D:\Final Sem Project\KidneyStoneAI\datasets\raw\classification\ct-kidney\Normal\Normal- (1280).jpg,Normal,0
D:\Final Sem Project\KidneyStoneAI\datasets\raw\classification\ct-kidney\Normal\Normal- (2111).jpg,Normal,0
D:\Final Sem Project\KidneyStoneAI\datasets\raw\classification\ct-kidney\Normal\Normal- (1151).jpg,Normal,0
D:\Final Sem Project\KidneyStoneAI\datasets\raw\classification\ct-kidney\Stone\Stone- (883).jpg,Stone,1
D:\Final Sem Project\KidneyStoneAI\datasets\raw\classification\ct-kidney\Normal\Normal- (45).jpg,Normal,0
D:\Final Sem Project\KidneyStoneAI\datasets\raw\classification\ct-kidney\Normal\Normal- (3737).jpg,Normal,0
D:\Final Sem Project\KidneyStoneAI\datasets\raw\classification\ct-kidney\Normal\Normal- (2804).jpg,Normal,0
D:\Final Sem Project\KidneyStoneAI\datasets\raw\classification\ct-kidney\Stone\Stone- (1160).jpg,Stone,1
D:\Final Sem Project\KidneyStoneAI\datasets\raw\classification\ct-kidney\Stone\Stone- (857).jpg,Stone,1
D:\Final Sem Project\KidneyStoneAI\datasets\raw\classification\ct-kidney\Normal\Normal- (3295).jpg,Normal,0
D:\Final Sem Project\KidneyStoneAI\datasets\raw\classification\ct-kidney\Normal\Normal- (1980).jpg,Normal,0
D:\Final Sem Project\KidneyStoneAI\datasets\raw\classification\ct-kidney\Stone\Stone- (921).jpg,Stone,1
D:\Final Sem Project\KidneyStoneAI\datasets\raw\classification\ct-kidney\Normal\Normal- (529).jpg,Normal,0
D:\Final Sem Project\KidneyStoneAI\datasets\raw\classification\ct-kidney\Normal\Normal- (70).jpg,Normal,0
D:\Final Sem Project\KidneyStoneAI\datasets\raw\classification\ct-kidney\Stone\Stone- (284).jpg,Stone,1
D:\Final Sem Project\KidneyStoneAI\datasets\raw\classification\ct-kidney\Normal\Normal- (50).jpg,Normal,0
D:\Final Sem Project\KidneyStoneAI\datasets\raw\classification\ct-kidney\Normal\Normal- (2636).jpg,Normal,0
D:\Final Sem Project\KidneyStoneAI\datasets\raw\classification\ct-kidney\Normal\Normal- (613).jpg,Normal,0
D:\Final Sem Project\KidneyStoneAI\datasets\raw\classification\ct-kidney\Stone\Stone- (211).jpg,Stone,1
D:\Final Sem Project\KidneyStoneAI\datasets\raw\classification\ct-kidney\Normal\Normal- (3996).jpg,Normal,0
D:\Final Sem Project\KidneyStoneAI\datasets\raw\classification\ct-kidney\Normal\Normal- (2316).jpg,Normal,0
D:\Final Sem Project\KidneyStoneAI\datasets\raw\classification\ct-kidney\Normal\Normal- (3619).jpg,Normal,0
D:\Final Sem Project\KidneyStoneAI\datasets\raw\classification\ct-kidney\Normal\Normal- (2106).jpg,Normal,0
D:\Final Sem Project\KidneyStoneAI\datasets\raw\classification\ct-kidney\Normal\Normal- (453).jpg,Normal,0
D:\Final Sem Project\KidneyStoneAI\datasets\raw\classification\ct-kidney\Normal\Normal- (4411).jpg,Normal,0
D:\Final Sem Project\KidneyStoneAI\datasets\raw\classification\ct-kidney\Normal\Normal- (729).jpg,Normal,0
D:\Final Sem Project\KidneyStoneAI\datasets\raw\classification\ct-kidney\Normal\Normal- (4120).jpg,Normal,0
D:\Final Sem Project\KidneyStoneAI\datasets\raw\classification\ct-kidney\Normal\Normal- (194).jpg,Normal,0
D:\Final Sem Project\KidneyStoneAI\datasets\raw\classification\ct-kidney\Stone\Stone- (245).jpg,Stone,1
D:\Final Sem Project\KidneyStoneAI\datasets\raw\classification\ct-kidney\Normal\Normal- (4657).jpg,Normal,0
D:\Final Sem Project\KidneyStoneAI\datasets\raw\classification\ct-kidney\Normal\Normal- (280).jpg,Normal,0
D:\Final Sem Project\KidneyStoneAI\datasets\raw\classification\ct-kidney\Normal\Normal- (822).jpg,Normal,0
D:\Final Sem Project\KidneyStoneAI\datasets\raw\classification\ct-kidney\Normal\Normal- (780).jpg,Normal,0
D:\Final Sem Project\KidneyStoneAI\datasets\raw\classification\ct-kidney\Normal\Normal- (3361).jpg,Normal,0
D:\Final Sem Project\KidneyStoneAI\datasets\raw\classification\ct-kidney\Stone\Stone- (1133).jpg,Stone,1
D:\Final Sem Project\KidneyStoneAI\datasets\raw\classification\ct-kidney\Normal\Normal- (1846).jpg,Normal,0
D:\Final Sem Project\KidneyStoneAI\datasets\raw\classification\ct-kidney\Normal\Normal- (4852).jpg,Normal,0
D:\Final Sem Project\KidneyStoneAI\datasets\raw\classification\ct-kidney\Stone\Stone- (534).jpg,Stone,1
D:\Final Sem Project\KidneyStoneAI\datasets\raw\classification\ct-kidney\Normal\Normal- (3574).jpg,Normal,0
D:\Final Sem Project\KidneyStoneAI\datasets\raw\classification\ct-kidney\Normal\Normal- (3862).jpg,Normal,0
D:\Final Sem Project\KidneyStoneAI\datasets\raw\classification\ct-kidney\Normal\Normal- (4833).jpg,Normal,0
D:\Final Sem Project\KidneyStoneAI\datasets\raw\classification\ct-kidney\Normal\Normal- (2261).jpg,Normal,0
D:\Final Sem Project\KidneyStoneAI\datasets\raw\classification\ct-kidney\Normal\Normal- (3449).jpg,Normal,0
D:\Final Sem Project\KidneyStoneAI\datasets\raw\classification\ct-kidney\Normal\Normal- (4486).jpg,Normal,0
D:\Final Sem Project\KidneyStoneAI\datasets\raw\classification\ct-kidney\Normal\Normal- (878).jpg,Normal,0
D:\Final Sem Project\KidneyStoneAI\datasets\raw\classification\ct-kidney\Normal\Normal- (4548).jpg,Normal,0
D:\Final Sem Project\KidneyStoneAI\datasets\raw\classification\ct-kidney\Normal\Normal- (1095).jpg,Normal,0
D:\Final Sem Project\KidneyStoneAI\datasets\raw\classification\ct-kidney\Normal\Normal- (4703).jpg,Normal,0
D:\Final Sem Project\KidneyStoneAI\datasets\raw\classification\ct-kidney\Stone\Stone- (991).jpg,Stone,1
D:\Final Sem Project\KidneyStoneAI\datasets\raw\classification\ct-kidney\Normal\Normal- (1816).jpg,Normal,0
D:\Final Sem Project\KidneyStoneAI\datasets\raw\classification\ct-kidney\Normal\Normal- (2360).jpg,Normal,0
D:\Final Sem Project\KidneyStoneAI\datasets\raw\classification\ct-kidney\Normal\Normal- (854).jpg,Normal,0
D:\Final Sem Project\KidneyStoneAI\datasets\raw\classification\ct-kidney\Normal\Normal- (3570).jpg,Normal,0
D:\Final Sem Project\KidneyStoneAI\datasets\raw\classification\ct-kidney\Normal\Normal- (3285).jpg,Normal,0
D:\Final Sem Project\KidneyStoneAI\datasets\raw\classification\ct-kidney\Normal\Normal- (3686).jpg,Normal,0
D:\Final Sem Project\KidneyStoneAI\datasets\raw\classification\ct-kidney\Stone\Stone- (124).jpg,Stone,1
D:\Final Sem Project\KidneyStoneAI\datasets\raw\classification\ct-kidney\Normal\Normal- (2190).jpg,Normal,0
D:\Final Sem Project\KidneyStoneAI\datasets\raw\classification\ct-kidney\Normal\Normal- (2188).jpg,Normal,0
D:\Final Sem Project\KidneyStoneAI\datasets\raw\classification\ct-kidney\Normal\Normal- (4101).jpg,Normal,0
D:\Final Sem Project\KidneyStoneAI\datasets\raw\classification\ct-kidney\Normal\Normal- (4029).jpg,Normal,0
D:\Final Sem Project\KidneyStoneAI\datasets\raw\classification\ct-kidney\Normal\Normal- (3431).jpg,Normal,0
D:\Final Sem Project\KidneyStoneAI\datasets\raw\classification\ct-kidney\Normal\Normal- (3843).jpg,Normal,0
D:\Final Sem Project\KidneyStoneAI\datasets\raw\classification\ct-kidney\Normal\Normal- (1989).jpg,Normal,0
D:\Final Sem Project\KidneyStoneAI\datasets\raw\classification\ct-kidney\Stone\Stone- (877).jpg,Stone,1
D:\Final Sem Project\KidneyStoneAI\datasets\raw\classification\ct-kidney\Normal\Normal- (879).jpg,Normal,0
D:\Final Sem Project\KidneyStoneAI\datasets\raw\classification\ct-kidney\Normal\Normal- (1822).jpg,Normal,0
D:\Final Sem Project\KidneyStoneAI\datasets\raw\classification\ct-kidney\Normal\Normal- (1995).jpg,Normal,0
D:\Final Sem Project\KidneyStoneAI\datasets\raw\classification\ct-kidney\Stone\Stone- (173).jpg,Stone,1
D:\Final Sem Project\KidneyStoneAI\datasets\raw\classification\ct-kidney\Normal\Normal- (371).jpg,Normal,0
D:\Final Sem Project\KidneyStoneAI\datasets\raw\classification\ct-kidney\Normal\Normal- (2560).jpg,Normal,0
D:\Final Sem Project\KidneyStoneAI\datasets\raw\classification\ct-kidney\Stone\Stone- (499).jpg,Stone,1
D:\Final Sem Project\KidneyStoneAI\datasets\raw\classification\ct-kidney\Normal\Normal- (1244).jpg,Normal,0
D:\Final Sem Project\KidneyStoneAI\datasets\raw\classification\ct-kidney\Stone\Stone- (646).jpg,Stone,1
D:\Final Sem Project\KidneyStoneAI\datasets\raw\classification\ct-kidney\Normal\Normal- (2566).jpg,Normal,0
D:\Final Sem Project\KidneyStoneAI\datasets\raw\classification\ct-kidney\Normal\Normal- (494).jpg,Normal,0
D:\Final Sem Project\KidneyStoneAI\datasets\raw\classification\ct-kidney\Stone\Stone- (433).jpg,Stone,1
D:\Final Sem Project\KidneyStoneAI\datasets\raw\classification\ct-kidney\Stone\Stone- (112).jpg,Stone,1
D:\Final Sem Project\KidneyStoneAI\datasets\raw\classification\ct-kidney\Stone\Stone- (1348).jpg,Stone,1
D:\Final Sem Project\KidneyStoneAI\datasets\raw\classification\ct-kidney\Normal\Normal- (3151).jpg,Normal,0
D:\Final Sem Project\KidneyStoneAI\datasets\raw\classification\ct-kidney\Normal\Normal- (577).jpg,Normal,0
D:\Final Sem Project\KidneyStoneAI\datasets\raw\classification\ct-kidney\Stone\Stone- (393).jpg,Stone,1
D:\Final Sem Project\KidneyStoneAI\datasets\raw\classification\ct-kidney\Normal\Normal- (1854).jpg,Normal,0
D:\Final Sem Project\KidneyStoneAI\datasets\raw\classification\ct-kidney\Stone\Stone- (1042).jpg,Stone,1
D:\Final Sem Project\KidneyStoneAI\datasets\raw\classification\ct-kidney\Stone\Stone- (99).jpg,Stone,1
D:\Final Sem Project\KidneyStoneAI\datasets\raw\classification\ct-kidney\Normal\Normal- (4321).jpg,Normal,0
D:\Final Sem Project\KidneyStoneAI\datasets\raw\classification\ct-kidney\Normal\Normal- (4342).jpg,Normal,0
D:\Final Sem Project\KidneyStoneAI\datasets\raw\classification\ct-kidney\Normal\Normal- (4234).jpg,Normal,0
D:\Final Sem Project\KidneyStoneAI\datasets\raw\classification\ct-kidney\Normal\Normal- (2914).jpg,Normal,0
D:\Final Sem Project\KidneyStoneAI\datasets\raw\classification\ct-kidney\Stone\Stone- (871).jpg,Stone,1
D:\Final Sem Project\KidneyStoneAI\datasets\raw\classification\ct-kidney\Normal\Normal- (1559).jpg,Normal,0
D:\Final Sem Project\KidneyStoneAI\datasets\raw\classification\ct-kidney\Normal\Normal- (2387).jpg,Normal,0
D:\Final Sem Project\KidneyStoneAI\datasets\raw\classification\ct-kidney\Normal\Normal- (373).jpg,Normal,0
D:\Final Sem Project\KidneyStoneAI\datasets\raw\classification\ct-kidney\Normal\Normal- (1233).jpg,Normal,0
D:\Final Sem Project\KidneyStoneAI\datasets\raw\classification\ct-kidney\Normal\Normal- (855).jpg,Normal,0
D:\Final Sem Project\KidneyStoneAI\datasets\raw\classification\ct-kidney\Normal\Normal- (3961).jpg,Normal,0
D:\Final Sem Project\KidneyStoneAI\datasets\raw\classification\ct-kidney\Normal\Normal- (2558).jpg,Normal,0
D:\Final Sem Project\KidneyStoneAI\datasets\raw\classification\ct-kidney\Normal\Normal- (2598).jpg,Normal,0
D:\Final Sem Project\KidneyStoneAI\datasets\raw\classification\ct-kidney\Stone\Stone- (1350).jpg,Stone,1
D:\Final Sem Project\KidneyStoneAI\datasets\raw\classification\ct-kidney\Normal\Normal- (909).jpg,Normal,0
D:\Final Sem Project\KidneyStoneAI\datasets\raw\classification\ct-kidney\Normal\Normal- (3956).jpg,Normal,0
D:\Final Sem Project\KidneyStoneAI\datasets\raw\classification\ct-kidney\Normal\Normal- (755).jpg,Normal,0
D:\Final Sem Project\KidneyStoneAI\datasets\raw\classification\ct-kidney\Stone\Stone- (243).jpg,Stone,1
D:\Final Sem Project\KidneyStoneAI\datasets\raw\classification\ct-kidney\Normal\Normal- (1820).jpg,Normal,0
D:\Final Sem Project\KidneyStoneAI\datasets\raw\classification\ct-kidney\Normal\Normal- (2645).jpg,Normal,0
D:\Final Sem Project\KidneyStoneAI\datasets\raw\classification\ct-kidney\Normal\Normal- (483).jpg,Normal,0
D:\Final Sem Project\KidneyStoneAI\datasets\raw\classification\ct-kidney\Stone\Stone- (773).jpg,Stone,1
D:\Final Sem Project\KidneyStoneAI\datasets\raw\classification\ct-kidney\Normal\Normal- (3977).jpg,Normal,0
D:\Final Sem Project\KidneyStoneAI\datasets\raw\classification\ct-kidney\Normal\Normal- (3137).jpg,Normal,0
D:\Final Sem Project\KidneyStoneAI\datasets\raw\classification\ct-kidney\Normal\Normal- (4697).jpg,Normal,0
D:\Final Sem Project\KidneyStoneAI\datasets\raw\classification\ct-kidney\Stone\Stone- (533).jpg,Stone,1
D:\Final Sem Project\KidneyStoneAI\datasets\raw\classification\ct-kidney\Normal\Normal- (181).jpg,Normal,0
D:\Final Sem Project\KidneyStoneAI\datasets\raw\classification\ct-kidney\Normal\Normal- (4524).jpg,Normal,0
D:\Final Sem Project\KidneyStoneAI\datasets\raw\classification\ct-kidney\Normal\Normal- (3788).jpg,Normal,0
D:\Final Sem Project\KidneyStoneAI\datasets\raw\classification\ct-kidney\Normal\Normal- (461).jpg,Normal,0
D:\Final Sem Project\KidneyStoneAI\datasets\raw\classification\ct-kidney\Normal\Normal- (5036).jpg,Normal,0
D:\Final Sem Project\KidneyStoneAI\datasets\raw\classification\ct-kidney\Normal\Normal- (4362).jpg,Normal,0
D:\Final Sem Project\KidneyStoneAI\datasets\raw\classification\ct-kidney\Stone\Stone- (816).jpg,Stone,1
D:\Final Sem Project\KidneyStoneAI\datasets\raw\classification\ct-kidney\Normal\Normal- (2888).jpg,Normal,0
D:\Final Sem Project\KidneyStoneAI\datasets\raw\classification\ct-kidney\Normal\Normal- (2986).jpg,Normal,0
D:\Final Sem Project\KidneyStoneAI\datasets\raw\classification\ct-kidney\Normal\Normal- (812).jpg,Normal,0
D:\Final Sem Project\KidneyStoneAI\datasets\raw\classification\ct-kidney\Stone\Stone- (568).jpg,Stone,1
D:\Final Sem Project\KidneyStoneAI\datasets\raw\classification\ct-kidney\Normal\Normal- (4660).jpg,Normal,0
D:\Final Sem Project\KidneyStoneAI\datasets\raw\classification\ct-kidney\Normal\Normal- (3004).jpg,Normal,0
D:\Final Sem Project\KidneyStoneAI\datasets\raw\classification\ct-kidney\Normal\Normal- (4389).jpg,Normal,0
D:\Final Sem Project\KidneyStoneAI\datasets\raw\classification\ct-kidney\Stone\Stone- (587).jpg,Stone,1
D:\Final Sem Project\KidneyStoneAI\datasets\raw\classification\ct-kidney\Stone\Stone- (1294).jpg,Stone,1
D:\Final Sem Project\KidneyStoneAI\datasets\raw\classification\ct-kidney\Normal\Normal- (2490).jpg,Normal,0
D:\Final Sem Project\KidneyStoneAI\datasets\raw\classification\ct-kidney\Stone\Stone- (1173).jpg,Stone,1
D:\Final Sem Project\KidneyStoneAI\datasets\raw\classification\ct-kidney\Normal\Normal- (1300).jpg,Normal,0
D:\Final Sem Project\KidneyStoneAI\datasets\raw\classification\ct-kidney\Normal\Normal- (4123).jpg,Normal,0
D:\Final Sem Project\KidneyStoneAI\datasets\raw\classification\ct-kidney\Normal\Normal- (2670).jpg,Normal,0
D:\Final Sem Project\KidneyStoneAI\datasets\raw\classification\ct-kidney\Normal\Normal- (1833).jpg,Normal,0
D:\Final Sem Project\KidneyStoneAI\datasets\raw\classification\ct-kidney\Normal\Normal- (1359).jpg,Normal,0
D:\Final Sem Project\KidneyStoneAI\datasets\raw\classification\ct-kidney\Normal\Normal- (2307).jpg,Normal,0
D:\Final Sem Project\KidneyStoneAI\datasets\raw\classification\ct-kidney\Normal\Normal- (3117).jpg,Normal,0
D:\Final Sem Project\KidneyStoneAI\datasets\raw\classification\ct-kidney\Stone\Stone- (1204).jpg,Stone,1
D:\Final Sem Project\KidneyStoneAI\datasets\raw\classification\ct-kidney\Normal\Normal- (563).jpg,Normal,0
D:\Final Sem Project\KidneyStoneAI\datasets\raw\classification\ct-kidney\Stone\Stone- (1040).jpg,Stone,1
D:\Final Sem Project\KidneyStoneAI\datasets\raw\classification\ct-kidney\Normal\Normal- (1983).jpg,Normal,0
D:\Final Sem Project\KidneyStoneAI\datasets\raw\classification\ct-kidney\Stone\Stone- (282).jpg,Stone,1
D:\Final Sem Project\KidneyStoneAI\datasets\raw\classification\ct-kidney\Normal\Normal- (2786).jpg,Normal,0
D:\Final Sem Project\KidneyStoneAI\datasets\raw\classification\ct-kidney\Normal\Normal- (745).jpg,Normal,0
D:\Final Sem Project\KidneyStoneAI\datasets\raw\classification\ct-kidney\Normal\Normal- (1291).jpg,Normal,0
D:\Final Sem Project\KidneyStoneAI\datasets\raw\classification\ct-kidney\Normal\Normal- (3264).jpg,Normal,0
D:\Final Sem Project\KidneyStoneAI\datasets\raw\classification\ct-kidney\Normal\Normal- (4641).jpg,Normal,0
D:\Final Sem Project\KidneyStoneAI\datasets\raw\classification\ct-kidney\Normal\Normal- (891).jpg,Normal,0
D:\Final Sem Project\KidneyStoneAI\datasets\raw\classification\ct-kidney\Normal\Normal- (721).jpg,Normal,0
D:\Final Sem Project\KidneyStoneAI\datasets\raw\classification\ct-kidney\Normal\Normal- (1395).jpg,Normal,0
D:\Final Sem Project\KidneyStoneAI\datasets\raw\classification\ct-kidney\Normal\Normal- (3203).jpg,Normal,0
D:\Final Sem Project\KidneyStoneAI\datasets\raw\classification\ct-kidney\Normal\Normal- (119).jpg,Normal,0
D:\Final Sem Project\KidneyStoneAI\datasets\raw\classification\ct-kidney\Normal\Normal- (987).jpg,Normal,0
D:\Final Sem Project\KidneyStoneAI\datasets\raw\classification\ct-kidney\Normal\Normal- (3168).jpg,Normal,0
D:\Final Sem Project\KidneyStoneAI\datasets\raw\classification\ct-kidney\Normal\Normal- (3177).jpg,Normal,0
D:\Final Sem Project\KidneyStoneAI\datasets\raw\classification\ct-kidney\Stone\Stone- (475).jpg,Stone,1
D:\Final Sem Project\KidneyStoneAI\datasets\raw\classification\ct-kidney\Stone\Stone- (62).jpg,Stone,1
D:\Final Sem Project\KidneyStoneAI\datasets\raw\classification\ct-kidney\Normal\Normal- (4633).jpg,Normal,0
D:\Final Sem Project\KidneyStoneAI\datasets\raw\classification\ct-kidney\Normal\Normal- (1872).jpg,Normal,0
D:\Final Sem Project\KidneyStoneAI\datasets\raw\classification\ct-kidney\Stone\Stone- (1164).jpg,Stone,1
D:\Final Sem Project\KidneyStoneAI\datasets\raw\classification\ct-kidney\Normal\Normal- (960).jpg,Normal,0
D:\Final Sem Project\KidneyStoneAI\datasets\raw\classification\ct-kidney\Normal\Normal- (1855).jpg,Normal,0
D:\Final Sem Project\KidneyStoneAI\datasets\raw\classification\ct-kidney\Normal\Normal- (1858).jpg,Normal,0
D:\Final Sem Project\KidneyStoneAI\datasets\raw\classification\ct-kidney\Stone\Stone- (192).jpg,Stone,1
D:\Final Sem Project\KidneyStoneAI\datasets\raw\classification\ct-kidney\Normal\Normal- (1868).jpg,Normal,0
D:\Final Sem Project\KidneyStoneAI\datasets\raw\classification\ct-kidney\Normal\Normal- (2917).jpg,Normal,0
D:\Final Sem Project\KidneyStoneAI\datasets\raw\classification\ct-kidney\Stone\Stone- (1289).jpg,Stone,1
D:\Final Sem Project\KidneyStoneAI\datasets\raw\classification\ct-kidney\Normal\Normal- (2389).jpg,Normal,0
D:\Final Sem Project\KidneyStoneAI\datasets\raw\classification\ct-kidney\Normal\Normal- (3452).jpg,Normal,0
D:\Final Sem Project\KidneyStoneAI\datasets\raw\classification\ct-kidney\Normal\Normal- (1314).jpg,Normal,0
D:\Final Sem Project\KidneyStoneAI\datasets\raw\classification\ct-kidney\Normal\Normal- (1180).jpg,Normal,0
D:\Final Sem Project\KidneyStoneAI\datasets\raw\classification\ct-kidney\Stone\Stone- (749).jpg,Stone,1
D:\Final Sem Project\KidneyStoneAI\datasets\raw\classification\ct-kidney\Normal\Normal- (4436).jpg,Normal,0
D:\Final Sem Project\KidneyStoneAI\datasets\raw\classification\ct-kidney\Stone\Stone- (199).jpg,Stone,1
D:\Final Sem Project\KidneyStoneAI\datasets\raw\classification\ct-kidney\Normal\Normal- (3279).jpg,Normal,0
D:\Final Sem Project\KidneyStoneAI\datasets\raw\classification\ct-kidney\Normal\Normal- (510).jpg,Normal,0
D:\Final Sem Project\KidneyStoneAI\datasets\raw\classification\ct-kidney\Stone\Stone- (1008).jpg,Stone,1
D:\Final Sem Project\KidneyStoneAI\datasets\raw\classification\ct-kidney\Normal\Normal- (4760).jpg,Normal,0
D:\Final Sem Project\KidneyStoneAI\datasets\raw\classification\ct-kidney\Normal\Normal- (3598).jpg,Normal,0
D:\Final Sem Project\KidneyStoneAI\datasets\raw\classification\ct-kidney\Normal\Normal- (3429).jpg,Normal,0
D:\Final Sem Project\KidneyStoneAI\datasets\raw\classification\ct-kidney\Normal\Normal- (2778).jpg,Normal,0
D:\Final Sem Project\KidneyStoneAI\datasets\raw\classification\ct-kidney\Normal\Normal- (3516).jpg,Normal,0
D:\Final Sem Project\KidneyStoneAI\datasets\raw\classification\ct-kidney\Normal\Normal- (1275).jpg,Normal,0
D:\Final Sem Project\KidneyStoneAI\datasets\raw\classification\ct-kidney\Stone\Stone- (1038).jpg,Stone,1
D:\Final Sem Project\KidneyStoneAI\datasets\raw\classification\ct-kidney\Normal\Normal- (10).jpg,Normal,0
D:\Final Sem Project\KidneyStoneAI\datasets\raw\classification\ct-kidney\Stone\Stone- (454).jpg,Stone,1
D:\Final Sem Project\KidneyStoneAI\datasets\raw\classification\ct-kidney\Normal\Normal- (2176).jpg,Normal,0
D:\Final Sem Project\KidneyStoneAI\datasets\raw\classification\ct-kidney\Stone\Stone- (1326).jpg,Stone,1
D:\Final Sem Project\KidneyStoneAI\datasets\raw\classification\ct-kidney\Normal\Normal- (4077).jpg,Normal,0
D:\Final Sem Project\KidneyStoneAI\datasets\raw\classification\ct-kidney\Normal\Normal- (4927).jpg,Normal,0
D:\Final Sem Project\KidneyStoneAI\datasets\raw\classification\ct-kidney\Stone\Stone- (990).jpg,Stone,1
D:\Final Sem Project\KidneyStoneAI\datasets\raw\classification\ct-kidney\Normal\Normal- (1887).jpg,Normal,0
D:\Final Sem Project\KidneyStoneAI\datasets\raw\classification\ct-kidney\Normal\Normal- (2849).jpg,Normal,0
D:\Final Sem Project\KidneyStoneAI\datasets\raw\classification\ct-kidney\Normal\Normal- (3372).jpg,Normal,0
D:\Final Sem Project\KidneyStoneAI\datasets\raw\classification\ct-kidney\Normal\Normal- (94).jpg,Normal,0
D:\Final Sem Project\KidneyStoneAI\datasets\raw\classification\ct-kidney\Normal\Normal- (2811).jpg,Normal,0
D:\Final Sem Project\KidneyStoneAI\datasets\raw\classification\ct-kidney\Normal\Normal- (2315).jpg,Normal,0
D:\Final Sem Project\KidneyStoneAI\datasets\raw\classification\ct-kidney\Normal\Normal- (3539).jpg,Normal,0
D:\Final Sem Project\KidneyStoneAI\datasets\raw\classification\ct-kidney\Normal\Normal- (4615).jpg,Normal,0
D:\Final Sem Project\KidneyStoneAI\datasets\raw\classification\ct-kidney\Normal\Normal- (3773).jpg,Normal,0
D:\Final Sem Project\KidneyStoneAI\datasets\raw\classification\ct-kidney\Normal\Normal- (90).jpg,Normal,0
D:\Final Sem Project\KidneyStoneAI\datasets\raw\classification\ct-kidney\Stone\Stone- (1185).jpg,Stone,1
D:\Final Sem Project\KidneyStoneAI\datasets\raw\classification\ct-kidney\Normal\Normal- (788).jpg,Normal,0
D:\Final Sem Project\KidneyStoneAI\datasets\raw\classification\ct-kidney\Normal\Normal- (3309).jpg,Normal,0
D:\Final Sem Project\KidneyStoneAI\datasets\raw\classification\ct-kidney\Stone\Stone- (121).jpg,Stone,1
D:\Final Sem Project\KidneyStoneAI\datasets\raw\classification\ct-kidney\Normal\Normal- (1475).jpg,Normal,0
D:\Final Sem Project\KidneyStoneAI\datasets\raw\classification\ct-kidney\Normal\Normal- (3612).jpg,Normal,0
D:\Final Sem Project\KidneyStoneAI\datasets\raw\classification\ct-kidney\Stone\Stone- (94).jpg,Stone,1
D:\Final Sem Project\KidneyStoneAI\datasets\raw\classification\ct-kidney\Stone\Stone- (947).jpg,Stone,1
D:\Final Sem Project\KidneyStoneAI\datasets\raw\classification\ct-kidney\Normal\Normal- (1834).jpg,Normal,0
D:\Final Sem Project\KidneyStoneAI\datasets\raw\classification\ct-kidney\Normal\Normal- (155).jpg,Normal,0
D:\Final Sem Project\KidneyStoneAI\datasets\raw\classification\ct-kidney\Normal\Normal- (130).jpg,Normal,0
D:\Final Sem Project\KidneyStoneAI\datasets\raw\classification\ct-kidney\Normal\Normal- (2163).jpg,Normal,0
D:\Final Sem Project\KidneyStoneAI\datasets\raw\classification\ct-kidney\Normal\Normal- (3331).jpg,Normal,0
D:\Final Sem Project\KidneyStoneAI\datasets\raw\classification\ct-kidney\Normal\Normal- (2761).jpg,Normal,0
D:\Final Sem Project\KidneyStoneAI\datasets\raw\classification\ct-kidney\Normal\Normal- (4279).jpg,Normal,0
D:\Final Sem Project\KidneyStoneAI\datasets\raw\classification\ct-kidney\Stone\Stone- (664).jpg,Stone,1
D:\Final Sem Project\KidneyStoneAI\datasets\raw\classification\ct-kidney\Stone\Stone- (813).jpg,Stone,1
D:\Final Sem Project\KidneyStoneAI\datasets\raw\classification\ct-kidney\Normal\Normal- (1893).jpg,Normal,0
D:\Final Sem Project\KidneyStoneAI\datasets\raw\classification\ct-kidney\Normal\Normal- (435).jpg,Normal,0
D:\Final Sem Project\KidneyStoneAI\datasets\raw\classification\ct-kidney\Normal\Normal- (105).jpg,Normal,0
D:\Final Sem Project\KidneyStoneAI\datasets\raw\classification\ct-kidney\Normal\Normal- (5022).jpg,Normal,0
D:\Final Sem Project\KidneyStoneAI\datasets\raw\classification\ct-kidney\Stone\Stone- (505).jpg,Stone,1
D:\Final Sem Project\KidneyStoneAI\datasets\raw\classification\ct-kidney\Normal\Normal- (2846).jpg,Normal,0
D:\Final Sem Project\KidneyStoneAI\datasets\raw\classification\ct-kidney\Normal\Normal- (2127).jpg,Normal,0
D:\Final Sem Project\KidneyStoneAI\datasets\raw\classification\ct-kidney\Normal\Normal- (4836).jpg,Normal,0
D:\Final Sem Project\KidneyStoneAI\datasets\raw\classification\ct-kidney\Normal\Normal- (2678).jpg,Normal,0
D:\Final Sem Project\KidneyStoneAI\datasets\raw\classification\ct-kidney\Normal\Normal- (4701).jpg,Normal,0
D:\Final Sem Project\KidneyStoneAI\datasets\raw\classification\ct-kidney\Normal\Normal- (2197).jpg,Normal,0
D:\Final Sem Project\KidneyStoneAI\datasets\raw\classification\ct-kidney\Normal\Normal- (2899).jpg,Normal,0
D:\Final Sem Project\KidneyStoneAI\datasets\raw\classification\ct-kidney\Normal\Normal- (1315).jpg,Normal,0
D:\Final Sem Project\KidneyStoneAI\datasets\raw\classification\ct-kidney\Stone\Stone- (623).jpg,Stone,1
D:\Final Sem Project\KidneyStoneAI\datasets\raw\classification\ct-kidney\Stone\Stone- (730).jpg,Stone,1
D:\Final Sem Project\KidneyStoneAI\datasets\raw\classification\ct-kidney\Normal\Normal- (1759).jpg,Normal,0
D:\Final Sem Project\KidneyStoneAI\datasets\raw\classification\ct-kidney\Stone\Stone- (878).jpg,Stone,1
D:\Final Sem Project\KidneyStoneAI\datasets\raw\classification\ct-kidney\Normal\Normal- (5008).jpg,Normal,0
D:\Final Sem Project\KidneyStoneAI\datasets\raw\classification\ct-kidney\Normal\Normal- (3195).jpg,Normal,0
D:\Final Sem Project\KidneyStoneAI\datasets\raw\classification\ct-kidney\Normal\Normal- (1794).jpg,Normal,0
D:\Final Sem Project\KidneyStoneAI\datasets\raw\classification\ct-kidney\Normal\Normal- (912).jpg,Normal,0
D:\Final Sem Project\KidneyStoneAI\datasets\raw\classification\ct-kidney\Normal\Normal- (3798).jpg,Normal,0
D:\Final Sem Project\KidneyStoneAI\datasets\raw\classification\ct-kidney\Normal\Normal- (4283).jpg,Normal,0
D:\Final Sem Project\KidneyStoneAI\datasets\raw\classification\ct-kidney\Normal\Normal- (1772).jpg,Normal,0
D:\Final Sem Project\KidneyStoneAI\datasets\raw\classification\ct-kidney\Stone\Stone- (400).jpg,Stone,1
D:\Final Sem Project\KidneyStoneAI\datasets\raw\classification\ct-kidney\Normal\Normal- (220).jpg,Normal,0
D:\Final Sem Project\KidneyStoneAI\datasets\raw\classification\ct-kidney\Normal\Normal- (3902).jpg,Normal,0
D:\Final Sem Project\KidneyStoneAI\datasets\raw\classification\ct-kidney\Stone\Stone- (842).jpg,Stone,1
D:\Final Sem Project\KidneyStoneAI\datasets\raw\classification\ct-kidney\Normal\Normal- (1168).jpg,Normal,0
D:\Final Sem Project\KidneyStoneAI\datasets\raw\classification\ct-kidney\Stone\Stone- (1239).jpg,Stone,1
D:\Final Sem Project\KidneyStoneAI\datasets\raw\classification\ct-kidney\Normal\Normal- (491).jpg,Normal,0
D:\Final Sem Project\KidneyStoneAI\datasets\raw\classification\ct-kidney\Normal\Normal- (928).jpg,Normal,0
D:\Final Sem Project\KidneyStoneAI\datasets\raw\classification\ct-kidney\Normal\Normal- (1422).jpg,Normal,0
D:\Final Sem Project\KidneyStoneAI\datasets\raw\classification\ct-kidney\Normal\Normal- (1767).jpg,Normal,0
D:\Final Sem Project\KidneyStoneAI\datasets\raw\classification\ct-kidney\Normal\Normal- (2836).jpg,Normal,0
D:\Final Sem Project\KidneyStoneAI\datasets\raw\classification\ct-kidney\Normal\Normal- (302).jpg,Normal,0
D:\Final Sem Project\KidneyStoneAI\datasets\raw\classification\ct-kidney\Stone\Stone- (476).jpg,Stone,1
D:\Final Sem Project\KidneyStoneAI\datasets\raw\classification\ct-kidney\Normal\Normal- (2053).jpg,Normal,0
D:\Final Sem Project\KidneyStoneAI\datasets\raw\classification\ct-kidney\Normal\Normal- (862).jpg,Normal,0
D:\Final Sem Project\KidneyStoneAI\datasets\raw\classification\ct-kidney\Normal\Normal- (1137).jpg,Normal,0
D:\Final Sem Project\KidneyStoneAI\datasets\raw\classification\ct-kidney\Stone\Stone- (1344).jpg,Stone,1
D:\Final Sem Project\KidneyStoneAI\datasets\raw\classification\ct-kidney\Normal\Normal- (637).jpg,Normal,0
D:\Final Sem Project\KidneyStoneAI\datasets\raw\classification\ct-kidney\Normal\Normal- (342).jpg,Normal,0
D:\Final Sem Project\KidneyStoneAI\datasets\raw\classification\ct-kidney\Stone\Stone- (1024).jpg,Stone,1
D:\Final Sem Project\KidneyStoneAI\datasets\raw\classification\ct-kidney\Normal\Normal- (514).jpg,Normal,0
D:\Final Sem Project\KidneyStoneAI\datasets\raw\classification\ct-kidney\Normal\Normal- (2691).jpg,Normal,0
D:\Final Sem Project\KidneyStoneAI\datasets\raw\classification\ct-kidney\Normal\Normal- (2016).jpg,Normal,0
D:\Final Sem Project\KidneyStoneAI\datasets\raw\classification\ct-kidney\Normal\Normal- (977).jpg,Normal,0
D:\Final Sem Project\KidneyStoneAI\datasets\raw\classification\ct-kidney\Normal\Normal- (1643).jpg,Normal,0
D:\Final Sem Project\KidneyStoneAI\datasets\raw\classification\ct-kidney\Normal\Normal- (1950).jpg,Normal,0
D:\Final Sem Project\KidneyStoneAI\datasets\raw\classification\ct-kidney\Normal\Normal- (2300).jpg,Normal,0
D:\Final Sem Project\KidneyStoneAI\datasets\raw\classification\ct-kidney\Normal\Normal- (1013).jpg,Normal,0
D:\Final Sem Project\KidneyStoneAI\datasets\raw\classification\ct-kidney\Normal\Normal- (997).jpg,Normal,0
D:\Final Sem Project\KidneyStoneAI\datasets\raw\classification\ct-kidney\Normal\Normal- (2897).jpg,Normal,0
D:\Final Sem Project\KidneyStoneAI\datasets\raw\classification\ct-kidney\Stone\Stone- (867).jpg,Stone,1
D:\Final Sem Project\KidneyStoneAI\datasets\raw\classification\ct-kidney\Normal\Normal- (1160).jpg,Normal,0
D:\Final Sem Project\KidneyStoneAI\datasets\raw\classification\ct-kidney\Stone\Stone- (10).jpg,Stone,1
D:\Final Sem Project\KidneyStoneAI\datasets\raw\classification\ct-kidney\Normal\Normal- (593).jpg,Normal,0
D:\Final Sem Project\KidneyStoneAI\datasets\raw\classification\ct-kidney\Normal\Normal- (4121).jpg,Normal,0
D:\Final Sem Project\KidneyStoneAI\datasets\raw\classification\ct-kidney\Normal\Normal- (4035).jpg,Normal,0
D:\Final Sem Project\KidneyStoneAI\datasets\raw\classification\ct-kidney\Stone\Stone- (64).jpg,Stone,1
D:\Final Sem Project\KidneyStoneAI\datasets\raw\classification\ct-kidney\Stone\Stone- (1237).jpg,Stone,1
D:\Final Sem Project\KidneyStoneAI\datasets\raw\classification\ct-kidney\Stone\Stone- (792).jpg,Stone,1
D:\Final Sem Project\KidneyStoneAI\datasets\raw\classification\ct-kidney\Normal\Normal- (259).jpg,Normal,0
D:\Final Sem Project\KidneyStoneAI\datasets\raw\classification\ct-kidney\Normal\Normal- (4298).jpg,Normal,0
D:\Final Sem Project\KidneyStoneAI\datasets\raw\classification\ct-kidney\Normal\Normal- (4897).jpg,Normal,0
D:\Final Sem Project\KidneyStoneAI\datasets\raw\classification\ct-kidney\Normal\Normal- (114).jpg,Normal,0
D:\Final Sem Project\KidneyStoneAI\datasets\raw\classification\ct-kidney\Normal\Normal- (4799).jpg,Normal,0
D:\Final Sem Project\KidneyStoneAI\datasets\raw\classification\ct-kidney\Normal\Normal- (2483).jpg,Normal,0
D:\Final Sem Project\KidneyStoneAI\datasets\raw\classification\ct-kidney\Normal\Normal- (2451).jpg,Normal,0
D:\Final Sem Project\KidneyStoneAI\datasets\raw\classification\ct-kidney\Normal\Normal- (4379).jpg,Normal,0
D:\Final Sem Project\KidneyStoneAI\datasets\raw\classification\ct-kidney\Normal\Normal- (1449).jpg,Normal,0
D:\Final Sem Project\KidneyStoneAI\datasets\raw\classification\ct-kidney\Normal\Normal- (44).jpg,Normal,0
D:\Final Sem Project\KidneyStoneAI\datasets\raw\classification\ct-kidney\Normal\Normal- (4974).jpg,Normal,0
D:\Final Sem Project\KidneyStoneAI\datasets\raw\classification\ct-kidney\Normal\Normal- (915).jpg,Normal,0
D:\Final Sem Project\KidneyStoneAI\datasets\raw\classification\ct-kidney\Normal\Normal- (3017).jpg,Normal,0
D:\Final Sem Project\KidneyStoneAI\datasets\raw\classification\ct-kidney\Normal\Normal- (3941).jpg,Normal,0
D:\Final Sem Project\KidneyStoneAI\datasets\raw\classification\ct-kidney\Normal\Normal- (2117).jpg,Normal,0
D:\Final Sem Project\KidneyStoneAI\datasets\raw\classification\ct-kidney\Normal\Normal- (954).jpg,Normal,0
D:\Final Sem Project\KidneyStoneAI\datasets\raw\classification\ct-kidney\Normal\Normal- (2022).jpg,Normal,0
D:\Final Sem Project\KidneyStoneAI\datasets\raw\classification\ct-kidney\Normal\Normal- (1026).jpg,Normal,0
D:\Final Sem Project\KidneyStoneAI\datasets\raw\classification\ct-kidney\Normal\Normal- (2344).jpg,Normal,0
D:\Final Sem Project\KidneyStoneAI\datasets\raw\classification\ct-kidney\Normal\Normal- (4983).jpg,Normal,0
D:\Final Sem Project\KidneyStoneAI\datasets\raw\classification\ct-kidney\Stone\Stone- (1370).jpg,Stone,1
D:\Final Sem Project\KidneyStoneAI\datasets\raw\classification\ct-kidney\Normal\Normal- (4828).jpg,Normal,0
D:\Final Sem Project\KidneyStoneAI\datasets\raw\classification\ct-kidney\Normal\Normal- (4527).jpg,Normal,0
D:\Final Sem Project\KidneyStoneAI\datasets\raw\classification\ct-kidney\Normal\Normal- (173).jpg,Normal,0
D:\Final Sem Project\KidneyStoneAI\datasets\raw\classification\ct-kidney\Normal\Normal- (2369).jpg,Normal,0
D:\Final Sem Project\KidneyStoneAI\datasets\raw\classification\ct-kidney\Stone\Stone- (265).jpg,Stone,1
D:\Final Sem Project\KidneyStoneAI\datasets\raw\classification\ct-kidney\Normal\Normal- (4556).jpg,Normal,0
D:\Final Sem Project\KidneyStoneAI\datasets\raw\classification\ct-kidney\Normal\Normal- (4187).jpg,Normal,0
D:\Final Sem Project\KidneyStoneAI\datasets\raw\classification\ct-kidney\Normal\Normal- (2972).jpg,Normal,0
D:\Final Sem Project\KidneyStoneAI\datasets\raw\classification\ct-kidney\Normal\Normal- (1957).jpg,Normal,0
D:\Final Sem Project\KidneyStoneAI\datasets\raw\classification\ct-kidney\Normal\Normal- (225).jpg,Normal,0
D:\Final Sem Project\KidneyStoneAI\datasets\raw\classification\ct-kidney\Normal\Normal- (2990).jpg,Normal,0
D:\Final Sem Project\KidneyStoneAI\datasets\raw\classification\ct-kidney\Normal\Normal- (2295).jpg,Normal,0
D:\Final Sem Project\KidneyStoneAI\datasets\raw\classification\ct-kidney\Normal\Normal- (3109).jpg,Normal,0
D:\Final Sem Project\KidneyStoneAI\datasets\raw\classification\ct-kidney\Normal\Normal- (4042).jpg,Normal,0
D:\Final Sem Project\KidneyStoneAI\datasets\raw\classification\ct-kidney\Normal\Normal- (2354).jpg,Normal,0
D:\Final Sem Project\KidneyStoneAI\datasets\raw\classification\ct-kidney\Normal\Normal- (2641).jpg,Normal,0
D:\Final Sem Project\KidneyStoneAI\datasets\raw\classification\ct-kidney\Stone\Stone- (904).jpg,Stone,1
D:\Final Sem Project\KidneyStoneAI\datasets\raw\classification\ct-kidney\Normal\Normal- (989).jpg,Normal,0
D:\Final Sem Project\KidneyStoneAI\datasets\raw\classification\ct-kidney\Normal\Normal- (2971).jpg,Normal,0
D:\Final Sem Project\KidneyStoneAI\datasets\raw\classification\ct-kidney\Normal\Normal- (4243).jpg,Normal,0
D:\Final Sem Project\KidneyStoneAI\datasets\raw\classification\ct-kidney\Stone\Stone- (545).jpg,Stone,1
D:\Final Sem Project\KidneyStoneAI\datasets\raw\classification\ct-kidney\Stone\Stone- (1007).jpg,Stone,1
D:\Final Sem Project\KidneyStoneAI\datasets\raw\classification\ct-kidney\Stone\Stone- (1321).jpg,Stone,1
D:\Final Sem Project\KidneyStoneAI\datasets\raw\classification\ct-kidney\Normal\Normal- (950).jpg,Normal,0
D:\Final Sem Project\KidneyStoneAI\datasets\raw\classification\ct-kidney\Normal\Normal- (1479).jpg,Normal,0
D:\Final Sem Project\KidneyStoneAI\datasets\raw\classification\ct-kidney\Stone\Stone- (801).jpg,Stone,1
D:\Final Sem Project\KidneyStoneAI\datasets\raw\classification\ct-kidney\Normal\Normal- (4076).jpg,Normal,0
D:\Final Sem Project\KidneyStoneAI\datasets\raw\classification\ct-kidney\Normal\Normal- (4357).jpg,Normal,0
D:\Final Sem Project\KidneyStoneAI\datasets\raw\classification\ct-kidney\Normal\Normal- (1308).jpg,Normal,0
D:\Final Sem Project\KidneyStoneAI\datasets\raw\classification\ct-kidney\Normal\Normal- (2936).jpg,Normal,0
D:\Final Sem Project\KidneyStoneAI\datasets\raw\classification\ct-kidney\Normal\Normal- (1380).jpg,Normal,0
D:\Final Sem Project\KidneyStoneAI\datasets\raw\classification\ct-kidney\Normal\Normal- (3496).jpg,Normal,0
D:\Final Sem Project\KidneyStoneAI\datasets\raw\classification\ct-kidney\Normal\Normal- (2932).jpg,Normal,0
D:\Final Sem Project\KidneyStoneAI\datasets\raw\classification\ct-kidney\Normal\Normal- (139).jpg,Normal,0
D:\Final Sem Project\KidneyStoneAI\datasets\raw\classification\ct-kidney\Normal\Normal- (4752).jpg,Normal,0
D:\Final Sem Project\KidneyStoneAI\datasets\raw\classification\ct-kidney\Normal\Normal- (315).jpg,Normal,0
D:\Final Sem Project\KidneyStoneAI\datasets\raw\classification\ct-kidney\Stone\Stone- (394).jpg,Stone,1
D:\Final Sem Project\KidneyStoneAI\datasets\raw\classification\ct-kidney\Normal\Normal- (4921).jpg,Normal,0
D:\Final Sem Project\KidneyStoneAI\datasets\raw\classification\ct-kidney\Normal\Normal- (3878).jpg,Normal,0
D:\Final Sem Project\KidneyStoneAI\datasets\raw\classification\ct-kidney\Normal\Normal- (2546).jpg,Normal,0
D:\Final Sem Project\KidneyStoneAI\datasets\raw\classification\ct-kidney\Normal\Normal- (316).jpg,Normal,0
D:\Final Sem Project\KidneyStoneAI\datasets\raw\classification\ct-kidney\Normal\Normal- (789).jpg,Normal,0
D:\Final Sem Project\KidneyStoneAI\datasets\raw\classification\ct-kidney\Normal\Normal- (4164).jpg,Normal,0
D:\Final Sem Project\KidneyStoneAI\datasets\raw\classification\ct-kidney\Normal\Normal- (3247).jpg,Normal,0
D:\Final Sem Project\KidneyStoneAI\datasets\raw\classification\ct-kidney\Normal\Normal- (1528).jpg,Normal,0
D:\Final Sem Project\KidneyStoneAI\datasets\raw\classification\ct-kidney\Normal\Normal- (1169).jpg,Normal,0
D:\Final Sem Project\KidneyStoneAI\datasets\raw\classification\ct-kidney\Stone\Stone- (469).jpg,Stone,1
D:\Final Sem Project\KidneyStoneAI\datasets\raw\classification\ct-kidney\Stone\Stone- (172).jpg,Stone,1
D:\Final Sem Project\KidneyStoneAI\datasets\raw\classification\ct-kidney\Stone\Stone- (355).jpg,Stone,1
D:\Final Sem Project\KidneyStoneAI\datasets\raw\classification\ct-kidney\Normal\Normal- (470).jpg,Normal,0
D:\Final Sem Project\KidneyStoneAI\datasets\raw\classification\ct-kidney\Normal\Normal- (1961).jpg,Normal,0
D:\Final Sem Project\KidneyStoneAI\datasets\raw\classification\ct-kidney\Normal\Normal- (851).jpg,Normal,0
D:\Final Sem Project\KidneyStoneAI\datasets\raw\classification\ct-kidney\Normal\Normal- (4198).jpg,Normal,0
D:\Final Sem Project\KidneyStoneAI\datasets\raw\classification\ct-kidney\Normal\Normal- (2218).jpg,Normal,0
D:\Final Sem Project\KidneyStoneAI\datasets\raw\classification\ct-kidney\Normal\Normal- (4219).jpg,Normal,0
D:\Final Sem Project\KidneyStoneAI\datasets\raw\classification\ct-kidney\Normal\Normal- (4136).jpg,Normal,0
D:\Final Sem Project\KidneyStoneAI\datasets\raw\classification\ct-kidney\Stone\Stone- (1268).jpg,Stone,1
D:\Final Sem Project\KidneyStoneAI\datasets\raw\classification\ct-kidney\Normal\Normal- (925).jpg,Normal,0
D:\Final Sem Project\KidneyStoneAI\datasets\raw\classification\ct-kidney\Normal\Normal- (4885).jpg,Normal,0
D:\Final Sem Project\KidneyStoneAI\datasets\raw\classification\ct-kidney\Normal\Normal- (2825).jpg,Normal,0
D:\Final Sem Project\KidneyStoneAI\datasets\raw\classification\ct-kidney\Stone\Stone- (346).jpg,Stone,1
D:\Final Sem Project\KidneyStoneAI\datasets\raw\classification\ct-kidney\Normal\Normal- (4044).jpg,Normal,0
D:\Final Sem Project\KidneyStoneAI\datasets\raw\classification\ct-kidney\Normal\Normal- (2108).jpg,Normal,0
D:\Final Sem Project\KidneyStoneAI\datasets\raw\classification\ct-kidney\Normal\Normal- (1387).jpg,Normal,0
D:\Final Sem Project\KidneyStoneAI\datasets\raw\classification\ct-kidney\Normal\Normal- (3463).jpg,Normal,0
D:\Final Sem Project\KidneyStoneAI\datasets\raw\classification\ct-kidney\Normal\Normal- (419).jpg,Normal,0
D:\Final Sem Project\KidneyStoneAI\datasets\raw\classification\ct-kidney\Normal\Normal- (3133).jpg,Normal,0
D:\Final Sem Project\KidneyStoneAI\datasets\raw\classification\ct-kidney\Normal\Normal- (821).jpg,Normal,0
D:\Final Sem Project\KidneyStoneAI\datasets\raw\classification\ct-kidney\Normal\Normal- (800).jpg,Normal,0
D:\Final Sem Project\KidneyStoneAI\datasets\raw\classification\ct-kidney\Normal\Normal- (4146).jpg,Normal,0
D:\Final Sem Project\KidneyStoneAI\datasets\raw\classification\ct-kidney\Normal\Normal- (1383).jpg,Normal,0
D:\Final Sem Project\KidneyStoneAI\datasets\raw\classification\ct-kidney\Normal\Normal- (329).jpg,Normal,0
D:\Final Sem Project\KidneyStoneAI\datasets\raw\classification\ct-kidney\Normal\Normal- (1832).jpg,Normal,0
D:\Final Sem Project\KidneyStoneAI\datasets\raw\classification\ct-kidney\Normal\Normal- (4667).jpg,Normal,0
D:\Final Sem Project\KidneyStoneAI\datasets\raw\classification\ct-kidney\Normal\Normal- (3).jpg,Normal,0
D:\Final Sem Project\KidneyStoneAI\datasets\raw\classification\ct-kidney\Stone\Stone- (961).jpg,Stone,1
D:\Final Sem Project\KidneyStoneAI\datasets\raw\classification\ct-kidney\Normal\Normal- (2099).jpg,Normal,0
D:\Final Sem Project\KidneyStoneAI\datasets\raw\classification\ct-kidney\Normal\Normal- (190).jpg,Normal,0
D:\Final Sem Project\KidneyStoneAI\datasets\raw\classification\ct-kidney\Normal\Normal- (4377).jpg,Normal,0
D:\Final Sem Project\KidneyStoneAI\datasets\raw\classification\ct-kidney\Normal\Normal- (936).jpg,Normal,0
D:\Final Sem Project\KidneyStoneAI\datasets\raw\classification\ct-kidney\Stone\Stone- (363).jpg,Stone,1
D:\Final Sem Project\KidneyStoneAI\datasets\raw\classification\ct-kidney\Stone\Stone- (1168).jpg,Stone,1
D:\Final Sem Project\KidneyStoneAI\datasets\raw\classification\ct-kidney\Normal\Normal- (2565).jpg,Normal,0
D:\Final Sem Project\KidneyStoneAI\datasets\raw\classification\ct-kidney\Normal\Normal- (3334).jpg,Normal,0
D:\Final Sem Project\KidneyStoneAI\datasets\raw\classification\ct-kidney\Normal\Normal- (710).jpg,Normal,0
D:\Final Sem Project\KidneyStoneAI\datasets\raw\classification\ct-kidney\Normal\Normal- (3064).jpg,Normal,0
D:\Final Sem Project\KidneyStoneAI\datasets\raw\classification\ct-kidney\Normal\Normal- (3243).jpg,Normal,0
D:\Final Sem Project\KidneyStoneAI\datasets\raw\classification\ct-kidney\Normal\Normal- (1125).jpg,Normal,0
D:\Final Sem Project\KidneyStoneAI\datasets\raw\classification\ct-kidney\Stone\Stone- (725).jpg,Stone,1
D:\Final Sem Project\KidneyStoneAI\datasets\raw\classification\ct-kidney\Normal\Normal- (4938).jpg,Normal,0
D:\Final Sem Project\KidneyStoneAI\datasets\raw\classification\ct-kidney\Normal\Normal- (840).jpg,Normal,0
D:\Final Sem Project\KidneyStoneAI\datasets\raw\classification\ct-kidney\Normal\Normal- (2715).jpg,Normal,0
D:\Final Sem Project\KidneyStoneAI\datasets\raw\classification\ct-kidney\Normal\Normal- (4297).jpg,Normal,0
D:\Final Sem Project\KidneyStoneAI\datasets\raw\classification\ct-kidney\Normal\Normal- (3439).jpg,Normal,0
D:\Final Sem Project\KidneyStoneAI\datasets\raw\classification\ct-kidney\Normal\Normal- (1947).jpg,Normal,0
D:\Final Sem Project\KidneyStoneAI\datasets\raw\classification\ct-kidney\Normal\Normal- (978).jpg,Normal,0
D:\Final Sem Project\KidneyStoneAI\datasets\raw\classification\ct-kidney\Normal\Normal- (309).jpg,Normal,0
D:\Final Sem Project\KidneyStoneAI\datasets\raw\classification\ct-kidney\Normal\Normal- (48).jpg,Normal,0
D:\Final Sem Project\KidneyStoneAI\datasets\raw\classification\ct-kidney\Normal\Normal- (1058).jpg,Normal,0
D:\Final Sem Project\KidneyStoneAI\datasets\raw\classification\ct-kidney\Normal\Normal- (2845).jpg,Normal,0
D:\Final Sem Project\KidneyStoneAI\datasets\raw\classification\ct-kidney\Normal\Normal- (5068).jpg,Normal,0
D:\Final Sem Project\KidneyStoneAI\datasets\raw\classification\ct-kidney\Normal\Normal- (4806).jpg,Normal,0
D:\Final Sem Project\KidneyStoneAI\datasets\raw\classification\ct-kidney\Normal\Normal- (188).jpg,Normal,0
D:\Final Sem Project\KidneyStoneAI\datasets\raw\classification\ct-kidney\Normal\Normal- (873).jpg,Normal,0
D:\Final Sem Project\KidneyStoneAI\datasets\raw\classification\ct-kidney\Normal\Normal- (3092).jpg,Normal,0
D:\Final Sem Project\KidneyStoneAI\datasets\raw\classification\ct-kidney\Stone\Stone- (1029).jpg,Stone,1
D:\Final Sem Project\KidneyStoneAI\datasets\raw\classification\ct-kidney\Normal\Normal- (2688).jpg,Normal,0
D:\Final Sem Project\KidneyStoneAI\datasets\raw\classification\ct-kidney\Normal\Normal- (3228).jpg,Normal,0
D:\Final Sem Project\KidneyStoneAI\datasets\raw\classification\ct-kidney\Normal\Normal- (1840).jpg,Normal,0
D:\Final Sem Project\KidneyStoneAI\datasets\raw\classification\ct-kidney\Normal\Normal- (4452).jpg,Normal,0
D:\Final Sem Project\KidneyStoneAI\datasets\raw\classification\ct-kidney\Normal\Normal- (151).jpg,Normal,0
D:\Final Sem Project\KidneyStoneAI\datasets\raw\classification\ct-kidney\Normal\Normal- (904).jpg,Normal,0
D:\Final Sem Project\KidneyStoneAI\datasets\raw\classification\ct-kidney\Normal\Normal- (628).jpg,Normal,0
D:\Final Sem Project\KidneyStoneAI\datasets\raw\classification\ct-kidney\Normal\Normal- (4588).jpg,Normal,0
D:\Final Sem Project\KidneyStoneAI\datasets\raw\classification\ct-kidney\Stone\Stone- (478).jpg,Stone,1
D:\Final Sem Project\KidneyStoneAI\datasets\raw\classification\ct-kidney\Normal\Normal- (4655).jpg,Normal,0
D:\Final Sem Project\KidneyStoneAI\datasets\raw\classification\ct-kidney\Normal\Normal- (2740).jpg,Normal,0
D:\Final Sem Project\KidneyStoneAI\datasets\raw\classification\ct-kidney\Stone\Stone- (101).jpg,Stone,1
D:\Final Sem Project\KidneyStoneAI\datasets\raw\classification\ct-kidney\Normal\Normal- (3524).jpg,Normal,0
D:\Final Sem Project\KidneyStoneAI\datasets\raw\classification\ct-kidney\Normal\Normal- (744).jpg,Normal,0
D:\Final Sem Project\KidneyStoneAI\datasets\raw\classification\ct-kidney\Normal\Normal- (2737).jpg,Normal,0
D:\Final Sem Project\KidneyStoneAI\datasets\raw\classification\ct-kidney\Normal\Normal- (2439).jpg,Normal,0
D:\Final Sem Project\KidneyStoneAI\datasets\raw\classification\ct-kidney\Stone\Stone- (1056).jpg,Stone,1
D:\Final Sem Project\KidneyStoneAI\datasets\raw\classification\ct-kidney\Stone\Stone- (76).jpg,Stone,1
D:\Final Sem Project\KidneyStoneAI\datasets\raw\classification\ct-kidney\Normal\Normal- (4026).jpg,Normal,0
D:\Final Sem Project\KidneyStoneAI\datasets\raw\classification\ct-kidney\Stone\Stone- (848).jpg,Stone,1
D:\Final Sem Project\KidneyStoneAI\datasets\raw\classification\ct-kidney\Normal\Normal- (4510).jpg,Normal,0
D:\Final Sem Project\KidneyStoneAI\datasets\raw\classification\ct-kidney\Stone\Stone- (1197).jpg,Stone,1
D:\Final Sem Project\KidneyStoneAI\datasets\raw\classification\ct-kidney\Normal\Normal- (4109).jpg,Normal,0
D:\Final Sem Project\KidneyStoneAI\datasets\raw\classification\ct-kidney\Normal\Normal- (3360).jpg,Normal,0
D:\Final Sem Project\KidneyStoneAI\datasets\raw\classification\ct-kidney\Normal\Normal- (1246).jpg,Normal,0
D:\Final Sem Project\KidneyStoneAI\datasets\raw\classification\ct-kidney\Stone\Stone- (32).jpg,Stone,1
D:\Final Sem Project\KidneyStoneAI\datasets\raw\classification\ct-kidney\Normal\Normal- (1470).jpg,Normal,0
D:\Final Sem Project\KidneyStoneAI\datasets\raw\classification\ct-kidney\Normal\Normal- (1243).jpg,Normal,0
D:\Final Sem Project\KidneyStoneAI\datasets\raw\classification\ct-kidney\Normal\Normal- (3244).jpg,Normal,0
D:\Final Sem Project\KidneyStoneAI\datasets\raw\classification\ct-kidney\Normal\Normal- (1505).jpg,Normal,0
D:\Final Sem Project\KidneyStoneAI\datasets\raw\classification\ct-kidney\Normal\Normal- (134).jpg,Normal,0
D:\Final Sem Project\KidneyStoneAI\datasets\raw\classification\ct-kidney\Normal\Normal- (5074).jpg,Normal,0
D:\Final Sem Project\KidneyStoneAI\datasets\raw\classification\ct-kidney\Stone\Stone- (573).jpg,Stone,1
D:\Final Sem Project\KidneyStoneAI\datasets\raw\classification\ct-kidney\Stone\Stone- (1376).jpg,Stone,1
D:\Final Sem Project\KidneyStoneAI\datasets\raw\classification\ct-kidney\Normal\Normal- (1613).jpg,Normal,0
D:\Final Sem Project\KidneyStoneAI\datasets\raw\classification\ct-kidney\Normal\Normal- (1411).jpg,Normal,0
D:\Final Sem Project\KidneyStoneAI\datasets\raw\classification\ct-kidney\Normal\Normal- (2046).jpg,Normal,0
D:\Final Sem Project\KidneyStoneAI\datasets\raw\classification\ct-kidney\Normal\Normal- (485).jpg,Normal,0
D:\Final Sem Project\KidneyStoneAI\datasets\raw\classification\ct-kidney\Normal\Normal- (508).jpg,Normal,0
D:\Final Sem Project\KidneyStoneAI\datasets\raw\classification\ct-kidney\Normal\Normal- (698).jpg,Normal,0
